-- MySQL database dump
-- Generated on 2025-05-01 01:44:08
-- Database: vj_airline

-- Tables will be processed in the following order (based on foreign key dependencies):
-- 1. addon_type
-- 2. addons
-- 3. aircraft_model
-- 4. airlines
-- 5. aircraft
-- 6. countries
-- 7. provinces
-- 8. airports
-- 9. passengers
-- 10. routes
-- 11. flight_status
-- 12. flights
-- 13. roles
-- 14. users
-- 15. promo_codes
-- 16. booking_status
-- 17. bookings
-- 18. fare_classes
-- 19. seat_reservations
-- 20. booking_details
-- 21. booking_addons
-- 22. booking_payments
-- 23. flight_fare_availability


-- INSERT statements for table: addon_type

INSERT INTO `addon_type` (`created_date`, `id`, `modified_date`, `addon_name`, `created_by`, `modified_by`, `addon_code`) VALUES ('2025-05-01 01:06:47.716207', 1, '2025-05-01 01:06:47.716207', 'Hành lý', NULL, NULL, 'LUGGAGE');
INSERT INTO `addon_type` (`created_date`, `id`, `modified_date`, `addon_name`, `created_by`, `modified_by`, `addon_code`) VALUES ('2025-05-01 01:06:47.722284', 2, '2025-05-01 01:06:47.722284', 'Bữa ăn', NULL, NULL, 'MEAL');
INSERT INTO `addon_type` (`created_date`, `id`, `modified_date`, `addon_name`, `created_by`, `modified_by`, `addon_code`) VALUES ('2025-05-01 01:06:47.725069', 3, '2025-05-01 01:06:47.725069', 'Bảo hiểm', NULL, NULL, 'INSURANCE');
INSERT INTO `addon_type` (`created_date`, `id`, `modified_date`, `addon_name`, `created_by`, `modified_by`, `addon_code`) VALUES ('2025-05-01 01:06:47.727794', 4, '2025-05-01 01:06:47.727794', 'Nước uống', NULL, NULL, 'DRINK');
INSERT INTO `addon_type` (`created_date`, `id`, `modified_date`, `addon_name`, `created_by`, `modified_by`, `addon_code`) VALUES ('2025-05-01 01:06:47.730563', 5, '2025-05-01 01:06:47.730563', 'Khác', NULL, NULL, 'OTHER');

-- INSERT statements for table: addons

INSERT INTO `addons` (`is_active`, `is_free`, `max_quantity`, `price`, `addon_type_id`, `created_date`, `id`, `modified_date`, `created_by`, `description`, `img_url`, `modified_by`, `name`, `currency`) VALUES (1, 0, 1, '30000.00', 4, '2025-05-01 01:06:48.224251', 1, '2025-05-01 01:06:48.224251', NULL, NULL, 'https://res.cloudinary.com/dfjqteia2/image/upload/v1744313692/pkvbu2trv1ptl7vfhmsh.jpg', NULL, 'Nước suối', 'VND');
INSERT INTO `addons` (`is_active`, `is_free`, `max_quantity`, `price`, `addon_type_id`, `created_date`, `id`, `modified_date`, `created_by`, `description`, `img_url`, `modified_by`, `name`, `currency`) VALUES (1, 0, 1, '30000.00', 4, '2025-05-01 01:06:48.231697', 2, '2025-05-01 01:06:48.231697', NULL, NULL, 'https://res.cloudinary.com/dfjqteia2/image/upload/v1744313693/l65lkgqcs5wws9k8jl8e.jpg', NULL, 'Sữa tươi (có đường)', 'VND');
INSERT INTO `addons` (`is_active`, `is_free`, `max_quantity`, `price`, `addon_type_id`, `created_date`, `id`, `modified_date`, `created_by`, `description`, `img_url`, `modified_by`, `name`, `currency`) VALUES (1, 0, 1, '30000.00', 4, '2025-05-01 01:06:48.235066', 3, '2025-05-01 01:06:48.235066', NULL, NULL, 'https://res.cloudinary.com/dfjqteia2/image/upload/v1744313694/edcc8tunznpvuel3gyzt.jpg', NULL, 'Trà đen', 'VND');
INSERT INTO `addons` (`is_active`, `is_free`, `max_quantity`, `price`, `addon_type_id`, `created_date`, `id`, `modified_date`, `created_by`, `description`, `img_url`, `modified_by`, `name`, `currency`) VALUES (1, 0, 1, '30000.00', 4, '2025-05-01 01:06:48.237789', 4, '2025-05-01 01:06:48.237789', NULL, NULL, 'https://res.cloudinary.com/dfjqteia2/image/upload/v1744313695/eko1fcjdt6zwkqm3rutf.jpg', NULL, 'Trà gừng', 'VND');
INSERT INTO `addons` (`is_active`, `is_free`, `max_quantity`, `price`, `addon_type_id`, `created_date`, `id`, `modified_date`, `created_by`, `description`, `img_url`, `modified_by`, `name`, `currency`) VALUES (1, 0, 1, '30000.00', 4, '2025-05-01 01:06:48.241109', 5, '2025-05-01 01:06:48.241109', NULL, NULL, 'https://res.cloudinary.com/dfjqteia2/image/upload/v1744313696/p69xddnuxctz5wut1hai.jpg', NULL, 'Trà xanh', 'VND');
INSERT INTO `addons` (`is_active`, `is_free`, `max_quantity`, `price`, `addon_type_id`, `created_date`, `id`, `modified_date`, `created_by`, `description`, `img_url`, `modified_by`, `name`, `currency`) VALUES (1, 0, 1, '50000.00', 4, '2025-05-01 01:06:48.244420', 6, '2025-05-01 01:06:48.244420', NULL, NULL, 'https://res.cloudinary.com/dfjqteia2/image/upload/v1744313696/b6liw4otuhvoveqqcdax.jpg', NULL, 'Milo dầm', 'VND');
INSERT INTO `addons` (`is_active`, `is_free`, `max_quantity`, `price`, `addon_type_id`, `created_date`, `id`, `modified_date`, `created_by`, `description`, `img_url`, `modified_by`, `name`, `currency`) VALUES (1, 0, 1, '50000.00', 4, '2025-05-01 01:06:48.247736', 7, '2025-05-01 01:06:48.247736', NULL, NULL, 'https://res.cloudinary.com/dfjqteia2/image/upload/v1744313697/h3l9adfctfcbf5tcrhy9.jpg', NULL, 'Trà sữa trân châu', 'VND');
INSERT INTO `addons` (`is_active`, `is_free`, `max_quantity`, `price`, `addon_type_id`, `created_date`, `id`, `modified_date`, `created_by`, `description`, `img_url`, `modified_by`, `name`, `currency`) VALUES (1, 0, 1, '35000.00', 4, '2025-05-01 01:06:48.250567', 8, '2025-05-01 01:06:48.250567', NULL, NULL, 'https://res.cloudinary.com/dfjqteia2/image/upload/v1744313698/hdkbpp2jbbzgmnp5nw9e.jpg', NULL, 'Cacao uống liền', 'VND');
INSERT INTO `addons` (`is_active`, `is_free`, `max_quantity`, `price`, `addon_type_id`, `created_date`, `id`, `modified_date`, `created_by`, `description`, `img_url`, `modified_by`, `name`, `currency`) VALUES (1, 0, 1, '35000.00', 4, '2025-05-01 01:06:48.253860', 9, '2025-05-01 01:06:48.253860', NULL, NULL, 'https://res.cloudinary.com/dfjqteia2/image/upload/v1744313699/kccytglth23j9wozsryr.jpg', NULL, 'Cà phê không đường', 'VND');
INSERT INTO `addons` (`is_active`, `is_free`, `max_quantity`, `price`, `addon_type_id`, `created_date`, `id`, `modified_date`, `created_by`, `description`, `img_url`, `modified_by`, `name`, `currency`) VALUES (1, 0, 1, '35000.00', 4, '2025-05-01 01:06:48.257712', 10, '2025-05-01 01:06:48.257712', NULL, NULL, 'https://res.cloudinary.com/dfjqteia2/image/upload/v1744313699/qp1xnyoutxggdho6zgx5.jpg', NULL, 'Cà phê đen', 'VND');
INSERT INTO `addons` (`is_active`, `is_free`, `max_quantity`, `price`, `addon_type_id`, `created_date`, `id`, `modified_date`, `created_by`, `description`, `img_url`, `modified_by`, `name`, `currency`) VALUES (1, 0, 1, '35000.00', 4, '2025-05-01 01:06:48.261618', 11, '2025-05-01 01:06:48.261618', NULL, NULL, 'https://res.cloudinary.com/dfjqteia2/image/upload/v1744313700/xba4fmzgnhgcoje2vs4v.jpg', NULL, 'Cà phê sữa', 'VND');
INSERT INTO `addons` (`is_active`, `is_free`, `max_quantity`, `price`, `addon_type_id`, `created_date`, `id`, `modified_date`, `created_by`, `description`, `img_url`, `modified_by`, `name`, `currency`) VALUES (1, 0, 1, '150000.00', 4, '2025-05-01 01:06:48.264713', 12, '2025-05-01 01:06:48.264713', NULL, NULL, 'https://res.cloudinary.com/dfjqteia2/image/upload/v1744313701/alnicgq2tofane5rbv7c.jpg', NULL, 'Rượu vang đỏ', 'VND');
INSERT INTO `addons` (`is_active`, `is_free`, `max_quantity`, `price`, `addon_type_id`, `created_date`, `id`, `modified_date`, `created_by`, `description`, `img_url`, `modified_by`, `name`, `currency`) VALUES (1, 0, 1, '50000.00', 4, '2025-05-01 01:06:48.268108', 13, '2025-05-01 01:06:48.268108', NULL, NULL, 'https://res.cloudinary.com/dfjqteia2/image/upload/v1744313702/wkbzjtpwrnqykosyguxx.jpg', NULL, 'Bia', 'VND');
INSERT INTO `addons` (`is_active`, `is_free`, `max_quantity`, `price`, `addon_type_id`, `created_date`, `id`, `modified_date`, `created_by`, `description`, `img_url`, `modified_by`, `name`, `currency`) VALUES (1, 0, 1, '35000.00', 4, '2025-05-01 01:06:48.271426', 14, '2025-05-01 01:06:48.271426', NULL, NULL, 'https://res.cloudinary.com/dfjqteia2/image/upload/v1744313702/afgyzcixx3njpllzzo4x.jpg', NULL, 'Red Bull', 'VND');
INSERT INTO `addons` (`is_active`, `is_free`, `max_quantity`, `price`, `addon_type_id`, `created_date`, `id`, `modified_date`, `created_by`, `description`, `img_url`, `modified_by`, `name`, `currency`) VALUES (1, 0, 1, '35000.00', 4, '2025-05-01 01:06:48.275299', 15, '2025-05-01 01:06:48.275299', NULL, NULL, 'https://res.cloudinary.com/dfjqteia2/image/upload/v1744313703/gzvaoygnckeeetsb2l8l.jpg', NULL, 'Nước cam Teppy', 'VND');
INSERT INTO `addons` (`is_active`, `is_free`, `max_quantity`, `price`, `addon_type_id`, `created_date`, `id`, `modified_date`, `created_by`, `description`, `img_url`, `modified_by`, `name`, `currency`) VALUES (1, 0, 1, '35000.00', 4, '2025-05-01 01:06:48.278679', 16, '2025-05-01 01:06:48.278679', NULL, NULL, 'https://res.cloudinary.com/dfjqteia2/image/upload/v1744313704/d9ijshywynxxrcumy5br.jpg', NULL, 'Trà đào hạt chia', 'VND');
INSERT INTO `addons` (`is_active`, `is_free`, `max_quantity`, `price`, `addon_type_id`, `created_date`, `id`, `modified_date`, `created_by`, `description`, `img_url`, `modified_by`, `name`, `currency`) VALUES (1, 0, 1, '35000.00', 4, '2025-05-01 01:06:48.282185', 17, '2025-05-01 01:06:48.282185', NULL, NULL, 'https://res.cloudinary.com/dfjqteia2/image/upload/v1744313705/zh43a9djj7rpuhczl8pb.jpg', NULL, 'Sprite', 'VND');
INSERT INTO `addons` (`is_active`, `is_free`, `max_quantity`, `price`, `addon_type_id`, `created_date`, `id`, `modified_date`, `created_by`, `description`, `img_url`, `modified_by`, `name`, `currency`) VALUES (1, 0, 1, '35000.00', 4, '2025-05-01 01:06:48.284940', 18, '2025-05-01 01:06:48.284940', NULL, NULL, 'https://res.cloudinary.com/dfjqteia2/image/upload/v1744313706/yoymwdhajmfetxgi9s5m.jpg', NULL, 'Coca Cola Zero', 'VND');
INSERT INTO `addons` (`is_active`, `is_free`, `max_quantity`, `price`, `addon_type_id`, `created_date`, `id`, `modified_date`, `created_by`, `description`, `img_url`, `modified_by`, `name`, `currency`) VALUES (1, 0, 1, '35000.00', 4, '2025-05-01 01:06:48.288197', 19, '2025-05-01 01:06:48.288197', NULL, NULL, 'https://res.cloudinary.com/dfjqteia2/image/upload/v1744313706/opakbyqsu9tar6yle9rl.jpg', NULL, 'Coca Cola', 'VND');
INSERT INTO `addons` (`is_active`, `is_free`, `max_quantity`, `price`, `addon_type_id`, `created_date`, `id`, `modified_date`, `created_by`, `description`, `img_url`, `modified_by`, `name`, `currency`) VALUES (1, 0, 1, '30000.00', 4, '2025-05-01 01:06:48.292664', 20, '2025-05-01 01:06:48.292664', NULL, NULL, 'https://res.cloudinary.com/dfjqteia2/image/upload/v1744313707/iwtf3zwdrx67xngchx2q.jpg', NULL, 'Trà thanh giải', 'VND');
INSERT INTO `addons` (`is_active`, `is_free`, `max_quantity`, `price`, `addon_type_id`, `created_date`, `id`, `modified_date`, `created_by`, `description`, `img_url`, `modified_by`, `name`, `currency`) VALUES (1, 0, 2, '35000.00', 2, '2025-05-01 01:06:48.296061', 21, '2025-05-01 01:06:48.296061', NULL, NULL, 'https://res.cloudinary.com/dfjqteia2/image/upload/v1744313708/ajykwkothzjtq89d8z57.jpg', NULL, 'Hạt macca', 'VND');
INSERT INTO `addons` (`is_active`, `is_free`, `max_quantity`, `price`, `addon_type_id`, `created_date`, `id`, `modified_date`, `created_by`, `description`, `img_url`, `modified_by`, `name`, `currency`) VALUES (1, 1, 1, '60000.00', 2, '2025-05-01 01:06:48.299374', 22, '2025-05-01 01:06:48.299374', NULL, NULL, 'https://res.cloudinary.com/dfjqteia2/image/upload/v1744313708/u0ffam6ekmd4hmcqworz.jpg', NULL, 'Phở với thịt bò nguyên miếng', 'VND');
INSERT INTO `addons` (`is_active`, `is_free`, `max_quantity`, `price`, `addon_type_id`, `created_date`, `id`, `modified_date`, `created_by`, `description`, `img_url`, `modified_by`, `name`, `currency`) VALUES (1, 1, 1, '60000.00', 2, '2025-05-01 01:06:48.303777', 23, '2025-05-01 01:06:48.303777', NULL, NULL, 'https://res.cloudinary.com/dfjqteia2/image/upload/v1744313709/hwq7a8il0kayxjj60hf4.jpg', NULL, 'Miến gà hầm măng', 'VND');
INSERT INTO `addons` (`is_active`, `is_free`, `max_quantity`, `price`, `addon_type_id`, `created_date`, `id`, `modified_date`, `created_by`, `description`, `img_url`, `modified_by`, `name`, `currency`) VALUES (1, 1, 1, '35000.00', 2, '2025-05-01 01:06:48.309505', 24, '2025-05-01 01:06:48.309505', NULL, NULL, 'https://res.cloudinary.com/dfjqteia2/image/upload/v1744313710/icab9gveg1dgekcnbnyd.jpg', NULL, 'Cháo chay', 'VND');
INSERT INTO `addons` (`is_active`, `is_free`, `max_quantity`, `price`, `addon_type_id`, `created_date`, `id`, `modified_date`, `created_by`, `description`, `img_url`, `modified_by`, `name`, `currency`) VALUES (1, 1, 1, '35000.00', 2, '2025-05-01 01:06:48.313713', 25, '2025-05-01 01:06:48.313713', NULL, NULL, 'https://res.cloudinary.com/dfjqteia2/image/upload/v1744313711/ctauwyclezs1ytirvin1.jpg', NULL, 'Mì chay', 'VND');
INSERT INTO `addons` (`is_active`, `is_free`, `max_quantity`, `price`, `addon_type_id`, `created_date`, `id`, `modified_date`, `created_by`, `description`, `img_url`, `modified_by`, `name`, `currency`) VALUES (1, 0, 2, '15000.00', 2, '2025-05-01 01:06:48.316889', 26, '2025-05-01 01:06:48.316889', NULL, NULL, 'https://res.cloudinary.com/dfjqteia2/image/upload/v1744313712/sx26d78wptlksvbxpprl.jpg', NULL, 'Kẹo dẻo', 'VND');
INSERT INTO `addons` (`is_active`, `is_free`, `max_quantity`, `price`, `addon_type_id`, `created_date`, `id`, `modified_date`, `created_by`, `description`, `img_url`, `modified_by`, `name`, `currency`) VALUES (1, 0, 2, '30000.00', 2, '2025-05-01 01:06:48.320784', 27, '2025-05-01 01:06:48.320784', NULL, NULL, 'https://res.cloudinary.com/dfjqteia2/image/upload/v1744313713/hj9hc1xqv4twfpts02zi.jpg', NULL, 'Bánh que Sô-cô-la', 'VND');
INSERT INTO `addons` (`is_active`, `is_free`, `max_quantity`, `price`, `addon_type_id`, `created_date`, `id`, `modified_date`, `created_by`, `description`, `img_url`, `modified_by`, `name`, `currency`) VALUES (1, 0, 2, '30000.00', 2, '2025-05-01 01:06:48.324741', 28, '2025-05-01 01:06:48.324741', NULL, NULL, 'https://res.cloudinary.com/dfjqteia2/image/upload/v1744313714/tpjroyvswaiddn62nbdp.jpg', NULL, 'Hạt điều', 'VND');
INSERT INTO `addons` (`is_active`, `is_free`, `max_quantity`, `price`, `addon_type_id`, `created_date`, `id`, `modified_date`, `created_by`, `description`, `img_url`, `modified_by`, `name`, `currency`) VALUES (1, 0, 2, '55000.00', 2, '2025-05-01 01:06:48.328196', 29, '2025-05-01 01:06:48.328196', NULL, NULL, 'https://res.cloudinary.com/dfjqteia2/image/upload/v1744313715/fdzlvwml1cnicfbfrpix.jpg', NULL, 'Bánh khoai tây chiên', 'VND');
INSERT INTO `addons` (`is_active`, `is_free`, `max_quantity`, `price`, `addon_type_id`, `created_date`, `id`, `modified_date`, `created_by`, `description`, `img_url`, `modified_by`, `name`, `currency`) VALUES (1, 0, 2, '25000.00', 2, '2025-05-01 01:06:48.331590', 30, '2025-05-01 01:06:48.331590', NULL, NULL, 'https://res.cloudinary.com/dfjqteia2/image/upload/v1744313716/lfxrlv8gcf256kllzrem.jpg', NULL, 'Kẹo dừa nguyên chất', 'VND');
INSERT INTO `addons` (`is_active`, `is_free`, `max_quantity`, `price`, `addon_type_id`, `created_date`, `id`, `modified_date`, `created_by`, `description`, `img_url`, `modified_by`, `name`, `currency`) VALUES (1, 0, 2, '35000.00', 2, '2025-05-01 01:06:48.334971', 31, '2025-05-01 01:06:48.334971', NULL, NULL, 'https://res.cloudinary.com/dfjqteia2/image/upload/v1744313716/zvj58ebklzndnyu8zv6x.jpg', NULL, 'Sô-cô-la thanh', 'VND');
INSERT INTO `addons` (`is_active`, `is_free`, `max_quantity`, `price`, `addon_type_id`, `created_date`, `id`, `modified_date`, `created_by`, `description`, `img_url`, `modified_by`, `name`, `currency`) VALUES (1, 0, 2, '50000.00', 2, '2025-05-01 01:06:48.338889', 32, '2025-05-01 01:06:48.338889', NULL, NULL, 'https://res.cloudinary.com/dfjqteia2/image/upload/v1744313717/rlcmp6d3lxqeekcr0n8m.jpg', NULL, 'Snack chả giò', 'VND');
INSERT INTO `addons` (`is_active`, `is_free`, `max_quantity`, `price`, `addon_type_id`, `created_date`, `id`, `modified_date`, `created_by`, `description`, `img_url`, `modified_by`, `name`, `currency`) VALUES (1, 0, 2, '50000.00', 2, '2025-05-01 01:06:48.343757', 33, '2025-05-01 01:06:48.343757', NULL, NULL, 'https://res.cloudinary.com/dfjqteia2/image/upload/v1744313718/jmieg8fq36nrhggwp96l.jpg', NULL, 'Xoài lắc muối ớt', 'VND');
INSERT INTO `addons` (`is_active`, `is_free`, `max_quantity`, `price`, `addon_type_id`, `created_date`, `id`, `modified_date`, `created_by`, `description`, `img_url`, `modified_by`, `name`, `currency`) VALUES (1, 0, 2, '50000.00', 2, '2025-05-01 01:06:48.347130', 34, '2025-05-01 01:06:48.347130', NULL, NULL, 'https://res.cloudinary.com/dfjqteia2/image/upload/v1744313719/uaavchpl1t4h7neonomz.jpg', NULL, 'Trái cây sấy', 'VND');
INSERT INTO `addons` (`is_active`, `is_free`, `max_quantity`, `price`, `addon_type_id`, `created_date`, `id`, `modified_date`, `created_by`, `description`, `img_url`, `modified_by`, `name`, `currency`) VALUES (1, 0, 2, '40000.00', 2, '2025-05-01 01:06:48.350408', 35, '2025-05-01 01:06:48.350408', NULL, NULL, 'https://res.cloudinary.com/dfjqteia2/image/upload/v1744313719/itaddbext85yt9rki9xa.jpg', NULL, 'Khô gà lá chanh', 'VND');
INSERT INTO `addons` (`is_active`, `is_free`, `max_quantity`, `price`, `addon_type_id`, `created_date`, `id`, `modified_date`, `created_by`, `description`, `img_url`, `modified_by`, `name`, `currency`) VALUES (1, 0, 2, '120000.00', 2, '2025-05-01 01:06:48.353245', 36, '2025-05-01 01:06:48.353245', NULL, NULL, 'https://res.cloudinary.com/dfjqteia2/image/upload/v1744313721/jr2rx7pmmdce9oqkbnu2.jpg', NULL, 'Combo Mỳ Ý và Nước suối và Hạt điều', 'VND');
INSERT INTO `addons` (`is_active`, `is_free`, `max_quantity`, `price`, `addon_type_id`, `created_date`, `id`, `modified_date`, `created_by`, `description`, `img_url`, `modified_by`, `name`, `currency`) VALUES (1, 0, 2, '80000.00', 2, '2025-05-01 01:06:48.355936', 37, '2025-05-01 01:06:48.355936', NULL, NULL, 'https://res.cloudinary.com/dfjqteia2/image/upload/v1744313721/dxlsst8fphztsrdeoibv.jpg', NULL, 'Phở Thìn Đặc Biệt', 'VND');
INSERT INTO `addons` (`is_active`, `is_free`, `max_quantity`, `price`, `addon_type_id`, `created_date`, `id`, `modified_date`, `created_by`, `description`, `img_url`, `modified_by`, `name`, `currency`) VALUES (1, 0, 2, '80000.00', 2, '2025-05-01 01:06:48.359388', 38, '2025-05-01 01:06:48.359388', NULL, NULL, 'https://res.cloudinary.com/dfjqteia2/image/upload/v1744313722/a50pqpoosgwihs2kifye.jpg', NULL, 'Dimsum Tam Bảo', 'VND');
INSERT INTO `addons` (`is_active`, `is_free`, `max_quantity`, `price`, `addon_type_id`, `created_date`, `id`, `modified_date`, `created_by`, `description`, `img_url`, `modified_by`, `name`, `currency`) VALUES (1, 0, 2, '80000.00', 2, '2025-05-01 01:06:48.362753', 39, '2025-05-01 01:06:48.362753', NULL, NULL, 'https://res.cloudinary.com/dfjqteia2/image/upload/v1744313723/seyicpivqe2a76awkd15.jpg', NULL, 'Cơm chiên Thái', 'VND');
INSERT INTO `addons` (`is_active`, `is_free`, `max_quantity`, `price`, `addon_type_id`, `created_date`, `id`, `modified_date`, `created_by`, `description`, `img_url`, `modified_by`, `name`, `currency`) VALUES (1, 0, 2, '80000.00', 2, '2025-05-01 01:06:48.365994', 40, '2025-05-01 01:06:48.365994', NULL, NULL, 'https://res.cloudinary.com/dfjqteia2/image/upload/v1744313724/qz4yxjkbuzzusxq97q1t.jpg', NULL, 'Bún xào Singapore', 'VND');
INSERT INTO `addons` (`is_active`, `is_free`, `max_quantity`, `price`, `addon_type_id`, `created_date`, `id`, `modified_date`, `created_by`, `description`, `img_url`, `modified_by`, `name`, `currency`) VALUES (1, 0, 2, '80000.00', 2, '2025-05-01 01:06:48.368728', 41, '2025-05-01 01:06:48.368728', NULL, NULL, 'https://res.cloudinary.com/dfjqteia2/image/upload/v1744313725/xgllpbwaosylzxldilgr.jpg', NULL, 'Mì ý', 'VND');
INSERT INTO `addons` (`is_active`, `is_free`, `max_quantity`, `price`, `addon_type_id`, `created_date`, `id`, `modified_date`, `created_by`, `description`, `img_url`, `modified_by`, `name`, `currency`) VALUES (1, 0, 2, '80000.00', 2, '2025-05-01 01:06:48.371638', 42, '2025-05-01 01:06:48.371638', NULL, NULL, 'https://res.cloudinary.com/dfjqteia2/image/upload/v1744313726/qroix6ce9kcbybfk17fy.jpg', NULL, 'Bánh chưng chà bông', 'VND');
INSERT INTO `addons` (`is_active`, `is_free`, `max_quantity`, `price`, `addon_type_id`, `created_date`, `id`, `modified_date`, `created_by`, `description`, `img_url`, `modified_by`, `name`, `currency`) VALUES (1, 0, 2, '80000.00', 2, '2025-05-01 01:06:48.374568', 43, '2025-05-01 01:06:48.374568', NULL, NULL, 'https://res.cloudinary.com/dfjqteia2/image/upload/v1744313728/rxefubfbrageztphhvli.jpg', NULL, 'Xôi khúc giò', 'VND');
INSERT INTO `addons` (`is_active`, `is_free`, `max_quantity`, `price`, `addon_type_id`, `created_date`, `id`, `modified_date`, `created_by`, `description`, `img_url`, `modified_by`, `name`, `currency`) VALUES (1, 0, 2, '80000.00', 2, '2025-05-01 01:06:48.380594', 44, '2025-05-01 01:06:48.380594', NULL, NULL, 'https://res.cloudinary.com/dfjqteia2/image/upload/v1744313729/h03ksqle4ot5ihvjdvsn.jpg', NULL, 'Xôi mặn', 'VND');
INSERT INTO `addons` (`is_active`, `is_free`, `max_quantity`, `price`, `addon_type_id`, `created_date`, `id`, `modified_date`, `created_by`, `description`, `img_url`, `modified_by`, `name`, `currency`) VALUES (1, 0, 2, '80000.00', 2, '2025-05-01 01:06:48.383857', 45, '2025-05-01 01:06:48.383857', NULL, NULL, 'https://res.cloudinary.com/dfjqteia2/image/upload/v1744313730/qdpk6uxgvp0xvxz6s0qh.jpg', NULL, 'Cơm dừa Malaysia', 'VND');
INSERT INTO `addons` (`is_active`, `is_free`, `max_quantity`, `price`, `addon_type_id`, `created_date`, `id`, `modified_date`, `created_by`, `description`, `img_url`, `modified_by`, `name`, `currency`) VALUES (1, 0, 2, '80000.00', 2, '2025-05-01 01:06:48.386593', 46, '2025-05-01 01:06:48.386593', NULL, NULL, 'https://res.cloudinary.com/dfjqteia2/image/upload/v1744313730/n2yoli2akpvejfolmcah.jpg', NULL, 'Cơm thịt bò', 'VND');
INSERT INTO `addons` (`is_active`, `is_free`, `max_quantity`, `price`, `addon_type_id`, `created_date`, `id`, `modified_date`, `created_by`, `description`, `img_url`, `modified_by`, `name`, `currency`) VALUES (1, 0, 2, '80000.00', 2, '2025-05-01 01:06:48.390560', 47, '2025-05-01 01:06:48.390560', NULL, NULL, 'https://res.cloudinary.com/dfjqteia2/image/upload/v1744313732/d20abl035znsq2utk1i5.jpg', NULL, 'Miến xào tôm cua', 'VND');
INSERT INTO `addons` (`is_active`, `is_free`, `max_quantity`, `price`, `addon_type_id`, `created_date`, `id`, `modified_date`, `created_by`, `description`, `img_url`, `modified_by`, `name`, `currency`) VALUES (1, 0, 2, '50000.00', 2, '2025-05-01 01:06:48.395044', 48, '2025-05-01 01:06:48.395044', NULL, NULL, 'https://res.cloudinary.com/dfjqteia2/image/upload/v1744313733/uklze1zww3sjmawdramy.jpg', NULL, 'Bánh mì', 'VND');
INSERT INTO `addons` (`is_active`, `is_free`, `max_quantity`, `price`, `addon_type_id`, `created_date`, `id`, `modified_date`, `created_by`, `description`, `img_url`, `modified_by`, `name`, `currency`) VALUES (1, 0, 2, '15000.00', 2, '2025-05-01 01:06:48.397816', 49, '2025-05-01 01:06:48.397816', NULL, NULL, 'https://res.cloudinary.com/dfjqteia2/image/upload/v1744313734/dizfq85ot2tu7b8rgmcj.jpg', NULL, 'Trứng luộc', 'VND');
INSERT INTO `addons` (`is_active`, `is_free`, `max_quantity`, `price`, `addon_type_id`, `created_date`, `id`, `modified_date`, `created_by`, `description`, `img_url`, `modified_by`, `name`, `currency`) VALUES (1, 0, 2, '100000.00', 2, '2025-05-01 01:06:48.401637', 50, '2025-05-01 01:06:48.401637', NULL, NULL, 'https://res.cloudinary.com/dfjqteia2/image/upload/v1744313735/wsx6usoy4w7x5rnekvc8.jpg', NULL, 'Combo Cơm chiên dương châu chay và Nước suối và Hạt điều', 'VND');
INSERT INTO `addons` (`is_active`, `is_free`, `max_quantity`, `price`, `addon_type_id`, `created_date`, `id`, `modified_date`, `created_by`, `description`, `img_url`, `modified_by`, `name`, `currency`) VALUES (1, 0, 2, '150000.00', 2, '2025-05-01 01:06:48.404980', 51, '2025-05-01 01:06:48.404980', NULL, NULL, 'https://res.cloudinary.com/dfjqteia2/image/upload/v1744313740/fbrn1tti9n2dloy7s2m8.png', NULL, 'Cơm basmati cari chay và Nước suối và Hạt điều', 'VND');
INSERT INTO `addons` (`is_active`, `is_free`, `max_quantity`, `price`, `addon_type_id`, `created_date`, `id`, `modified_date`, `created_by`, `description`, `img_url`, `modified_by`, `name`, `currency`) VALUES (1, 0, 2, '120000.00', 2, '2025-05-01 01:06:48.408217', 52, '2025-05-01 01:06:48.408217', NULL, NULL, 'https://res.cloudinary.com/dfjqteia2/image/upload/v1744313742/btw7kwd6v2yxcbrbr7kv.jpg', NULL, 'Xôi mặn + hạt điều + nước', 'VND');
INSERT INTO `addons` (`is_active`, `is_free`, `max_quantity`, `price`, `addon_type_id`, `created_date`, `id`, `modified_date`, `created_by`, `description`, `img_url`, `modified_by`, `name`, `currency`) VALUES (1, 0, 2, '120000.00', 2, '2025-05-01 01:06:48.410530', 53, '2025-05-01 01:06:48.410530', NULL, NULL, 'https://res.cloudinary.com/dfjqteia2/image/upload/v1744313743/ovprw7vw3ynmyddzl5ha.jpg', NULL, 'Cơm thịt bò + hạt điều + nước', 'VND');
INSERT INTO `addons` (`is_active`, `is_free`, `max_quantity`, `price`, `addon_type_id`, `created_date`, `id`, `modified_date`, `created_by`, `description`, `img_url`, `modified_by`, `name`, `currency`) VALUES (1, 0, 2, '120000.00', 2, '2025-05-01 01:06:48.413765', 54, '2025-05-01 01:06:48.413765', NULL, NULL, 'https://res.cloudinary.com/dfjqteia2/image/upload/v1744313744/bfwgwi9c91ontncb3nqs.jpg', NULL, 'Phở Thìn Đặc Biệt  + Bánh que Sô-cô-la + Coca Cola', 'VND');
INSERT INTO `addons` (`is_active`, `is_free`, `max_quantity`, `price`, `addon_type_id`, `created_date`, `id`, `modified_date`, `created_by`, `description`, `img_url`, `modified_by`, `name`, `currency`) VALUES (1, 0, 2, '120000.00', 2, '2025-05-01 01:06:48.416467', 55, '2025-05-01 01:06:48.416467', NULL, NULL, 'https://res.cloudinary.com/dfjqteia2/image/upload/v1744313745/r1p1bevdb8dc9diczvmy.jpg', NULL, 'Dimsum Tam Bảo  + Bánh que Sô-cô-la + Coca Cola', 'VND');
INSERT INTO `addons` (`is_active`, `is_free`, `max_quantity`, `price`, `addon_type_id`, `created_date`, `id`, `modified_date`, `created_by`, `description`, `img_url`, `modified_by`, `name`, `currency`) VALUES (1, 0, 2, '120000.00', 2, '2025-05-01 01:06:48.421207', 56, '2025-05-01 01:06:48.421207', NULL, NULL, 'https://res.cloudinary.com/dfjqteia2/image/upload/v1744313746/ddm1qcrsrcm3uvsemy2f.jpg', NULL, 'Bún xào Singapore  + Bánh que Sô-cô-la + Coca Cola', 'VND');
INSERT INTO `addons` (`is_active`, `is_free`, `max_quantity`, `price`, `addon_type_id`, `created_date`, `id`, `modified_date`, `created_by`, `description`, `img_url`, `modified_by`, `name`, `currency`) VALUES (1, 0, 2, '120000.00', 2, '2025-05-01 01:06:48.425637', 57, '2025-05-01 01:06:48.425637', NULL, NULL, 'https://res.cloudinary.com/dfjqteia2/image/upload/v1744313747/w2vw7lvzidnghk15bfa0.jpg', NULL, 'Mì ý  + Bánh que Sô-cô-la + Coca Cola', 'VND');
INSERT INTO `addons` (`is_active`, `is_free`, `max_quantity`, `price`, `addon_type_id`, `created_date`, `id`, `modified_date`, `created_by`, `description`, `img_url`, `modified_by`, `name`, `currency`) VALUES (1, 0, 2, '120000.00', 2, '2025-05-01 01:06:48.428475', 58, '2025-05-01 01:06:48.428475', NULL, NULL, 'https://res.cloudinary.com/dfjqteia2/image/upload/v1744313748/ptgpimpvwr2nbptx9ne3.jpg', NULL, 'Bánh chưng chà bông + Bánh que Sô cô la + Cocacola', 'VND');
INSERT INTO `addons` (`is_active`, `is_free`, `max_quantity`, `price`, `addon_type_id`, `created_date`, `id`, `modified_date`, `created_by`, `description`, `img_url`, `modified_by`, `name`, `currency`) VALUES (1, 0, 2, '120000.00', 2, '2025-05-01 01:06:48.431241', 59, '2025-05-01 01:06:48.431241', NULL, NULL, 'https://res.cloudinary.com/dfjqteia2/image/upload/v1744313748/sxw3ktcsannpinor0rfx.jpg', NULL, 'Xôi khúc giò + Bánh que Sô-cô-la + Coca Cola', 'VND');
INSERT INTO `addons` (`is_active`, `is_free`, `max_quantity`, `price`, `addon_type_id`, `created_date`, `id`, `modified_date`, `created_by`, `description`, `img_url`, `modified_by`, `name`, `currency`) VALUES (1, 0, 2, '120000.00', 2, '2025-05-01 01:06:48.434670', 60, '2025-05-01 01:06:48.434670', NULL, NULL, 'https://res.cloudinary.com/dfjqteia2/image/upload/v1744313749/hmj5fdwt0nzlr9p2auy2.jpg', NULL, 'Xôi mặn  + Bánh que Sô-cô-la + Coca Cola', 'VND');
INSERT INTO `addons` (`is_active`, `is_free`, `max_quantity`, `price`, `addon_type_id`, `created_date`, `id`, `modified_date`, `created_by`, `description`, `img_url`, `modified_by`, `name`, `currency`) VALUES (1, 0, 2, '120000.00', 2, '2025-05-01 01:06:48.438011', 61, '2025-05-01 01:06:48.438011', NULL, NULL, 'https://res.cloudinary.com/dfjqteia2/image/upload/v1744313750/q1brwhjmy0hhxt0wcpkv.jpg', NULL, 'Cơm dừa Malaysia + Bánh que Sô-cô-la + Coca Cola', 'VND');
INSERT INTO `addons` (`is_active`, `is_free`, `max_quantity`, `price`, `addon_type_id`, `created_date`, `id`, `modified_date`, `created_by`, `description`, `img_url`, `modified_by`, `name`, `currency`) VALUES (1, 0, 2, '120000.00', 2, '2025-05-01 01:06:48.441372', 62, '2025-05-01 01:06:48.441372', NULL, NULL, 'https://res.cloudinary.com/dfjqteia2/image/upload/v1744313751/zbrcjuacao7upo9b26dk.jpg', NULL, 'Cơm thịt bò + Bánh que Sô-cô-la + Coca Cola', 'VND');
INSERT INTO `addons` (`is_active`, `is_free`, `max_quantity`, `price`, `addon_type_id`, `created_date`, `id`, `modified_date`, `created_by`, `description`, `img_url`, `modified_by`, `name`, `currency`) VALUES (1, 0, 2, '120000.00', 2, '2025-05-01 01:06:48.445331', 63, '2025-05-01 01:06:48.445331', NULL, NULL, 'https://res.cloudinary.com/dfjqteia2/image/upload/v1744313751/xhmjrmsdlgzfdtzrme27.jpg', NULL, 'Miến xào tôm cua  + Bánh que Sô-cô-la + Coca Cola', 'VND');
INSERT INTO `addons` (`is_active`, `is_free`, `max_quantity`, `price`, `addon_type_id`, `created_date`, `id`, `modified_date`, `created_by`, `description`, `img_url`, `modified_by`, `name`, `currency`) VALUES (1, 0, 2, '120000.00', 2, '2025-05-01 01:06:48.448669', 64, '2025-05-01 01:06:48.448669', NULL, NULL, 'https://res.cloudinary.com/dfjqteia2/image/upload/v1744313753/hfux1vzrfdqlnieopuv2.jpg', NULL, 'Mì ý  + hạt điều + nước', 'VND');
INSERT INTO `addons` (`is_active`, `is_free`, `max_quantity`, `price`, `addon_type_id`, `created_date`, `id`, `modified_date`, `created_by`, `description`, `img_url`, `modified_by`, `name`, `currency`) VALUES (1, 0, 2, '60000.00', 2, '2025-05-01 01:06:48.453726', 65, '2025-05-01 01:06:48.453726', NULL, NULL, 'https://res.cloudinary.com/dfjqteia2/image/upload/v1744313753/hp9etefsditjkm9kwocm.jpg', NULL, 'Combo: Mì Hàn Quốc + Trứng luộc', 'VND');
INSERT INTO `addons` (`is_active`, `is_free`, `max_quantity`, `price`, `addon_type_id`, `created_date`, `id`, `modified_date`, `created_by`, `description`, `img_url`, `modified_by`, `name`, `currency`) VALUES (1, 0, 2, '60000.00', 2, '2025-05-01 01:06:48.457091', 66, '2025-05-01 01:06:48.457091', NULL, NULL, 'https://res.cloudinary.com/dfjqteia2/image/upload/v1744313754/fcez57lyzzuomufn989b.jpg', NULL, 'Combo: Mì xốt bò hầm + Trứng luộc', 'VND');
INSERT INTO `addons` (`is_active`, `is_free`, `max_quantity`, `price`, `addon_type_id`, `created_date`, `id`, `modified_date`, `created_by`, `description`, `img_url`, `modified_by`, `name`, `currency`) VALUES (1, 0, 2, '60000.00', 2, '2025-05-01 01:06:48.461059', 67, '2025-05-01 01:06:48.461059', NULL, NULL, 'https://res.cloudinary.com/dfjqteia2/image/upload/v1744313755/nnleaont6hcrrdify6ft.jpg', NULL, 'Combo: Mì Lẩu Thái + Trứng luộc', 'VND');
INSERT INTO `addons` (`is_active`, `is_free`, `max_quantity`, `price`, `addon_type_id`, `created_date`, `id`, `modified_date`, `created_by`, `description`, `img_url`, `modified_by`, `name`, `currency`) VALUES (1, 0, 2, '60000.00', 2, '2025-05-01 01:06:48.463781', 68, '2025-05-01 01:06:48.463781', NULL, NULL, 'https://res.cloudinary.com/dfjqteia2/image/upload/v1744313756/tjbi6uoizd69gbhgv93m.jpg', NULL, 'Combo: Mì Hàn Quốc + xúc xích', 'VND');
INSERT INTO `addons` (`is_active`, `is_free`, `max_quantity`, `price`, `addon_type_id`, `created_date`, `id`, `modified_date`, `created_by`, `description`, `img_url`, `modified_by`, `name`, `currency`) VALUES (1, 0, 2, '60000.00', 2, '2025-05-01 01:06:48.467860', 69, '2025-05-01 01:06:48.467860', NULL, NULL, 'https://res.cloudinary.com/dfjqteia2/image/upload/v1744313757/d0x6emij6jnsklvsyees.jpg', NULL, 'Combo: Mì xốt bò hầm + xúc xích', 'VND');
INSERT INTO `addons` (`is_active`, `is_free`, `max_quantity`, `price`, `addon_type_id`, `created_date`, `id`, `modified_date`, `created_by`, `description`, `img_url`, `modified_by`, `name`, `currency`) VALUES (1, 0, 2, '60000.00', 2, '2025-05-01 01:06:48.471236', 70, '2025-05-01 01:06:48.471236', NULL, NULL, 'https://res.cloudinary.com/dfjqteia2/image/upload/v1744313757/jpuvmapqnw0whidxeiou.jpg', NULL, 'Combo: Mì Lẩu Thái + xúc xích', 'VND');
INSERT INTO `addons` (`is_active`, `is_free`, `max_quantity`, `price`, `addon_type_id`, `created_date`, `id`, `modified_date`, `created_by`, `description`, `img_url`, `modified_by`, `name`, `currency`) VALUES (1, 0, 2, '90000.00', 2, '2025-05-01 01:06:48.474543', 71, '2025-05-01 01:06:48.474543', NULL, NULL, 'https://res.cloudinary.com/dfjqteia2/image/upload/v1744313758/au0dq0wk7r7isf62styt.jpg', NULL, 'Combo bánh mì + hạt điều + cà phê sữa', 'VND');
INSERT INTO `addons` (`is_active`, `is_free`, `max_quantity`, `price`, `addon_type_id`, `created_date`, `id`, `modified_date`, `created_by`, `description`, `img_url`, `modified_by`, `name`, `currency`) VALUES (1, 0, 2, '120000.00', 2, '2025-05-01 01:06:48.477806', 72, '2025-05-01 01:06:48.477806', NULL, NULL, 'https://res.cloudinary.com/dfjqteia2/image/upload/v1744313759/g0jsxe96zimluaiuskid.jpg', NULL, 'Cơm chiên Thái + hạt điều + nước', 'VND');
INSERT INTO `addons` (`is_active`, `is_free`, `max_quantity`, `price`, `addon_type_id`, `created_date`, `id`, `modified_date`, `created_by`, `description`, `img_url`, `modified_by`, `name`, `currency`) VALUES (1, 0, 2, '120000.00', 2, '2025-05-01 01:06:48.480673', 73, '2025-05-01 01:06:48.480673', NULL, NULL, 'https://res.cloudinary.com/dfjqteia2/image/upload/v1744313760/omsdsplwvmpeoyx5zslv.jpg', NULL, 'Dimsum Tam Bảo + hạt điều + nước', 'VND');
INSERT INTO `addons` (`is_active`, `is_free`, `max_quantity`, `price`, `addon_type_id`, `created_date`, `id`, `modified_date`, `created_by`, `description`, `img_url`, `modified_by`, `name`, `currency`) VALUES (1, 0, 2, '120000.00', 2, '2025-05-01 01:06:48.484065', 74, '2025-05-01 01:06:48.484065', NULL, NULL, 'https://res.cloudinary.com/dfjqteia2/image/upload/v1744313761/gyltpa3yhe7n64jbjfvi.jpg', NULL, 'Bún xào Singapore + hạt điều + nước', 'VND');
INSERT INTO `addons` (`is_active`, `is_free`, `max_quantity`, `price`, `addon_type_id`, `created_date`, `id`, `modified_date`, `created_by`, `description`, `img_url`, `modified_by`, `name`, `currency`) VALUES (1, 0, 2, '120000.00', 2, '2025-05-01 01:06:48.487515', 75, '2025-05-01 01:06:48.487515', NULL, NULL, 'https://res.cloudinary.com/dfjqteia2/image/upload/v1744313762/jwma2nj2ecfdmyt9a7cq.jpg', NULL, 'Phở Thìn Đặc Biệt + hạt điều + nước', 'VND');
INSERT INTO `addons` (`is_active`, `is_free`, `max_quantity`, `price`, `addon_type_id`, `created_date`, `id`, `modified_date`, `created_by`, `description`, `img_url`, `modified_by`, `name`, `currency`) VALUES (1, 0, 2, '85000.00', 2, '2025-05-01 01:06:48.492021', 76, '2025-05-01 01:06:48.492021', NULL, NULL, 'https://res.cloudinary.com/dfjqteia2/image/upload/v1744313762/eexhzwbg74duthr2x7ne.jpg', NULL, 'Happy Combo Bia + Khô gà', 'VND');
INSERT INTO `addons` (`is_active`, `is_free`, `max_quantity`, `price`, `addon_type_id`, `created_date`, `id`, `modified_date`, `created_by`, `description`, `img_url`, `modified_by`, `name`, `currency`) VALUES (1, 0, 2, '120000.00', 2, '2025-05-01 01:06:48.495285', 77, '2025-05-01 01:06:48.495285', NULL, NULL, 'https://res.cloudinary.com/dfjqteia2/image/upload/v1744313763/wtwtk4xjm1ajiiujrwxz.jpg', NULL, 'Cơm dừa Malaysia + hạt điều + nước', 'VND');
INSERT INTO `addons` (`is_active`, `is_free`, `max_quantity`, `price`, `addon_type_id`, `created_date`, `id`, `modified_date`, `created_by`, `description`, `img_url`, `modified_by`, `name`, `currency`) VALUES (1, 0, 2, '120000.00', 2, '2025-05-01 01:06:48.499302', 78, '2025-05-01 01:06:48.499302', NULL, NULL, 'https://res.cloudinary.com/dfjqteia2/image/upload/v1744313764/cqjnegx0ewvwhb8lbopt.jpg', NULL, 'Bánh chưng chà bông  + hạt điều + nước', 'VND');
INSERT INTO `addons` (`is_active`, `is_free`, `max_quantity`, `price`, `addon_type_id`, `created_date`, `id`, `modified_date`, `created_by`, `description`, `img_url`, `modified_by`, `name`, `currency`) VALUES (1, 0, 2, '120000.00', 2, '2025-05-01 01:06:48.503301', 79, '2025-05-01 01:06:48.503301', NULL, NULL, 'https://res.cloudinary.com/dfjqteia2/image/upload/v1744313765/n1saqt20ex8hyspsioeh.jpg', NULL, 'Xôi khúc giò + hạt điều + nước', 'VND');
INSERT INTO `addons` (`is_active`, `is_free`, `max_quantity`, `price`, `addon_type_id`, `created_date`, `id`, `modified_date`, `created_by`, `description`, `img_url`, `modified_by`, `name`, `currency`) VALUES (1, 0, 2, '120000.00', 2, '2025-05-01 01:06:48.506093', 80, '2025-05-01 01:06:48.506093', NULL, NULL, 'https://res.cloudinary.com/dfjqteia2/image/upload/v1744313766/mixwtxddc0a8cmtoctyl.jpg', NULL, 'Cơm chiên Thái + Bánh que Sô-cô-la + Coca Cola', 'VND');
INSERT INTO `addons` (`is_active`, `is_free`, `max_quantity`, `price`, `addon_type_id`, `created_date`, `id`, `modified_date`, `created_by`, `description`, `img_url`, `modified_by`, `name`, `currency`) VALUES (1, 0, 2, '90000.00', 2, '2025-05-01 01:06:48.511880', 81, '2025-05-01 01:06:48.511880', NULL, NULL, 'https://res.cloudinary.com/dfjqteia2/image/upload/v1744313768/otgorhddydk31c9rdcsu.jpg', NULL, 'Combo bánh mì + hạt điều + nước', 'VND');
INSERT INTO `addons` (`is_active`, `is_free`, `max_quantity`, `price`, `addon_type_id`, `created_date`, `id`, `modified_date`, `created_by`, `description`, `img_url`, `modified_by`, `name`, `currency`) VALUES (1, 0, 2, '120000.00', 2, '2025-05-01 01:06:48.515735', 82, '2025-05-01 01:06:48.515735', NULL, NULL, 'https://res.cloudinary.com/dfjqteia2/image/upload/v1744313769/veocybe7hugvhijm8myx.jpg', NULL, 'Miến xào tôm cua  + hạt điều + nước', 'VND');
INSERT INTO `addons` (`is_active`, `is_free`, `max_quantity`, `price`, `addon_type_id`, `created_date`, `id`, `modified_date`, `created_by`, `description`, `img_url`, `modified_by`, `name`, `currency`) VALUES (1, 0, 1, '250000.00', 1, '2025-05-01 01:06:48.519493', 83, '2025-05-01 01:06:48.519493', NULL, 'Thêm 10kg hành lý ký gửi cho chuyến bay của bạn.', NULL, NULL, 'Hành lý 10kg', 'VND');
INSERT INTO `addons` (`is_active`, `is_free`, `max_quantity`, `price`, `addon_type_id`, `created_date`, `id`, `modified_date`, `created_by`, `description`, `img_url`, `modified_by`, `name`, `currency`) VALUES (1, 0, 1, '450000.00', 1, '2025-05-01 01:06:48.522721', 84, '2025-05-01 01:06:48.522721', NULL, 'Thêm 20kg hành lý ký gửi để mang theo nhiều đồ hơn.', NULL, NULL, 'Hành lý 20kg', 'VND');
INSERT INTO `addons` (`is_active`, `is_free`, `max_quantity`, `price`, `addon_type_id`, `created_date`, `id`, `modified_date`, `created_by`, `description`, `img_url`, `modified_by`, `name`, `currency`) VALUES (1, 0, 1, '650000.00', 1, '2025-05-01 01:06:48.527111', 85, '2025-05-01 01:06:48.527111', NULL, 'Thêm 30kg hành lý ký gửi cho nhu cầu lớn hơn.', NULL, NULL, 'Hành lý 30kg', 'VND');
INSERT INTO `addons` (`is_active`, `is_free`, `max_quantity`, `price`, `addon_type_id`, `created_date`, `id`, `modified_date`, `created_by`, `description`, `img_url`, `modified_by`, `name`, `currency`) VALUES (1, 0, 1, '150000.00', 1, '2025-05-01 01:06:48.529377', 86, '2025-05-01 01:06:48.529377', NULL, 'Thêm 5kg hành lý xách tay bổ sung ngoài tiêu chuẩn.', NULL, NULL, 'Hành lý xách tay 5kg', 'VND');
INSERT INTO `addons` (`is_active`, `is_free`, `max_quantity`, `price`, `addon_type_id`, `created_date`, `id`, `modified_date`, `created_by`, `description`, `img_url`, `modified_by`, `name`, `currency`) VALUES (1, 0, 1, '800000.00', 1, '2025-05-01 01:06:48.547854', 87, '2025-05-01 01:06:48.547854', NULL, 'Mang theo dụng cụ thể thao như gậy golf, ván trượt.', NULL, NULL, 'Hành lý đặc biệt (Thể thao)', 'VND');
INSERT INTO `addons` (`is_active`, `is_free`, `max_quantity`, `price`, `addon_type_id`, `created_date`, `id`, `modified_date`, `created_by`, `description`, `img_url`, `modified_by`, `name`, `currency`) VALUES (1, 0, 1, '150000.00', 3, '2025-05-01 01:06:48.550580', 88, '2025-05-01 01:06:48.550580', NULL, 'Bồi thường nếu chuyến bay bị trễ quá 2 giờ.', NULL, NULL, 'Bảo hiểm trễ chuyến', 'VND');
INSERT INTO `addons` (`is_active`, `is_free`, `max_quantity`, `price`, `addon_type_id`, `created_date`, `id`, `modified_date`, `created_by`, `description`, `img_url`, `modified_by`, `name`, `currency`) VALUES (1, 0, 1, '200000.00', 3, '2025-05-01 01:06:48.554322', 89, '2025-05-01 01:06:48.554322', NULL, 'Hoàn tiền vé nếu hủy chuyến vì lý do cá nhân.', NULL, NULL, 'Bảo hiểm hủy chuyến', 'VND');
INSERT INTO `addons` (`is_active`, `is_free`, `max_quantity`, `price`, `addon_type_id`, `created_date`, `id`, `modified_date`, `created_by`, `description`, `img_url`, `modified_by`, `name`, `currency`) VALUES (1, 0, 1, '300000.00', 3, '2025-05-01 01:06:48.558226', 90, '2025-05-01 01:06:48.558226', NULL, 'Chi trả chi phí y tế trong chuyến đi.', NULL, NULL, 'Bảo hiểm y tế du lịch', 'VND');
INSERT INTO `addons` (`is_active`, `is_free`, `max_quantity`, `price`, `addon_type_id`, `created_date`, `id`, `modified_date`, `created_by`, `description`, `img_url`, `modified_by`, `name`, `currency`) VALUES (1, 0, 1, '250000.00', 3, '2025-05-01 01:06:48.560399', 91, '2025-05-01 01:06:48.560399', NULL, 'Bồi thường nếu hành lý bị mất trong chuyến bay.', NULL, NULL, 'Bảo hiểm mất hành lý', 'VND');
INSERT INTO `addons` (`is_active`, `is_free`, `max_quantity`, `price`, `addon_type_id`, `created_date`, `id`, `modified_date`, `created_by`, `description`, `img_url`, `modified_by`, `name`, `currency`) VALUES (1, 0, 1, '500000.00', 3, '2025-05-01 01:06:48.562563', 92, '2025-05-01 01:06:48.562563', NULL, 'Bao gồm trễ chuyến, hủy chuyến, y tế và mất hành lý.', NULL, NULL, 'Bảo hiểm toàn diện', 'VND');
INSERT INTO `addons` (`is_active`, `is_free`, `max_quantity`, `price`, `addon_type_id`, `created_date`, `id`, `modified_date`, `created_by`, `description`, `img_url`, `modified_by`, `name`, `currency`) VALUES (1, 0, 1, '150000.00', 5, '2025-05-01 01:06:48.565350', 93, '2025-05-01 01:06:48.565350', NULL, 'Gối cổ êm ái giúp bạn thư giãn trong suốt chuyến bay dài.', NULL, NULL, 'Gối cổ du lịch', 'VND');
INSERT INTO `addons` (`is_active`, `is_free`, `max_quantity`, `price`, `addon_type_id`, `created_date`, `id`, `modified_date`, `created_by`, `description`, `img_url`, `modified_by`, `name`, `currency`) VALUES (1, 0, 1, '200000.00', 5, '2025-05-01 01:06:48.567557', 94, '2025-05-01 01:06:48.567557', NULL, 'Truy cập internet nhanh chóng và tiện lợi trong suốt chuyến bay.', NULL, NULL, 'Dịch vụ Wi-Fi trên máy bay', 'VND');
INSERT INTO `addons` (`is_active`, `is_free`, `max_quantity`, `price`, `addon_type_id`, `created_date`, `id`, `modified_date`, `created_by`, `description`, `img_url`, `modified_by`, `name`, `currency`) VALUES (1, 0, 1, '300000.00', 5, '2025-05-01 01:06:48.569728', 95, '2025-05-01 01:06:48.569728', NULL, 'Tai nghe chất lượng cao giúp giảm tiếng ồn và mang lại trải nghiệm âm thanh tuyệt vời.', NULL, NULL, 'Bộ tai nghe chống ồn', 'VND');
INSERT INTO `addons` (`is_active`, `is_free`, `max_quantity`, `price`, `addon_type_id`, `created_date`, `id`, `modified_date`, `created_by`, `description`, `img_url`, `modified_by`, `name`, `currency`) VALUES (1, 0, 1, '400000.00', 5, '2025-05-01 01:06:48.573059', 96, '2025-05-01 01:06:48.573059', NULL, 'Dịch vụ chuyển hành lý của bạn đến điểm đến nhanh chóng, thuận tiện mà không cần phải đợi tại sân bay.', NULL, NULL, 'Dịch vụ chuyển phát nhanh hành lý', 'VND');

-- INSERT statements for table: aircraft_model

INSERT INTO `aircraft_model` (`business_capacity`, `capacity`, `premium_capacity`, `standard_capacity`, `created_date`, `id`, `modified_date`, `created_by`, `model_code`, `model_name`, `modified_by`) VALUES (48, 119, 21, 50, '2025-05-01 01:06:40.223301', 1, '2025-05-01 01:06:40.223301', NULL, 'A350-900', 'Airbus A350-900', NULL);
INSERT INTO `aircraft_model` (`business_capacity`, `capacity`, `premium_capacity`, `standard_capacity`, `created_date`, `id`, `modified_date`, `created_by`, `model_code`, `model_name`, `modified_by`) VALUES (54, 150, 21, 75, '2025-05-01 01:06:40.275579', 2, '2025-05-01 01:06:40.275579', NULL, 'A350-1000', 'Airbus A350-1000', NULL);
INSERT INTO `aircraft_model` (`business_capacity`, `capacity`, `premium_capacity`, `standard_capacity`, `created_date`, `id`, `modified_date`, `created_by`, `model_code`, `model_name`, `modified_by`) VALUES (96, 171, 0, 75, '2025-05-01 01:06:40.305863', 3, '2025-05-01 01:06:40.305863', NULL, 'A380-800', 'Airbus A380-800', NULL);
INSERT INTO `aircraft_model` (`business_capacity`, `capacity`, `premium_capacity`, `standard_capacity`, `created_date`, `id`, `modified_date`, `created_by`, `model_code`, `model_name`, `modified_by`) VALUES (28, 79, 21, 30, '2025-05-01 01:06:40.337610', 4, '2025-05-01 01:06:40.337610', NULL, 'A330-900neo', 'Airbus A330-900neo', NULL);
INSERT INTO `aircraft_model` (`business_capacity`, `capacity`, `premium_capacity`, `standard_capacity`, `created_date`, `id`, `modified_date`, `created_by`, `model_code`, `model_name`, `modified_by`) VALUES (12, 37, 0, 25, '2025-05-01 01:06:40.359336', 5, '2025-05-01 01:06:40.359336', NULL, 'A220-300', 'Airbus A220-300', NULL);
INSERT INTO `aircraft_model` (`business_capacity`, `capacity`, `premium_capacity`, `standard_capacity`, `created_date`, `id`, `modified_date`, `created_by`, `model_code`, `model_name`, `modified_by`) VALUES (12, 66, 24, 30, '2025-05-01 01:06:40.386150', 6, '2025-05-01 01:06:40.386150', NULL, 'A320neo', 'Airbus A320neo', NULL);
INSERT INTO `aircraft_model` (`business_capacity`, `capacity`, `premium_capacity`, `standard_capacity`, `created_date`, `id`, `modified_date`, `created_by`, `model_code`, `model_name`, `modified_by`) VALUES (20, 80, 30, 30, '2025-05-01 01:06:40.412652', 7, '2025-05-01 01:06:40.412652', NULL, 'A321XLR', 'Airbus A321XLR', NULL);
INSERT INTO `aircraft_model` (`business_capacity`, `capacity`, `premium_capacity`, `standard_capacity`, `created_date`, `id`, `modified_date`, `created_by`, `model_code`, `model_name`, `modified_by`) VALUES (36, 94, 28, 30, '2025-05-01 01:06:40.445595', 8, '2025-05-01 01:06:40.445595', NULL, 'A330-300', 'Airbus A330-300', NULL);
INSERT INTO `aircraft_model` (`business_capacity`, `capacity`, `premium_capacity`, `standard_capacity`, `created_date`, `id`, `modified_date`, `created_by`, `model_code`, `model_name`, `modified_by`) VALUES (50, 114, 32, 32, '2025-05-01 01:06:40.481493', 9, '2025-05-01 01:06:40.481493', NULL, 'A340-600', 'Airbus A340-600', NULL);

-- INSERT statements for table: airlines

INSERT INTO `airlines` (`created_date`, `id`, `modified_date`, `airline_code`, `airline_name`, `created_by`, `modified_by`) VALUES ('2025-05-01 01:06:40.511931', 1, '2025-05-01 01:06:40.511931', 'VJ', 'VietJoke Airlines', NULL, NULL);

-- INSERT statements for table: aircraft

INSERT INTO `aircraft` (`airline_id`, `created_date`, `id`, `manufacture_date`, `model_id`, `modified_date`, `created_by`, `modified_by`, `registration_number`) VALUES (1, '2025-05-01 01:06:40.520102', 1, '2019-04-15 00:00:00', 1, '2025-05-01 01:06:40.520102', NULL, NULL, 'VN-A350');
INSERT INTO `aircraft` (`airline_id`, `created_date`, `id`, `manufacture_date`, `model_id`, `modified_date`, `created_by`, `modified_by`, `registration_number`) VALUES (1, '2025-05-01 01:06:40.527713', 2, '2019-04-15 00:00:00', 1, '2025-05-01 01:06:40.527713', NULL, NULL, 'VN-A312');
INSERT INTO `aircraft` (`airline_id`, `created_date`, `id`, `manufacture_date`, `model_id`, `modified_date`, `created_by`, `modified_by`, `registration_number`) VALUES (1, '2025-05-01 01:06:40.531242', 3, '2021-06-20 00:00:00', 2, '2025-05-01 01:06:40.531242', NULL, NULL, 'VN-A351');
INSERT INTO `aircraft` (`airline_id`, `created_date`, `id`, `manufacture_date`, `model_id`, `modified_date`, `created_by`, `modified_by`, `registration_number`) VALUES (1, '2025-05-01 01:06:40.534665', 4, '2018-12-10 00:00:00', 3, '2025-05-01 01:06:40.534665', NULL, NULL, 'VN-A380');
INSERT INTO `aircraft` (`airline_id`, `created_date`, `id`, `manufacture_date`, `model_id`, `modified_date`, `created_by`, `modified_by`, `registration_number`) VALUES (1, '2025-05-01 01:06:40.537886', 5, '2020-09-05 00:00:00', 4, '2025-05-01 01:06:40.537886', NULL, NULL, 'VN-A330');
INSERT INTO `aircraft` (`airline_id`, `created_date`, `id`, `manufacture_date`, `model_id`, `modified_date`, `created_by`, `modified_by`, `registration_number`) VALUES (1, '2025-05-01 01:06:40.541183', 6, '2022-01-22 00:00:00', 5, '2025-05-01 01:06:40.541183', NULL, NULL, 'VN-A220');
INSERT INTO `aircraft` (`airline_id`, `created_date`, `id`, `manufacture_date`, `model_id`, `modified_date`, `created_by`, `modified_by`, `registration_number`) VALUES (1, '2025-05-01 01:06:40.543875', 7, '2017-07-14 00:00:00', 6, '2025-05-01 01:06:40.543875', NULL, NULL, 'VN-A320');
INSERT INTO `aircraft` (`airline_id`, `created_date`, `id`, `manufacture_date`, `model_id`, `modified_date`, `created_by`, `modified_by`, `registration_number`) VALUES (1, '2025-05-01 01:06:40.547707', 8, '2023-02-18 00:00:00', 7, '2025-05-01 01:06:40.547707', NULL, NULL, 'VN-A321');
INSERT INTO `aircraft` (`airline_id`, `created_date`, `id`, `manufacture_date`, `model_id`, `modified_date`, `created_by`, `modified_by`, `registration_number`) VALUES (1, '2025-05-01 01:06:40.551041', 9, '2016-05-30 00:00:00', 8, '2025-05-01 01:06:40.551041', NULL, NULL, 'VN-A333');
INSERT INTO `aircraft` (`airline_id`, `created_date`, `id`, `manufacture_date`, `model_id`, `modified_date`, `created_by`, `modified_by`, `registration_number`) VALUES (1, '2025-05-01 01:06:40.553745', 10, '2015-08-08 00:00:00', 9, '2025-05-01 01:06:40.553745', NULL, NULL, 'VN-A346');

-- INSERT statements for table: countries

INSERT INTO `countries` (`created_date`, `id`, `modified_date`, `area_code`, `country_code`, `country_eng_name`, `country_name`, `created_by`, `modified_by`) VALUES ('2025-05-01 01:06:31.975415', 1, '2025-05-01 01:06:31.975415', '84', 'VNM', 'Vietnam', 'Việt Nam', NULL, NULL);
INSERT INTO `countries` (`created_date`, `id`, `modified_date`, `area_code`, `country_code`, `country_eng_name`, `country_name`, `created_by`, `modified_by`) VALUES ('2025-05-01 01:06:32.624294', 2, '2025-05-01 01:06:32.624294', '297', 'ABW', 'Aruba', 'Aruba', NULL, NULL);
INSERT INTO `countries` (`created_date`, `id`, `modified_date`, `area_code`, `country_code`, `country_eng_name`, `country_name`, `created_by`, `modified_by`) VALUES ('2025-05-01 01:06:32.673023', 3, '2025-05-01 01:06:32.673023', '93', 'AFG', 'Afghanistan', 'Afghanistan', NULL, NULL);
INSERT INTO `countries` (`created_date`, `id`, `modified_date`, `area_code`, `country_code`, `country_eng_name`, `country_name`, `created_by`, `modified_by`) VALUES ('2025-05-01 01:06:32.726089', 4, '2025-05-01 01:06:32.726089', '244', 'AGO', 'Angola', 'Angola', NULL, NULL);
INSERT INTO `countries` (`created_date`, `id`, `modified_date`, `area_code`, `country_code`, `country_eng_name`, `country_name`, `created_by`, `modified_by`) VALUES ('2025-05-01 01:06:32.762465', 5, '2025-05-01 01:06:32.762465', NULL, 'AIA', 'Anguilla', 'Anguilla', NULL, NULL);
INSERT INTO `countries` (`created_date`, `id`, `modified_date`, `area_code`, `country_code`, `country_eng_name`, `country_name`, `created_by`, `modified_by`) VALUES ('2025-05-01 01:06:32.802365', 6, '2025-05-01 01:06:32.802365', '355', 'ALB', 'Albania', 'Albania', NULL, NULL);
INSERT INTO `countries` (`created_date`, `id`, `modified_date`, `area_code`, `country_code`, `country_eng_name`, `country_name`, `created_by`, `modified_by`) VALUES ('2025-05-01 01:06:32.842452', 7, '2025-05-01 01:06:32.842452', '376', 'AND', 'Andorra', 'Andorra', NULL, NULL);
INSERT INTO `countries` (`created_date`, `id`, `modified_date`, `area_code`, `country_code`, `country_eng_name`, `country_name`, `created_by`, `modified_by`) VALUES ('2025-05-01 01:06:32.879141', 8, '2025-05-01 01:06:32.879141', '31', 'ANT', 'Netherlands Antilles', 'Netherlands Antilles', NULL, NULL);
INSERT INTO `countries` (`created_date`, `id`, `modified_date`, `area_code`, `country_code`, `country_eng_name`, `country_name`, `created_by`, `modified_by`) VALUES ('2025-05-01 01:06:32.917578', 9, '2025-05-01 01:06:32.917578', '971', 'ARE', 'United Arab Emirates', 'United Arab Emirates', NULL, NULL);
INSERT INTO `countries` (`created_date`, `id`, `modified_date`, `area_code`, `country_code`, `country_eng_name`, `country_name`, `created_by`, `modified_by`) VALUES ('2025-05-01 01:06:32.957242', 10, '2025-05-01 01:06:32.957242', '54', 'ARG', 'Argentina', 'Argentina', NULL, NULL);
INSERT INTO `countries` (`created_date`, `id`, `modified_date`, `area_code`, `country_code`, `country_eng_name`, `country_name`, `created_by`, `modified_by`) VALUES ('2025-05-01 01:06:32.995129', 11, '2025-05-01 01:06:32.995129', '374', 'ARM', 'Armenia', 'Armenia', NULL, NULL);
INSERT INTO `countries` (`created_date`, `id`, `modified_date`, `area_code`, `country_code`, `country_eng_name`, `country_name`, `created_by`, `modified_by`) VALUES ('2025-05-01 01:06:33.035576', 12, '2025-05-01 01:06:33.035576', '685', 'ASM', 'American Samoa', 'American Samoa', NULL, NULL);
INSERT INTO `countries` (`created_date`, `id`, `modified_date`, `area_code`, `country_code`, `country_eng_name`, `country_name`, `created_by`, `modified_by`) VALUES ('2025-05-01 01:06:33.075973', 13, '2025-05-01 01:06:33.075973', NULL, 'ATA', 'Antarctica', 'Antarctica', NULL, NULL);
INSERT INTO `countries` (`created_date`, `id`, `modified_date`, `area_code`, `country_code`, `country_eng_name`, `country_name`, `created_by`, `modified_by`) VALUES ('2025-05-01 01:06:33.113177', 14, '2025-05-01 01:06:33.113177', '594', 'ATF', 'French Southern Terr', 'French Southern Terr', NULL, NULL);
INSERT INTO `countries` (`created_date`, `id`, `modified_date`, `area_code`, `country_code`, `country_eng_name`, `country_name`, `created_by`, `modified_by`) VALUES ('2025-05-01 01:06:33.148246', 15, '2025-05-01 01:06:33.148246', '1268', 'ATG', 'Antigua', 'Antigua', NULL, NULL);
INSERT INTO `countries` (`created_date`, `id`, `modified_date`, `area_code`, `country_code`, `country_eng_name`, `country_name`, `created_by`, `modified_by`) VALUES ('2025-05-01 01:06:33.190216', 16, '2025-05-01 01:06:33.190216', '61', 'AUS', 'Australia', 'Australia', NULL, NULL);
INSERT INTO `countries` (`created_date`, `id`, `modified_date`, `area_code`, `country_code`, `country_eng_name`, `country_name`, `created_by`, `modified_by`) VALUES ('2025-05-01 01:06:33.223749', 17, '2025-05-01 01:06:33.223749', '43', 'AUT', 'Austria', 'Áo', NULL, NULL);
INSERT INTO `countries` (`created_date`, `id`, `modified_date`, `area_code`, `country_code`, `country_eng_name`, `country_name`, `created_by`, `modified_by`) VALUES ('2025-05-01 01:06:33.254884', 18, '2025-05-01 01:06:33.254884', '994', 'AZE', 'Azerbaijan', 'Azerbaijan', NULL, NULL);
INSERT INTO `countries` (`created_date`, `id`, `modified_date`, `area_code`, `country_code`, `country_eng_name`, `country_name`, `created_by`, `modified_by`) VALUES ('2025-05-01 01:06:33.293272', 19, '2025-05-01 01:06:33.293272', '257', 'BDI', 'Burundi', 'Burundi', NULL, NULL);
INSERT INTO `countries` (`created_date`, `id`, `modified_date`, `area_code`, `country_code`, `country_eng_name`, `country_name`, `created_by`, `modified_by`) VALUES ('2025-05-01 01:06:33.330641', 20, '2025-05-01 01:06:33.330641', '32', 'BEL', 'Belgium', 'Belgium', NULL, NULL);
INSERT INTO `countries` (`created_date`, `id`, `modified_date`, `area_code`, `country_code`, `country_eng_name`, `country_name`, `created_by`, `modified_by`) VALUES ('2025-05-01 01:06:33.367198', 21, '2025-05-01 01:06:33.367198', '229', 'BEN', 'Benin', 'Benin', NULL, NULL);
INSERT INTO `countries` (`created_date`, `id`, `modified_date`, `area_code`, `country_code`, `country_eng_name`, `country_name`, `created_by`, `modified_by`) VALUES ('2025-05-01 01:06:33.402372', 22, '2025-05-01 01:06:33.402372', '226', 'BFA', 'Burkina Faso', 'Burkina Faso', NULL, NULL);
INSERT INTO `countries` (`created_date`, `id`, `modified_date`, `area_code`, `country_code`, `country_eng_name`, `country_name`, `created_by`, `modified_by`) VALUES ('2025-05-01 01:06:33.436011', 23, '2025-05-01 01:06:33.436011', '880', 'BGD', 'Bangladesh', 'Bangladesh', NULL, NULL);
INSERT INTO `countries` (`created_date`, `id`, `modified_date`, `area_code`, `country_code`, `country_eng_name`, `country_name`, `created_by`, `modified_by`) VALUES ('2025-05-01 01:06:33.467316', 24, '2025-05-01 01:06:33.467316', '359', 'BGR', 'Bulgaria', 'Bulgaria', NULL, NULL);
INSERT INTO `countries` (`created_date`, `id`, `modified_date`, `area_code`, `country_code`, `country_eng_name`, `country_name`, `created_by`, `modified_by`) VALUES ('2025-05-01 01:06:33.500691', 25, '2025-05-01 01:06:33.500691', '973', 'BHR', 'Bahrain', 'Bahrain', NULL, NULL);
INSERT INTO `countries` (`created_date`, `id`, `modified_date`, `area_code`, `country_code`, `country_eng_name`, `country_name`, `created_by`, `modified_by`) VALUES ('2025-05-01 01:06:33.536400', 26, '2025-05-01 01:06:33.536400', '1242', 'BHS', 'Bahamas', 'Bahamas', NULL, NULL);
INSERT INTO `countries` (`created_date`, `id`, `modified_date`, `area_code`, `country_code`, `country_eng_name`, `country_name`, `created_by`, `modified_by`) VALUES ('2025-05-01 01:06:33.573328', 27, '2025-05-01 01:06:33.573328', '387', 'BIH', 'Bosnia Herzegovina', 'Bosnia Herzegovina', NULL, NULL);
INSERT INTO `countries` (`created_date`, `id`, `modified_date`, `area_code`, `country_code`, `country_eng_name`, `country_name`, `created_by`, `modified_by`) VALUES ('2025-05-01 01:06:33.612750', 28, '2025-05-01 01:06:33.612750', '375', 'BLR', 'Belarus', 'Belarus', NULL, NULL);
INSERT INTO `countries` (`created_date`, `id`, `modified_date`, `area_code`, `country_code`, `country_eng_name`, `country_name`, `created_by`, `modified_by`) VALUES ('2025-05-01 01:06:33.649731', 29, '2025-05-01 01:06:33.649731', '501', 'BLZ', 'Belize', 'Belize', NULL, NULL);
INSERT INTO `countries` (`created_date`, `id`, `modified_date`, `area_code`, `country_code`, `country_eng_name`, `country_name`, `created_by`, `modified_by`) VALUES ('2025-05-01 01:06:33.692300', 30, '2025-05-01 01:06:33.692300', NULL, 'BMU', 'Bermuda', 'Bermuda', NULL, NULL);
INSERT INTO `countries` (`created_date`, `id`, `modified_date`, `area_code`, `country_code`, `country_eng_name`, `country_name`, `created_by`, `modified_by`) VALUES ('2025-05-01 01:06:33.737510', 31, '2025-05-01 01:06:33.737510', '591', 'BOL', 'Bolivia', 'Bolivia', NULL, NULL);
INSERT INTO `countries` (`created_date`, `id`, `modified_date`, `area_code`, `country_code`, `country_eng_name`, `country_name`, `created_by`, `modified_by`) VALUES ('2025-05-01 01:06:33.778452', 32, '2025-05-01 01:06:33.778452', '55', 'BRA', 'Brazil', 'Brazil', NULL, NULL);
INSERT INTO `countries` (`created_date`, `id`, `modified_date`, `area_code`, `country_code`, `country_eng_name`, `country_name`, `created_by`, `modified_by`) VALUES ('2025-05-01 01:06:33.811301', 33, '2025-05-01 01:06:33.811301', '1246', 'BRB', 'Barbados', 'Barbados', NULL, NULL);
INSERT INTO `countries` (`created_date`, `id`, `modified_date`, `area_code`, `country_code`, `country_eng_name`, `country_name`, `created_by`, `modified_by`) VALUES ('2025-05-01 01:06:33.846186', 34, '2025-05-01 01:06:33.846186', '975', 'BRN', 'Brunei', 'Brunei', NULL, NULL);
INSERT INTO `countries` (`created_date`, `id`, `modified_date`, `area_code`, `country_code`, `country_eng_name`, `country_name`, `created_by`, `modified_by`) VALUES ('2025-05-01 01:06:33.883451', 35, '2025-05-01 01:06:33.883451', NULL, 'BTN', 'Bhutan', 'Bhutan', NULL, NULL);
INSERT INTO `countries` (`created_date`, `id`, `modified_date`, `area_code`, `country_code`, `country_eng_name`, `country_name`, `created_by`, `modified_by`) VALUES ('2025-05-01 01:06:33.924199', 36, '2025-05-01 01:06:33.924199', NULL, 'BVT', 'Bouvet Island', 'Bouvet Island', NULL, NULL);
INSERT INTO `countries` (`created_date`, `id`, `modified_date`, `area_code`, `country_code`, `country_eng_name`, `country_name`, `created_by`, `modified_by`) VALUES ('2025-05-01 01:06:33.958981', 37, '2025-05-01 01:06:33.958981', '267', 'BWA', 'Botswana', 'Botswana', NULL, NULL);
INSERT INTO `countries` (`created_date`, `id`, `modified_date`, `area_code`, `country_code`, `country_eng_name`, `country_name`, `created_by`, `modified_by`) VALUES ('2025-05-01 01:06:33.991281', 38, '2025-05-01 01:06:33.991281', '236', 'CAF', 'Central African Repu', 'Central African Repu', NULL, NULL);
INSERT INTO `countries` (`created_date`, `id`, `modified_date`, `area_code`, `country_code`, `country_eng_name`, `country_name`, `created_by`, `modified_by`) VALUES ('2025-05-01 01:06:34.024336', 39, '2025-05-01 01:06:34.024336', '1', 'CAN', 'Canada', 'Canada', NULL, NULL);
INSERT INTO `countries` (`created_date`, `id`, `modified_date`, `area_code`, `country_code`, `country_eng_name`, `country_name`, `created_by`, `modified_by`) VALUES ('2025-05-01 01:06:34.073916', 40, '2025-05-01 01:06:34.073916', '41', 'CCK', 'Cocs (Keeling) Islan', 'Cocs (Keeling) Islan', NULL, NULL);
INSERT INTO `countries` (`created_date`, `id`, `modified_date`, `area_code`, `country_code`, `country_eng_name`, `country_name`, `created_by`, `modified_by`) VALUES ('2025-05-01 01:06:34.109329', 41, '2025-05-01 01:06:34.109329', NULL, 'CHE', 'Switzerland', 'Switzerland', NULL, NULL);
INSERT INTO `countries` (`created_date`, `id`, `modified_date`, `area_code`, `country_code`, `country_eng_name`, `country_name`, `created_by`, `modified_by`) VALUES ('2025-05-01 01:06:34.139465', 42, '2025-05-01 01:06:34.139465', '86', 'CHN', 'China', 'Trung Quốc', NULL, NULL);
INSERT INTO `countries` (`created_date`, `id`, `modified_date`, `area_code`, `country_code`, `country_eng_name`, `country_name`, `created_by`, `modified_by`) VALUES ('2025-05-01 01:06:34.178625', 43, '2025-05-01 01:06:34.178625', NULL, 'CIV', 'Cote D''lvoire', 'Cote D''lvoire', NULL, NULL);
INSERT INTO `countries` (`created_date`, `id`, `modified_date`, `area_code`, `country_code`, `country_eng_name`, `country_name`, `created_by`, `modified_by`) VALUES ('2025-05-01 01:06:34.221994', 44, '2025-05-01 01:06:34.221994', '237', 'CMR', 'Cameroon', 'Cameroon', NULL, NULL);
INSERT INTO `countries` (`created_date`, `id`, `modified_date`, `area_code`, `country_code`, `country_eng_name`, `country_name`, `created_by`, `modified_by`) VALUES ('2025-05-01 01:06:34.262393', 45, '2025-05-01 01:06:34.262393', '243', 'COD', 'Congo', 'Congo', NULL, NULL);
INSERT INTO `countries` (`created_date`, `id`, `modified_date`, `area_code`, `country_code`, `country_eng_name`, `country_name`, `created_by`, `modified_by`) VALUES ('2025-05-01 01:06:34.291449', 46, '2025-05-01 01:06:34.291449', '242', 'COG', 'Rep of Congo', 'Rep of Congo', NULL, NULL);
INSERT INTO `countries` (`created_date`, `id`, `modified_date`, `area_code`, `country_code`, `country_eng_name`, `country_name`, `created_by`, `modified_by`) VALUES ('2025-05-01 01:06:34.324839', 47, '2025-05-01 01:06:34.324839', NULL, 'COK', 'Cook Island', 'Cook Island', NULL, NULL);
INSERT INTO `countries` (`created_date`, `id`, `modified_date`, `area_code`, `country_code`, `country_eng_name`, `country_name`, `created_by`, `modified_by`) VALUES ('2025-05-01 01:06:34.361015', 48, '2025-05-01 01:06:34.361015', '57', 'COL', 'Colombia', 'Colombia', NULL, NULL);
INSERT INTO `countries` (`created_date`, `id`, `modified_date`, `area_code`, `country_code`, `country_eng_name`, `country_name`, `created_by`, `modified_by`) VALUES ('2025-05-01 01:06:34.398426', 49, '2025-05-01 01:06:34.398426', '269', 'COM', 'Comoros', 'Comoros', NULL, NULL);
INSERT INTO `countries` (`created_date`, `id`, `modified_date`, `area_code`, `country_code`, `country_eng_name`, `country_name`, `created_by`, `modified_by`) VALUES ('2025-05-01 01:06:34.440559', 50, '2025-05-01 01:06:34.440559', '238', 'CPV', 'Cape Verde', 'Cape Verde', NULL, NULL);
INSERT INTO `countries` (`created_date`, `id`, `modified_date`, `area_code`, `country_code`, `country_eng_name`, `country_name`, `created_by`, `modified_by`) VALUES ('2025-05-01 01:06:34.475583', 51, '2025-05-01 01:06:34.475583', '506', 'CRI', 'Costa Rica', 'Costa Rica', NULL, NULL);
INSERT INTO `countries` (`created_date`, `id`, `modified_date`, `area_code`, `country_code`, `country_eng_name`, `country_name`, `created_by`, `modified_by`) VALUES ('2025-05-01 01:06:34.511321', 52, '2025-05-01 01:06:34.511321', NULL, 'CUB', 'Cuba', 'Cuba', NULL, NULL);
INSERT INTO `countries` (`created_date`, `id`, `modified_date`, `area_code`, `country_code`, `country_eng_name`, `country_name`, `created_by`, `modified_by`) VALUES ('2025-05-01 01:06:34.542539', 53, '2025-05-01 01:06:34.542539', '53', 'CUBA', 'Cuba', 'Cuba', NULL, NULL);
INSERT INTO `countries` (`created_date`, `id`, `modified_date`, `area_code`, `country_code`, `country_eng_name`, `country_name`, `created_by`, `modified_by`) VALUES ('2025-05-01 01:06:34.580645', 54, '2025-05-01 01:06:34.580645', NULL, 'CYM', 'Cayman Islands', 'Cayman Islands', NULL, NULL);
INSERT INTO `countries` (`created_date`, `id`, `modified_date`, `area_code`, `country_code`, `country_eng_name`, `country_name`, `created_by`, `modified_by`) VALUES ('2025-05-01 01:06:34.625512', 55, '2025-05-01 01:06:34.625512', '357', 'CYP', 'Cyprus', 'Cyprus', NULL, NULL);
INSERT INTO `countries` (`created_date`, `id`, `modified_date`, `area_code`, `country_code`, `country_eng_name`, `country_name`, `created_by`, `modified_by`) VALUES ('2025-05-01 01:06:34.662441', 56, '2025-05-01 01:06:34.662441', '420', 'CZE', 'Czech Republic', 'Czech Republic', NULL, NULL);
INSERT INTO `countries` (`created_date`, `id`, `modified_date`, `area_code`, `country_code`, `country_eng_name`, `country_name`, `created_by`, `modified_by`) VALUES ('2025-05-01 01:06:34.706411', 57, '2025-05-01 01:06:34.706411', '49', 'DEU', 'Germany', 'Germany', NULL, NULL);
INSERT INTO `countries` (`created_date`, `id`, `modified_date`, `area_code`, `country_code`, `country_eng_name`, `country_name`, `created_by`, `modified_by`) VALUES ('2025-05-01 01:06:34.741083', 58, '2025-05-01 01:06:34.741083', '56', 'DHL', 'Chile', 'Chile', NULL, NULL);
INSERT INTO `countries` (`created_date`, `id`, `modified_date`, `area_code`, `country_code`, `country_eng_name`, `country_name`, `created_by`, `modified_by`) VALUES ('2025-05-01 01:06:34.773662', 59, '2025-05-01 01:06:34.773662', '253', 'DJI', 'Djibouti', 'Djibouti', NULL, NULL);
INSERT INTO `countries` (`created_date`, `id`, `modified_date`, `area_code`, `country_code`, `country_eng_name`, `country_name`, `created_by`, `modified_by`) VALUES ('2025-05-01 01:06:34.808185', 60, '2025-05-01 01:06:34.808185', '1767', 'DMA', 'Dominica', 'Dominica', NULL, NULL);
INSERT INTO `countries` (`created_date`, `id`, `modified_date`, `area_code`, `country_code`, `country_eng_name`, `country_name`, `created_by`, `modified_by`) VALUES ('2025-05-01 01:06:34.842704', 61, '2025-05-01 01:06:34.842704', '45', 'DNK', 'Denmark', 'Denmark', NULL, NULL);
INSERT INTO `countries` (`created_date`, `id`, `modified_date`, `area_code`, `country_code`, `country_eng_name`, `country_name`, `created_by`, `modified_by`) VALUES ('2025-05-01 01:06:34.879479', 62, '2025-05-01 01:06:34.879479', '1', 'DOM', 'Dominican Republic', 'Dominican Republic', NULL, NULL);
INSERT INTO `countries` (`created_date`, `id`, `modified_date`, `area_code`, `country_code`, `country_eng_name`, `country_name`, `created_by`, `modified_by`) VALUES ('2025-05-01 01:06:34.916759', 63, '2025-05-01 01:06:34.916759', '213', 'DZA', 'Algeria', 'Algeria', NULL, NULL);
INSERT INTO `countries` (`created_date`, `id`, `modified_date`, `area_code`, `country_code`, `country_eng_name`, `country_name`, `created_by`, `modified_by`) VALUES ('2025-05-01 01:06:34.956420', 64, '2025-05-01 01:06:34.956420', '593', 'ECE', 'Ecuador', 'Ecuador', NULL, NULL);
INSERT INTO `countries` (`created_date`, `id`, `modified_date`, `area_code`, `country_code`, `country_eng_name`, `country_name`, `created_by`, `modified_by`) VALUES ('2025-05-01 01:06:34.991952', 65, '2025-05-01 01:06:34.991952', '20', 'EGY', 'Egypt', 'Egypt', NULL, NULL);
INSERT INTO `countries` (`created_date`, `id`, `modified_date`, `area_code`, `country_code`, `country_eng_name`, `country_name`, `created_by`, `modified_by`) VALUES ('2025-05-01 01:06:35.051320', 66, '2025-05-01 01:06:35.051320', '291', 'ERI', 'Eritrea', 'Eritrea', NULL, NULL);
INSERT INTO `countries` (`created_date`, `id`, `modified_date`, `area_code`, `country_code`, `country_eng_name`, `country_name`, `created_by`, `modified_by`) VALUES ('2025-05-01 01:06:35.093211', 67, '2025-05-01 01:06:35.093211', NULL, 'ESH', 'Western Sahara', 'Western Sahara', NULL, NULL);
INSERT INTO `countries` (`created_date`, `id`, `modified_date`, `area_code`, `country_code`, `country_eng_name`, `country_name`, `created_by`, `modified_by`) VALUES ('2025-05-01 01:06:35.124251', 68, '2025-05-01 01:06:35.124251', '34', 'ESP', 'Spain', 'Spain', NULL, NULL);
INSERT INTO `countries` (`created_date`, `id`, `modified_date`, `area_code`, `country_code`, `country_eng_name`, `country_name`, `created_by`, `modified_by`) VALUES ('2025-05-01 01:06:35.155343', 69, '2025-05-01 01:06:35.155343', '372', 'EST', 'Estonia', 'Estonia', NULL, NULL);
INSERT INTO `countries` (`created_date`, `id`, `modified_date`, `area_code`, `country_code`, `country_eng_name`, `country_name`, `created_by`, `modified_by`) VALUES ('2025-05-01 01:06:35.184579', 70, '2025-05-01 01:06:35.184579', '251', 'ETH', 'Ethiopia', 'Ethiopia', NULL, NULL);
INSERT INTO `countries` (`created_date`, `id`, `modified_date`, `area_code`, `country_code`, `country_eng_name`, `country_name`, `created_by`, `modified_by`) VALUES ('2025-05-01 01:06:35.214720', 71, '2025-05-01 01:06:35.214720', '358', 'FIN', 'Finland', 'Finland', NULL, NULL);
INSERT INTO `countries` (`created_date`, `id`, `modified_date`, `area_code`, `country_code`, `country_eng_name`, `country_name`, `created_by`, `modified_by`) VALUES ('2025-05-01 01:06:35.244207', 72, '2025-05-01 01:06:35.244207', '679', 'FJI', 'Fiji Islands', 'Fiji Islands', NULL, NULL);
INSERT INTO `countries` (`created_date`, `id`, `modified_date`, `area_code`, `country_code`, `country_eng_name`, `country_name`, `created_by`, `modified_by`) VALUES ('2025-05-01 01:06:35.275616', 73, '2025-05-01 01:06:35.275616', NULL, 'FLK', 'Falkland Islands', 'Falkland Islands', NULL, NULL);
INSERT INTO `countries` (`created_date`, `id`, `modified_date`, `area_code`, `country_code`, `country_eng_name`, `country_name`, `created_by`, `modified_by`) VALUES ('2025-05-01 01:06:35.307592', 74, '2025-05-01 01:06:35.307592', '503', 'FLV', 'El Salvador', 'El Salvador', NULL, NULL);
INSERT INTO `countries` (`created_date`, `id`, `modified_date`, `area_code`, `country_code`, `country_eng_name`, `country_name`, `created_by`, `modified_by`) VALUES ('2025-05-01 01:06:35.345732', 75, '2025-05-01 01:06:35.345732', '33', 'FRA', 'France', 'Pháp', NULL, NULL);
INSERT INTO `countries` (`created_date`, `id`, `modified_date`, `area_code`, `country_code`, `country_eng_name`, `country_name`, `created_by`, `modified_by`) VALUES ('2025-05-01 01:06:35.372321', 76, '2025-05-01 01:06:35.372321', NULL, 'FRO', 'Faroe Islands', 'Faroe Islands', NULL, NULL);
INSERT INTO `countries` (`created_date`, `id`, `modified_date`, `area_code`, `country_code`, `country_eng_name`, `country_name`, `created_by`, `modified_by`) VALUES ('2025-05-01 01:06:35.397109', 77, '2025-05-01 01:06:35.397109', '691', 'FSM', 'Micronesia', 'Micronesia', NULL, NULL);
INSERT INTO `countries` (`created_date`, `id`, `modified_date`, `area_code`, `country_code`, `country_eng_name`, `country_name`, `created_by`, `modified_by`) VALUES ('2025-05-01 01:06:35.424509', 78, '2025-05-01 01:06:35.424509', '241', 'GAB', 'Gabon', 'Gabon', NULL, NULL);
INSERT INTO `countries` (`created_date`, `id`, `modified_date`, `area_code`, `country_code`, `country_eng_name`, `country_name`, `created_by`, `modified_by`) VALUES ('2025-05-01 01:06:35.450094', 79, '2025-05-01 01:06:35.450094', NULL, 'GBN', 'United Kingdom of GB', 'United Kingdom of GB', NULL, NULL);
INSERT INTO `countries` (`created_date`, `id`, `modified_date`, `area_code`, `country_code`, `country_eng_name`, `country_name`, `created_by`, `modified_by`) VALUES ('2025-05-01 01:06:35.475707', 80, '2025-05-01 01:06:35.475707', '44', 'GBR', 'United Kingdom', 'United Kingdom', NULL, NULL);
INSERT INTO `countries` (`created_date`, `id`, `modified_date`, `area_code`, `country_code`, `country_eng_name`, `country_name`, `created_by`, `modified_by`) VALUES ('2025-05-01 01:06:35.503801', 81, '2025-05-01 01:06:35.503801', '995', 'GEO', 'Georgia', 'Georgia', NULL, NULL);
INSERT INTO `countries` (`created_date`, `id`, `modified_date`, `area_code`, `country_code`, `country_eng_name`, `country_name`, `created_by`, `modified_by`) VALUES ('2025-05-01 01:06:35.533346', 82, '2025-05-01 01:06:35.533346', '233', 'GHA', 'Ghana', 'Ghana', NULL, NULL);
INSERT INTO `countries` (`created_date`, `id`, `modified_date`, `area_code`, `country_code`, `country_eng_name`, `country_name`, `created_by`, `modified_by`) VALUES ('2025-05-01 01:06:35.562411', 83, '2025-05-01 01:06:35.562411', NULL, 'GIB', 'Gibraltar', 'Gibraltar', NULL, NULL);
INSERT INTO `countries` (`created_date`, `id`, `modified_date`, `area_code`, `country_code`, `country_eng_name`, `country_name`, `created_by`, `modified_by`) VALUES ('2025-05-01 01:06:35.588662', 84, '2025-05-01 01:06:35.588662', '224', 'GIN', 'Guinea', 'Guinea', NULL, NULL);
INSERT INTO `countries` (`created_date`, `id`, `modified_date`, `area_code`, `country_code`, `country_eng_name`, `country_name`, `created_by`, `modified_by`) VALUES ('2025-05-01 01:06:35.614747', 85, '2025-05-01 01:06:35.614747', '590', 'GLP', 'Guadeloupe', 'Guadeloupe', NULL, NULL);
INSERT INTO `countries` (`created_date`, `id`, `modified_date`, `area_code`, `country_code`, `country_eng_name`, `country_name`, `created_by`, `modified_by`) VALUES ('2025-05-01 01:06:35.641031', 86, '2025-05-01 01:06:35.641031', '220', 'GMB', 'Gambia', 'Gambia', NULL, NULL);
INSERT INTO `countries` (`created_date`, `id`, `modified_date`, `area_code`, `country_code`, `country_eng_name`, `country_name`, `created_by`, `modified_by`) VALUES ('2025-05-01 01:06:35.666699', 87, '2025-05-01 01:06:35.666699', '245', 'GNB', 'Guinea Bissau', 'Guinea Bissau', NULL, NULL);
INSERT INTO `countries` (`created_date`, `id`, `modified_date`, `area_code`, `country_code`, `country_eng_name`, `country_name`, `created_by`, `modified_by`) VALUES ('2025-05-01 01:06:35.700508', 88, '2025-05-01 01:06:35.700508', '240', 'GNQ', 'Equatorial Guinea', 'Equatorial Guinea', NULL, NULL);
INSERT INTO `countries` (`created_date`, `id`, `modified_date`, `area_code`, `country_code`, `country_eng_name`, `country_name`, `created_by`, `modified_by`) VALUES ('2025-05-01 01:06:35.728039', 89, '2025-05-01 01:06:35.728039', '30', 'GRC', 'Greece', 'Greece', NULL, NULL);
INSERT INTO `countries` (`created_date`, `id`, `modified_date`, `area_code`, `country_code`, `country_eng_name`, `country_name`, `created_by`, `modified_by`) VALUES ('2025-05-01 01:06:35.754300', 90, '2025-05-01 01:06:35.754300', '1473', 'GRD', 'Grenada', 'Grenada', NULL, NULL);
INSERT INTO `countries` (`created_date`, `id`, `modified_date`, `area_code`, `country_code`, `country_eng_name`, `country_name`, `created_by`, `modified_by`) VALUES ('2025-05-01 01:06:35.783980', 91, '2025-05-01 01:06:35.783980', NULL, 'GRL', 'Greenland', 'Greenland', NULL, NULL);
INSERT INTO `countries` (`created_date`, `id`, `modified_date`, `area_code`, `country_code`, `country_eng_name`, `country_name`, `created_by`, `modified_by`) VALUES ('2025-05-01 01:06:35.809354', 92, '2025-05-01 01:06:35.809354', NULL, 'GTM', 'Guatemala', 'Guatemala', NULL, NULL);
INSERT INTO `countries` (`created_date`, `id`, `modified_date`, `area_code`, `country_code`, `country_eng_name`, `country_name`, `created_by`, `modified_by`) VALUES ('2025-05-01 01:06:35.832536', 93, '2025-05-01 01:06:35.832536', '594', 'GUF', 'French Guiana', 'French Guiana', NULL, NULL);
INSERT INTO `countries` (`created_date`, `id`, `modified_date`, `area_code`, `country_code`, `country_eng_name`, `country_name`, `created_by`, `modified_by`) VALUES ('2025-05-01 01:06:35.856672', 94, '2025-05-01 01:06:35.856672', '1671', 'GUM', 'Guam', 'Guam', NULL, NULL);
INSERT INTO `countries` (`created_date`, `id`, `modified_date`, `area_code`, `country_code`, `country_eng_name`, `country_name`, `created_by`, `modified_by`) VALUES ('2025-05-01 01:06:35.882673', 95, '2025-05-01 01:06:35.882673', '592', 'GUY', 'Guyana', 'Guyana', NULL, NULL);
INSERT INTO `countries` (`created_date`, `id`, `modified_date`, `area_code`, `country_code`, `country_eng_name`, `country_name`, `created_by`, `modified_by`) VALUES ('2025-05-01 01:06:35.912141', 96, '2025-05-01 01:06:35.912141', '852', 'HKG', 'Hong Kong', 'Hong Kong', NULL, NULL);
INSERT INTO `countries` (`created_date`, `id`, `modified_date`, `area_code`, `country_code`, `country_eng_name`, `country_name`, `created_by`, `modified_by`) VALUES ('2025-05-01 01:06:35.946654', 97, '2025-05-01 01:06:35.946654', NULL, 'HMD', 'Heard Island', 'Heard Island', NULL, NULL);
INSERT INTO `countries` (`created_date`, `id`, `modified_date`, `area_code`, `country_code`, `country_eng_name`, `country_name`, `created_by`, `modified_by`) VALUES ('2025-05-01 01:06:35.976047', 98, '2025-05-01 01:06:35.976047', '504', 'HND', 'Honduras', 'Honduras', NULL, NULL);
INSERT INTO `countries` (`created_date`, `id`, `modified_date`, `area_code`, `country_code`, `country_eng_name`, `country_name`, `created_by`, `modified_by`) VALUES ('2025-05-01 01:06:36.005031', 99, '2025-05-01 01:06:36.005031', '385', 'HRV', 'Croatia', 'Croatia', NULL, NULL);
INSERT INTO `countries` (`created_date`, `id`, `modified_date`, `area_code`, `country_code`, `country_eng_name`, `country_name`, `created_by`, `modified_by`) VALUES ('2025-05-01 01:06:36.038026', 100, '2025-05-01 01:06:36.038026', '509', 'HTI', 'Haiti', 'Haiti', NULL, NULL);
INSERT INTO `countries` (`created_date`, `id`, `modified_date`, `area_code`, `country_code`, `country_eng_name`, `country_name`, `created_by`, `modified_by`) VALUES ('2025-05-01 01:06:36.063544', 101, '2025-05-01 01:06:36.063544', '36', 'HUN', 'Hungary', 'Hungary', NULL, NULL);
INSERT INTO `countries` (`created_date`, `id`, `modified_date`, `area_code`, `country_code`, `country_eng_name`, `country_name`, `created_by`, `modified_by`) VALUES ('2025-05-01 01:06:36.094839', 102, '2025-05-01 01:06:36.094839', NULL, 'IAR', 'Yugoslavia', 'Yugoslavia', NULL, NULL);
INSERT INTO `countries` (`created_date`, `id`, `modified_date`, `area_code`, `country_code`, `country_eng_name`, `country_name`, `created_by`, `modified_by`) VALUES ('2025-05-01 01:06:36.134895', 103, '2025-05-01 01:06:36.134895', '62', 'IDN', 'Indonesia', 'Indonesia', NULL, NULL);
INSERT INTO `countries` (`created_date`, `id`, `modified_date`, `area_code`, `country_code`, `country_eng_name`, `country_name`, `created_by`, `modified_by`) VALUES ('2025-05-01 01:06:36.168524', 104, '2025-05-01 01:06:36.168524', '91', 'IND', 'India', 'Ấn Độ', NULL, NULL);
INSERT INTO `countries` (`created_date`, `id`, `modified_date`, `area_code`, `country_code`, `country_eng_name`, `country_name`, `created_by`, `modified_by`) VALUES ('2025-05-01 01:06:36.203456', 105, '2025-05-01 01:06:36.203456', '246', 'IOT', 'British Indian Ocean', 'British Indian Ocean', NULL, NULL);
INSERT INTO `countries` (`created_date`, `id`, `modified_date`, `area_code`, `country_code`, `country_eng_name`, `country_name`, `created_by`, `modified_by`) VALUES ('2025-05-01 01:06:36.233791', 106, '2025-05-01 01:06:36.233791', '353', 'IRL', 'Ireland', 'Ireland', NULL, NULL);
INSERT INTO `countries` (`created_date`, `id`, `modified_date`, `area_code`, `country_code`, `country_eng_name`, `country_name`, `created_by`, `modified_by`) VALUES ('2025-05-01 01:06:36.264110', 107, '2025-05-01 01:06:36.264110', '98', 'IRN', 'Iran', 'Iran', NULL, NULL);
INSERT INTO `countries` (`created_date`, `id`, `modified_date`, `area_code`, `country_code`, `country_eng_name`, `country_name`, `created_by`, `modified_by`) VALUES ('2025-05-01 01:06:36.290872', 108, '2025-05-01 01:06:36.290872', '964', 'IRQ', 'Iraq', 'Iraq', NULL, NULL);
INSERT INTO `countries` (`created_date`, `id`, `modified_date`, `area_code`, `country_code`, `country_eng_name`, `country_name`, `created_by`, `modified_by`) VALUES ('2025-05-01 01:06:36.316333', 109, '2025-05-01 01:06:36.316333', '354', 'ISL', 'Iceland', 'Iceland', NULL, NULL);
INSERT INTO `countries` (`created_date`, `id`, `modified_date`, `area_code`, `country_code`, `country_eng_name`, `country_name`, `created_by`, `modified_by`) VALUES ('2025-05-01 01:06:36.342580', 110, '2025-05-01 01:06:36.342580', '972', 'ISR', 'Israel', 'Israel', NULL, NULL);
INSERT INTO `countries` (`created_date`, `id`, `modified_date`, `area_code`, `country_code`, `country_eng_name`, `country_name`, `created_by`, `modified_by`) VALUES ('2025-05-01 01:06:36.374016', 111, '2025-05-01 01:06:36.374016', '39', 'ITA', 'Italy', 'Italy', NULL, NULL);
INSERT INTO `countries` (`created_date`, `id`, `modified_date`, `area_code`, `country_code`, `country_eng_name`, `country_name`, `created_by`, `modified_by`) VALUES ('2025-05-01 01:06:36.405576', 112, '2025-05-01 01:06:36.405576', '1876', 'JAM', 'Jamaica', 'Jamaica', NULL, NULL);
INSERT INTO `countries` (`created_date`, `id`, `modified_date`, `area_code`, `country_code`, `country_eng_name`, `country_name`, `created_by`, `modified_by`) VALUES ('2025-05-01 01:06:36.439675', 113, '2025-05-01 01:06:36.439675', '962', 'JOR', 'Jordan', 'Jordan', NULL, NULL);
INSERT INTO `countries` (`created_date`, `id`, `modified_date`, `area_code`, `country_code`, `country_eng_name`, `country_name`, `created_by`, `modified_by`) VALUES ('2025-05-01 01:06:36.470182', 114, '2025-05-01 01:06:36.470182', '81', 'JPN', 'Japan', 'Nhật Bản', NULL, NULL);
INSERT INTO `countries` (`created_date`, `id`, `modified_date`, `area_code`, `country_code`, `country_eng_name`, `country_name`, `created_by`, `modified_by`) VALUES ('2025-05-01 01:06:36.498096', 115, '2025-05-01 01:06:36.498096', '7', 'KAZ', 'Kazakhstan', 'Kazakhstan', NULL, NULL);
INSERT INTO `countries` (`created_date`, `id`, `modified_date`, `area_code`, `country_code`, `country_eng_name`, `country_name`, `created_by`, `modified_by`) VALUES ('2025-05-01 01:06:36.526617', 116, '2025-05-01 01:06:36.526617', '254', 'KEN', 'Kenya', 'Kenya', NULL, NULL);
INSERT INTO `countries` (`created_date`, `id`, `modified_date`, `area_code`, `country_code`, `country_eng_name`, `country_name`, `created_by`, `modified_by`) VALUES ('2025-05-01 01:06:36.559213', 117, '2025-05-01 01:06:36.559213', '996', 'KGZ', 'Kyrgyzstan', 'Kyrgyzstan', NULL, NULL);
INSERT INTO `countries` (`created_date`, `id`, `modified_date`, `area_code`, `country_code`, `country_eng_name`, `country_name`, `created_by`, `modified_by`) VALUES ('2025-05-01 01:06:36.591960', 118, '2025-05-01 01:06:36.591960', '855', 'KHM', 'Cambodia', 'Campuchia', NULL, NULL);
INSERT INTO `countries` (`created_date`, `id`, `modified_date`, `area_code`, `country_code`, `country_eng_name`, `country_name`, `created_by`, `modified_by`) VALUES ('2025-05-01 01:06:36.623008', 119, '2025-05-01 01:06:36.623008', '686', 'KIR', 'Kiribati', 'Kiribati', NULL, NULL);
INSERT INTO `countries` (`created_date`, `id`, `modified_date`, `area_code`, `country_code`, `country_eng_name`, `country_name`, `created_by`, `modified_by`) VALUES ('2025-05-01 01:06:36.655047', 120, '2025-05-01 01:06:36.655047', '1869', 'KNA', 'Saint Kitts and Nevi', 'Saint Kitts and Nevi', NULL, NULL);
INSERT INTO `countries` (`created_date`, `id`, `modified_date`, `area_code`, `country_code`, `country_eng_name`, `country_name`, `created_by`, `modified_by`) VALUES ('2025-05-01 01:06:36.687418', 121, '2025-05-01 01:06:36.687418', '82', 'KOR', 'South Korea', 'South Korea', NULL, NULL);
INSERT INTO `countries` (`created_date`, `id`, `modified_date`, `area_code`, `country_code`, `country_eng_name`, `country_name`, `created_by`, `modified_by`) VALUES ('2025-05-01 01:06:36.714961', 122, '2025-05-01 01:06:36.714961', '965', 'KWT', 'Kuwait', 'Kuwait', NULL, NULL);
INSERT INTO `countries` (`created_date`, `id`, `modified_date`, `area_code`, `country_code`, `country_eng_name`, `country_name`, `created_by`, `modified_by`) VALUES ('2025-05-01 01:06:36.747002', 123, '2025-05-01 01:06:36.747002', '856', 'LAO', 'Laos PDRC', 'Laos PDRC', NULL, NULL);
INSERT INTO `countries` (`created_date`, `id`, `modified_date`, `area_code`, `country_code`, `country_eng_name`, `country_name`, `created_by`, `modified_by`) VALUES ('2025-05-01 01:06:36.778951', 124, '2025-05-01 01:06:36.778951', '961', 'LBN', 'Lebanon', 'Lebanon', NULL, NULL);
INSERT INTO `countries` (`created_date`, `id`, `modified_date`, `area_code`, `country_code`, `country_eng_name`, `country_name`, `created_by`, `modified_by`) VALUES ('2025-05-01 01:06:36.812646', 125, '2025-05-01 01:06:36.812646', '231', 'LBR', 'Liberia', 'Liberia', NULL, NULL);
INSERT INTO `countries` (`created_date`, `id`, `modified_date`, `area_code`, `country_code`, `country_eng_name`, `country_name`, `created_by`, `modified_by`) VALUES ('2025-05-01 01:06:36.845666', 126, '2025-05-01 01:06:36.845666', '966', 'LBY', 'Libyan Arab', 'Libyan Arab', NULL, NULL);
INSERT INTO `countries` (`created_date`, `id`, `modified_date`, `area_code`, `country_code`, `country_eng_name`, `country_name`, `created_by`, `modified_by`) VALUES ('2025-05-01 01:06:36.872723', 127, '2025-05-01 01:06:36.872723', '1758', 'LCA', 'Saint Lucia', 'Saint Lucia', NULL, NULL);
INSERT INTO `countries` (`created_date`, `id`, `modified_date`, `area_code`, `country_code`, `country_eng_name`, `country_name`, `created_by`, `modified_by`) VALUES ('2025-05-01 01:06:36.899699', 128, '2025-05-01 01:06:36.899699', '423', 'LIE', 'Liechtenstein', 'Liechtenstein', NULL, NULL);
INSERT INTO `countries` (`created_date`, `id`, `modified_date`, `area_code`, `country_code`, `country_eng_name`, `country_name`, `created_by`, `modified_by`) VALUES ('2025-05-01 01:06:36.930832', 129, '2025-05-01 01:06:36.930832', '94', 'LKA', 'Sri Lanka', 'Sri Lanka', NULL, NULL);
INSERT INTO `countries` (`created_date`, `id`, `modified_date`, `area_code`, `country_code`, `country_eng_name`, `country_name`, `created_by`, `modified_by`) VALUES ('2025-05-01 01:06:36.954677', 130, '2025-05-01 01:06:36.954677', '266', 'LSO', 'Lesotho', 'Lesotho', NULL, NULL);
INSERT INTO `countries` (`created_date`, `id`, `modified_date`, `area_code`, `country_code`, `country_eng_name`, `country_name`, `created_by`, `modified_by`) VALUES ('2025-05-01 01:06:36.977388', 131, '2025-05-01 01:06:36.977388', '370', 'LTU', 'Lithuania', 'Lithuania', NULL, NULL);
INSERT INTO `countries` (`created_date`, `id`, `modified_date`, `area_code`, `country_code`, `country_eng_name`, `country_name`, `created_by`, `modified_by`) VALUES ('2025-05-01 01:06:37.004316', 132, '2025-05-01 01:06:37.004316', '352', 'LUX', 'Luxembourg', 'Luxembourg', NULL, NULL);
INSERT INTO `countries` (`created_date`, `id`, `modified_date`, `area_code`, `country_code`, `country_eng_name`, `country_name`, `created_by`, `modified_by`) VALUES ('2025-05-01 01:06:37.031318', 133, '2025-05-01 01:06:37.031318', '371', 'LVA', 'Latvia', 'Latvia', NULL, NULL);
INSERT INTO `countries` (`created_date`, `id`, `modified_date`, `area_code`, `country_code`, `country_eng_name`, `country_name`, `created_by`, `modified_by`) VALUES ('2025-05-01 01:06:37.059849', 134, '2025-05-01 01:06:37.059849', '853', 'MAC', 'Macau', 'Macau', NULL, NULL);
INSERT INTO `countries` (`created_date`, `id`, `modified_date`, `area_code`, `country_code`, `country_eng_name`, `country_name`, `created_by`, `modified_by`) VALUES ('2025-05-01 01:06:37.086062', 135, '2025-05-01 01:06:37.086062', '212', 'MAR', 'Morocco', 'Morocco', NULL, NULL);
INSERT INTO `countries` (`created_date`, `id`, `modified_date`, `area_code`, `country_code`, `country_eng_name`, `country_name`, `created_by`, `modified_by`) VALUES ('2025-05-01 01:06:37.110078', 136, '2025-05-01 01:06:37.110078', '261', 'MBG', 'Madagascar', 'Madagascar', NULL, NULL);
INSERT INTO `countries` (`created_date`, `id`, `modified_date`, `area_code`, `country_code`, `country_eng_name`, `country_name`, `created_by`, `modified_by`) VALUES ('2025-05-01 01:06:37.135168', 137, '2025-05-01 01:06:37.135168', '377', 'MCO', 'Monaco', 'Monaco', NULL, NULL);
INSERT INTO `countries` (`created_date`, `id`, `modified_date`, `area_code`, `country_code`, `country_eng_name`, `country_name`, `created_by`, `modified_by`) VALUES ('2025-05-01 01:06:37.159174', 138, '2025-05-01 01:06:37.159174', '373', 'MDA', 'Moldova Republic of', 'Moldova Republic of', NULL, NULL);
INSERT INTO `countries` (`created_date`, `id`, `modified_date`, `area_code`, `country_code`, `country_eng_name`, `country_name`, `created_by`, `modified_by`) VALUES ('2025-05-01 01:06:37.184772', 139, '2025-05-01 01:06:37.184772', '960', 'MDV', 'Maldives', 'Maldives', NULL, NULL);
INSERT INTO `countries` (`created_date`, `id`, `modified_date`, `area_code`, `country_code`, `country_eng_name`, `country_name`, `created_by`, `modified_by`) VALUES ('2025-05-01 01:06:37.210390', 140, '2025-05-01 01:06:37.210390', '52', 'MEX', 'Mexico', 'Mexico', NULL, NULL);
INSERT INTO `countries` (`created_date`, `id`, `modified_date`, `area_code`, `country_code`, `country_eng_name`, `country_name`, `created_by`, `modified_by`) VALUES ('2025-05-01 01:06:37.238721', 141, '2025-05-01 01:06:37.238721', '692', 'MHL', 'Marshall Islands', 'Marshall Islands', NULL, NULL);
INSERT INTO `countries` (`created_date`, `id`, `modified_date`, `area_code`, `country_code`, `country_eng_name`, `country_name`, `created_by`, `modified_by`) VALUES ('2025-05-01 01:06:37.264552', 142, '2025-05-01 01:06:37.264552', '389', 'MKD', 'Macedonia', 'Macedonia', NULL, NULL);
INSERT INTO `countries` (`created_date`, `id`, `modified_date`, `area_code`, `country_code`, `country_eng_name`, `country_name`, `created_by`, `modified_by`) VALUES ('2025-05-01 01:06:37.296176', 143, '2025-05-01 01:06:37.296176', '223', 'MLI', 'Mali', 'Mali', NULL, NULL);
INSERT INTO `countries` (`created_date`, `id`, `modified_date`, `area_code`, `country_code`, `country_eng_name`, `country_name`, `created_by`, `modified_by`) VALUES ('2025-05-01 01:06:37.327336', 144, '2025-05-01 01:06:37.327336', '356', 'MLT', 'Malta', 'Malta', NULL, NULL);
INSERT INTO `countries` (`created_date`, `id`, `modified_date`, `area_code`, `country_code`, `country_eng_name`, `country_name`, `created_by`, `modified_by`) VALUES ('2025-05-01 01:06:37.352093', 145, '2025-05-01 01:06:37.352093', '95', 'MMR', 'Myanmar', 'Myanmar', NULL, NULL);
INSERT INTO `countries` (`created_date`, `id`, `modified_date`, `area_code`, `country_code`, `country_eng_name`, `country_name`, `created_by`, `modified_by`) VALUES ('2025-05-01 01:06:37.377796', 146, '2025-05-01 01:06:37.377796', '382', 'MNE', 'Montenegro', 'Montenegro', NULL, NULL);
INSERT INTO `countries` (`created_date`, `id`, `modified_date`, `area_code`, `country_code`, `country_eng_name`, `country_name`, `created_by`, `modified_by`) VALUES ('2025-05-01 01:06:37.405279', 147, '2025-05-01 01:06:37.405279', '976', 'MNG', 'Mongolia', 'Mongolia', NULL, NULL);
INSERT INTO `countries` (`created_date`, `id`, `modified_date`, `area_code`, `country_code`, `country_eng_name`, `country_name`, `created_by`, `modified_by`) VALUES ('2025-05-01 01:06:37.436155', 148, '2025-05-01 01:06:37.436155', '258', 'MOZ', 'Mozambique', 'Mozambique', NULL, NULL);
INSERT INTO `countries` (`created_date`, `id`, `modified_date`, `area_code`, `country_code`, `country_eng_name`, `country_name`, `created_by`, `modified_by`) VALUES ('2025-05-01 01:06:37.461195', 149, '2025-05-01 01:06:37.461195', '222', 'MRT', 'Mauritania', 'Mauritania', NULL, NULL);
INSERT INTO `countries` (`created_date`, `id`, `modified_date`, `area_code`, `country_code`, `country_eng_name`, `country_name`, `created_by`, `modified_by`) VALUES ('2025-05-01 01:06:37.487996', 150, '2025-05-01 01:06:37.487996', '596', 'MTQ', 'Martinique', 'Martinique', NULL, NULL);
INSERT INTO `countries` (`created_date`, `id`, `modified_date`, `area_code`, `country_code`, `country_eng_name`, `country_name`, `created_by`, `modified_by`) VALUES ('2025-05-01 01:06:37.509953', 151, '2025-05-01 01:06:37.509953', '230', 'MUS', 'Mauritius', 'Mauritius', NULL, NULL);
INSERT INTO `countries` (`created_date`, `id`, `modified_date`, `area_code`, `country_code`, `country_eng_name`, `country_name`, `created_by`, `modified_by`) VALUES ('2025-05-01 01:06:37.534144', 152, '2025-05-01 01:06:37.534144', '265', 'MWI', 'Malawi', 'Malawi', NULL, NULL);
INSERT INTO `countries` (`created_date`, `id`, `modified_date`, `area_code`, `country_code`, `country_eng_name`, `country_name`, `created_by`, `modified_by`) VALUES ('2025-05-01 01:06:37.558429', 153, '2025-05-01 01:06:37.558429', '60', 'MYS', 'Malaysia', 'Malaysia', NULL, NULL);
INSERT INTO `countries` (`created_date`, `id`, `modified_date`, `area_code`, `country_code`, `country_eng_name`, `country_name`, `created_by`, `modified_by`) VALUES ('2025-05-01 01:06:37.581539', 154, '2025-05-01 01:06:37.581539', NULL, 'MYT', 'Mayotte', 'Mayotte', NULL, NULL);
INSERT INTO `countries` (`created_date`, `id`, `modified_date`, `area_code`, `country_code`, `country_eng_name`, `country_name`, `created_by`, `modified_by`) VALUES ('2025-05-01 01:06:37.611572', 155, '2025-05-01 01:06:37.611572', '264', 'NAM', 'Namibia', 'Namibia', NULL, NULL);
INSERT INTO `countries` (`created_date`, `id`, `modified_date`, `area_code`, `country_code`, `country_eng_name`, `country_name`, `created_by`, `modified_by`) VALUES ('2025-05-01 01:06:37.643629', 156, '2025-05-01 01:06:37.643629', '687', 'NCL', 'New Caledonia', 'New Caledonia', NULL, NULL);
INSERT INTO `countries` (`created_date`, `id`, `modified_date`, `area_code`, `country_code`, `country_eng_name`, `country_name`, `created_by`, `modified_by`) VALUES ('2025-05-01 01:06:37.678250', 157, '2025-05-01 01:06:37.678250', '227', 'NER', 'Niger', 'Niger', NULL, NULL);
INSERT INTO `countries` (`created_date`, `id`, `modified_date`, `area_code`, `country_code`, `country_eng_name`, `country_name`, `created_by`, `modified_by`) VALUES ('2025-05-01 01:06:37.712778', 158, '2025-05-01 01:06:37.712778', NULL, 'NFK', 'Norfolk Island', 'Norfolk Island', NULL, NULL);
INSERT INTO `countries` (`created_date`, `id`, `modified_date`, `area_code`, `country_code`, `country_eng_name`, `country_name`, `created_by`, `modified_by`) VALUES ('2025-05-01 01:06:37.740017', 159, '2025-05-01 01:06:37.740017', '234', 'NGA', 'Nigeria', 'Nigeria', NULL, NULL);
INSERT INTO `countries` (`created_date`, `id`, `modified_date`, `area_code`, `country_code`, `country_eng_name`, `country_name`, `created_by`, `modified_by`) VALUES ('2025-05-01 01:06:37.765504', 160, '2025-05-01 01:06:37.765504', '505', 'NIC', 'Nicaragua', 'Nicaragua', NULL, NULL);
INSERT INTO `countries` (`created_date`, `id`, `modified_date`, `area_code`, `country_code`, `country_eng_name`, `country_name`, `created_by`, `modified_by`) VALUES ('2025-05-01 01:06:37.790246', 161, '2025-05-01 01:06:37.790246', NULL, 'NIU', 'Niue', 'Niue', NULL, NULL);
INSERT INTO `countries` (`created_date`, `id`, `modified_date`, `area_code`, `country_code`, `country_eng_name`, `country_name`, `created_by`, `modified_by`) VALUES ('2025-05-01 01:06:37.817610', 162, '2025-05-01 01:06:37.817610', '31', 'NLD', 'Netherlands', 'Netherlands', NULL, NULL);
INSERT INTO `countries` (`created_date`, `id`, `modified_date`, `area_code`, `country_code`, `country_eng_name`, `country_name`, `created_by`, `modified_by`) VALUES ('2025-05-01 01:06:37.858176', 163, '2025-05-01 01:06:37.858176', NULL, 'NMP', 'Northern MarianaI', 'Northern MarianaI', NULL, NULL);
INSERT INTO `countries` (`created_date`, `id`, `modified_date`, `area_code`, `country_code`, `country_eng_name`, `country_name`, `created_by`, `modified_by`) VALUES ('2025-05-01 01:06:37.888212', 164, '2025-05-01 01:06:37.888212', '47', 'NOR', 'Norway', 'Norway', NULL, NULL);
INSERT INTO `countries` (`created_date`, `id`, `modified_date`, `area_code`, `country_code`, `country_eng_name`, `country_name`, `created_by`, `modified_by`) VALUES ('2025-05-01 01:06:37.917489', 165, '2025-05-01 01:06:37.917489', '977', 'NPL', 'Nepal', 'Nepal', NULL, NULL);
INSERT INTO `countries` (`created_date`, `id`, `modified_date`, `area_code`, `country_code`, `country_eng_name`, `country_name`, `created_by`, `modified_by`) VALUES ('2025-05-01 01:06:37.943295', 166, '2025-05-01 01:06:37.943295', '674', 'NRU', 'Nauru', 'Nauru', NULL, NULL);
INSERT INTO `countries` (`created_date`, `id`, `modified_date`, `area_code`, `country_code`, `country_eng_name`, `country_name`, `created_by`, `modified_by`) VALUES ('2025-05-01 01:06:37.967044', 167, '2025-05-01 01:06:37.967044', '64', 'NZL', 'New Zealand', 'New Zealand', NULL, NULL);
INSERT INTO `countries` (`created_date`, `id`, `modified_date`, `area_code`, `country_code`, `country_eng_name`, `country_name`, `created_by`, `modified_by`) VALUES ('2025-05-01 01:06:37.990589', 168, '2025-05-01 01:06:37.990589', '968', 'OMN', 'Oman', 'Oman', NULL, NULL);
INSERT INTO `countries` (`created_date`, `id`, `modified_date`, `area_code`, `country_code`, `country_eng_name`, `country_name`, `created_by`, `modified_by`) VALUES ('2025-05-01 01:06:38.014863', 169, '2025-05-01 01:06:38.014863', '92', 'PAK', 'Pakistan', 'Pakistan', NULL, NULL);
INSERT INTO `countries` (`created_date`, `id`, `modified_date`, `area_code`, `country_code`, `country_eng_name`, `country_name`, `created_by`, `modified_by`) VALUES ('2025-05-01 01:06:38.045073', 170, '2025-05-01 01:06:38.045073', '507', 'PAN', 'Panama', 'Panama', NULL, NULL);
INSERT INTO `countries` (`created_date`, `id`, `modified_date`, `area_code`, `country_code`, `country_eng_name`, `country_name`, `created_by`, `modified_by`) VALUES ('2025-05-01 01:06:38.075407', 171, '2025-05-01 01:06:38.075407', NULL, 'PCN', 'Pitcairn Islands', 'Pitcairn Islands', NULL, NULL);
INSERT INTO `countries` (`created_date`, `id`, `modified_date`, `area_code`, `country_code`, `country_eng_name`, `country_name`, `created_by`, `modified_by`) VALUES ('2025-05-01 01:06:38.105088', 172, '2025-05-01 01:06:38.105088', '51', 'PER', 'Peru', 'Peru', NULL, NULL);
INSERT INTO `countries` (`created_date`, `id`, `modified_date`, `area_code`, `country_code`, `country_eng_name`, `country_name`, `created_by`, `modified_by`) VALUES ('2025-05-01 01:06:38.133136', 173, '2025-05-01 01:06:38.133136', '63', 'PHL', 'Philippines', 'Philippines', NULL, NULL);
INSERT INTO `countries` (`created_date`, `id`, `modified_date`, `area_code`, `country_code`, `country_eng_name`, `country_name`, `created_by`, `modified_by`) VALUES ('2025-05-01 01:06:38.158562', 174, '2025-05-01 01:06:38.158562', '680', 'PLW', 'Palau', 'Palau', NULL, NULL);
INSERT INTO `countries` (`created_date`, `id`, `modified_date`, `area_code`, `country_code`, `country_eng_name`, `country_name`, `created_by`, `modified_by`) VALUES ('2025-05-01 01:06:38.182527', 175, '2025-05-01 01:06:38.182527', '675', 'PNG', 'Papua New Guinea', 'Papua New Guinea', NULL, NULL);
INSERT INTO `countries` (`created_date`, `id`, `modified_date`, `area_code`, `country_code`, `country_eng_name`, `country_name`, `created_by`, `modified_by`) VALUES ('2025-05-01 01:06:38.205172', 176, '2025-05-01 01:06:38.205172', '48', 'POL', 'Poland', 'Poland', NULL, NULL);
INSERT INTO `countries` (`created_date`, `id`, `modified_date`, `area_code`, `country_code`, `country_eng_name`, `country_name`, `created_by`, `modified_by`) VALUES ('2025-05-01 01:06:38.231369', 177, '2025-05-01 01:06:38.231369', '1', 'PRI', 'Puerto Rico', 'Puerto Rico', NULL, NULL);
INSERT INTO `countries` (`created_date`, `id`, `modified_date`, `area_code`, `country_code`, `country_eng_name`, `country_name`, `created_by`, `modified_by`) VALUES ('2025-05-01 01:06:38.257748', 178, '2025-05-01 01:06:38.257748', '850', 'PRK', 'North Korea', 'Hàn Quốc', NULL, NULL);
INSERT INTO `countries` (`created_date`, `id`, `modified_date`, `area_code`, `country_code`, `country_eng_name`, `country_name`, `created_by`, `modified_by`) VALUES ('2025-05-01 01:06:38.283819', 179, '2025-05-01 01:06:38.283819', '351', 'PRT', 'Portugal', 'Portugal', NULL, NULL);
INSERT INTO `countries` (`created_date`, `id`, `modified_date`, `area_code`, `country_code`, `country_eng_name`, `country_name`, `created_by`, `modified_by`) VALUES ('2025-05-01 01:06:38.310478', 180, '2025-05-01 01:06:38.310478', '595', 'PRY', 'Paraguay', 'Paraguay', NULL, NULL);
INSERT INTO `countries` (`created_date`, `id`, `modified_date`, `area_code`, `country_code`, `country_eng_name`, `country_name`, `created_by`, `modified_by`) VALUES ('2025-05-01 01:06:38.338090', 181, '2025-05-01 01:06:38.338090', '970', 'PSE', 'Palestinain Terr', 'Palestinain Terr', NULL, NULL);
INSERT INTO `countries` (`created_date`, `id`, `modified_date`, `area_code`, `country_code`, `country_eng_name`, `country_name`, `created_by`, `modified_by`) VALUES ('2025-05-01 01:06:38.361528', 182, '2025-05-01 01:06:38.361528', '689', 'PYF', 'French Polynesia', 'French Polynesia', NULL, NULL);
INSERT INTO `countries` (`created_date`, `id`, `modified_date`, `area_code`, `country_code`, `country_eng_name`, `country_name`, `created_by`, `modified_by`) VALUES ('2025-05-01 01:06:38.389285', 183, '2025-05-01 01:06:38.389285', '974', 'QAT', 'Qatar', 'Qatar', NULL, NULL);
INSERT INTO `countries` (`created_date`, `id`, `modified_date`, `area_code`, `country_code`, `country_eng_name`, `country_name`, `created_by`, `modified_by`) VALUES ('2025-05-01 01:06:38.417025', 184, '2025-05-01 01:06:38.417025', '262', 'REU', 'Reunion', 'Reunion', NULL, NULL);
INSERT INTO `countries` (`created_date`, `id`, `modified_date`, `area_code`, `country_code`, `country_eng_name`, `country_name`, `created_by`, `modified_by`) VALUES ('2025-05-01 01:06:38.447074', 185, '2025-05-01 01:06:38.447074', '40', 'ROU', 'Romania', 'Romania', NULL, NULL);
INSERT INTO `countries` (`created_date`, `id`, `modified_date`, `area_code`, `country_code`, `country_eng_name`, `country_name`, `created_by`, `modified_by`) VALUES ('2025-05-01 01:06:38.479655', 186, '2025-05-01 01:06:38.479655', '7', 'RUS', 'Russia', 'Russia', NULL, NULL);
INSERT INTO `countries` (`created_date`, `id`, `modified_date`, `area_code`, `country_code`, `country_eng_name`, `country_name`, `created_by`, `modified_by`) VALUES ('2025-05-01 01:06:38.510609', 187, '2025-05-01 01:06:38.510609', '250', 'RWA', 'Rwanda', 'Rwanda', NULL, NULL);
INSERT INTO `countries` (`created_date`, `id`, `modified_date`, `area_code`, `country_code`, `country_eng_name`, `country_name`, `created_by`, `modified_by`) VALUES ('2025-05-01 01:06:38.542958', 188, '2025-05-01 01:06:38.542958', '966', 'SAU', 'Saudi Arabia', 'Saudi Arabia', NULL, NULL);
INSERT INTO `countries` (`created_date`, `id`, `modified_date`, `area_code`, `country_code`, `country_eng_name`, `country_name`, `created_by`, `modified_by`) VALUES ('2025-05-01 01:06:38.570905', 189, '2025-05-01 01:06:38.570905', '249', 'SDN', 'Sudan', 'Sudan', NULL, NULL);
INSERT INTO `countries` (`created_date`, `id`, `modified_date`, `area_code`, `country_code`, `country_eng_name`, `country_name`, `created_by`, `modified_by`) VALUES ('2025-05-01 01:06:38.599179', 190, '2025-05-01 01:06:38.599179', '221', 'SEN', 'Senegal', 'Senegal', NULL, NULL);
INSERT INTO `countries` (`created_date`, `id`, `modified_date`, `area_code`, `country_code`, `country_eng_name`, `country_name`, `created_by`, `modified_by`) VALUES ('2025-05-01 01:06:38.627285', 191, '2025-05-01 01:06:38.627285', '65', 'SGP', 'Singapore', 'Singapore', NULL, NULL);
INSERT INTO `countries` (`created_date`, `id`, `modified_date`, `area_code`, `country_code`, `country_eng_name`, `country_name`, `created_by`, `modified_by`) VALUES ('2025-05-01 01:06:38.656848', 192, '2025-05-01 01:06:38.656848', '27', 'SGS', 'South Georgia', 'South Georgia', NULL, NULL);
INSERT INTO `countries` (`created_date`, `id`, `modified_date`, `area_code`, `country_code`, `country_eng_name`, `country_name`, `created_by`, `modified_by`) VALUES ('2025-05-01 01:06:38.695302', 193, '2025-05-01 01:06:38.695302', NULL, 'SHN', 'Saint Helena', 'Saint Helena', NULL, NULL);
INSERT INTO `countries` (`created_date`, `id`, `modified_date`, `area_code`, `country_code`, `country_eng_name`, `country_name`, `created_by`, `modified_by`) VALUES ('2025-05-01 01:06:38.727786', 194, '2025-05-01 01:06:38.727786', NULL, 'SJN', 'Sval Vald and Jan Me', 'Sval Vald and Jan Me', NULL, NULL);
INSERT INTO `countries` (`created_date`, `id`, `modified_date`, `area_code`, `country_code`, `country_eng_name`, `country_name`, `created_by`, `modified_by`) VALUES ('2025-05-01 01:06:38.759906', 195, '2025-05-01 01:06:38.759906', '677', 'SLB', 'Solomon Islands', 'Solomon Islands', NULL, NULL);
INSERT INTO `countries` (`created_date`, `id`, `modified_date`, `area_code`, `country_code`, `country_eng_name`, `country_name`, `created_by`, `modified_by`) VALUES ('2025-05-01 01:06:38.788501', 196, '2025-05-01 01:06:38.788501', '232', 'SLE', 'Sierra Leone', 'Sierra Leone', NULL, NULL);
INSERT INTO `countries` (`created_date`, `id`, `modified_date`, `area_code`, `country_code`, `country_eng_name`, `country_name`, `created_by`, `modified_by`) VALUES ('2025-05-01 01:06:38.817719', 197, '2025-05-01 01:06:38.817719', '378', 'SMR', 'San Marino', 'San Marino', NULL, NULL);
INSERT INTO `countries` (`created_date`, `id`, `modified_date`, `area_code`, `country_code`, `country_eng_name`, `country_name`, `created_by`, `modified_by`) VALUES ('2025-05-01 01:06:38.846402', 198, '2025-05-01 01:06:38.846402', '252', 'SOM', 'Somalia', 'Somalia', NULL, NULL);
INSERT INTO `countries` (`created_date`, `id`, `modified_date`, `area_code`, `country_code`, `country_eng_name`, `country_name`, `created_by`, `modified_by`) VALUES ('2025-05-01 01:06:38.873399', 199, '2025-05-01 01:06:38.873399', '93', 'SPN', 'St Pierre and Miquelon', 'St Pierre and Miquelon', NULL, NULL);
INSERT INTO `countries` (`created_date`, `id`, `modified_date`, `area_code`, `country_code`, `country_eng_name`, `country_name`, `created_by`, `modified_by`) VALUES ('2025-05-01 01:06:38.904999', 200, '2025-05-01 01:06:38.904999', '381', 'SRB', 'Serbia', 'Serbia', NULL, NULL);
INSERT INTO `countries` (`created_date`, `id`, `modified_date`, `area_code`, `country_code`, `country_eng_name`, `country_name`, `created_by`, `modified_by`) VALUES ('2025-05-01 01:06:38.943852', 201, '2025-05-01 01:06:38.943852', '239', 'STP', 'St Tome and Princip', 'St Tome and Princip', NULL, NULL);
INSERT INTO `countries` (`created_date`, `id`, `modified_date`, `area_code`, `country_code`, `country_eng_name`, `country_name`, `created_by`, `modified_by`) VALUES ('2025-05-01 01:06:38.977518', 202, '2025-05-01 01:06:38.977518', '597', 'SUR', 'Suriname', 'Suriname', NULL, NULL);
INSERT INTO `countries` (`created_date`, `id`, `modified_date`, `area_code`, `country_code`, `country_eng_name`, `country_name`, `created_by`, `modified_by`) VALUES ('2025-05-01 01:06:39.004929', 203, '2025-05-01 01:06:39.004929', NULL, 'SVK', 'Slovakia', 'Slovakia', NULL, NULL);
INSERT INTO `countries` (`created_date`, `id`, `modified_date`, `area_code`, `country_code`, `country_eng_name`, `country_name`, `created_by`, `modified_by`) VALUES ('2025-05-01 01:06:39.032836', 204, '2025-05-01 01:06:39.032836', NULL, 'SVN', 'Slovenia', 'Slovenia', NULL, NULL);
INSERT INTO `countries` (`created_date`, `id`, `modified_date`, `area_code`, `country_code`, `country_eng_name`, `country_name`, `created_by`, `modified_by`) VALUES ('2025-05-01 01:06:39.073671', 205, '2025-05-01 01:06:39.073671', NULL, 'SWE', 'Sweden', 'Sweden', NULL, NULL);
INSERT INTO `countries` (`created_date`, `id`, `modified_date`, `area_code`, `country_code`, `country_eng_name`, `country_name`, `created_by`, `modified_by`) VALUES ('2025-05-01 01:06:39.100069', 206, '2025-05-01 01:06:39.100069', NULL, 'SWZ', 'Swaziland', 'Swaziland', NULL, NULL);
INSERT INTO `countries` (`created_date`, `id`, `modified_date`, `area_code`, `country_code`, `country_eng_name`, `country_name`, `created_by`, `modified_by`) VALUES ('2025-05-01 01:06:39.130129', 207, '2025-05-01 01:06:39.130129', NULL, 'SYC', 'Seychelles', 'Seychelles', NULL, NULL);
INSERT INTO `countries` (`created_date`, `id`, `modified_date`, `area_code`, `country_code`, `country_eng_name`, `country_name`, `created_by`, `modified_by`) VALUES ('2025-05-01 01:06:39.161349', 208, '2025-05-01 01:06:39.161349', NULL, 'SYR', 'Syrian Arab Republic', 'Syrian Arab Republic', NULL, NULL);
INSERT INTO `countries` (`created_date`, `id`, `modified_date`, `area_code`, `country_code`, `country_eng_name`, `country_name`, `created_by`, `modified_by`) VALUES ('2025-05-01 01:06:39.189708', 209, '2025-05-01 01:06:39.189708', NULL, 'TCA', 'Turks / Caicos Isl', 'Turks / Caicos Isl', NULL, NULL);
INSERT INTO `countries` (`created_date`, `id`, `modified_date`, `area_code`, `country_code`, `country_eng_name`, `country_name`, `created_by`, `modified_by`) VALUES ('2025-05-01 01:06:39.220399', 210, '2025-05-01 01:06:39.220399', NULL, 'TCD', 'Chad', 'Chad', NULL, NULL);
INSERT INTO `countries` (`created_date`, `id`, `modified_date`, `area_code`, `country_code`, `country_eng_name`, `country_name`, `created_by`, `modified_by`) VALUES ('2025-05-01 01:06:39.247762', 211, '2025-05-01 01:06:39.247762', '228', 'TGO', 'Togo', 'Togo', NULL, NULL);
INSERT INTO `countries` (`created_date`, `id`, `modified_date`, `area_code`, `country_code`, `country_eng_name`, `country_name`, `created_by`, `modified_by`) VALUES ('2025-05-01 01:06:39.277995', 212, '2025-05-01 01:06:39.277995', '66', 'THA', 'Thailand', 'Thái Lan', NULL, NULL);
INSERT INTO `countries` (`created_date`, `id`, `modified_date`, `area_code`, `country_code`, `country_eng_name`, `country_name`, `created_by`, `modified_by`) VALUES ('2025-05-01 01:06:39.309707', 213, '2025-05-01 01:06:39.309707', '992', 'TJK', 'Tajikistan', 'Tajikistan', NULL, NULL);
INSERT INTO `countries` (`created_date`, `id`, `modified_date`, `area_code`, `country_code`, `country_eng_name`, `country_name`, `created_by`, `modified_by`) VALUES ('2025-05-01 01:06:39.345418', 214, '2025-05-01 01:06:39.345418', NULL, 'TKL', 'Tokelau', 'Tokelau', NULL, NULL);
INSERT INTO `countries` (`created_date`, `id`, `modified_date`, `area_code`, `country_code`, `country_eng_name`, `country_name`, `created_by`, `modified_by`) VALUES ('2025-05-01 01:06:39.380676', 215, '2025-05-01 01:06:39.380676', '993', 'TKM', 'Turkmenistan', 'Turkmenistan', NULL, NULL);
INSERT INTO `countries` (`created_date`, `id`, `modified_date`, `area_code`, `country_code`, `country_eng_name`, `country_name`, `created_by`, `modified_by`) VALUES ('2025-05-01 01:06:39.428453', 216, '2025-05-01 01:06:39.428453', '670', 'TLS', 'Timor Leste', 'Timor Leste', NULL, NULL);
INSERT INTO `countries` (`created_date`, `id`, `modified_date`, `area_code`, `country_code`, `country_eng_name`, `country_name`, `created_by`, `modified_by`) VALUES ('2025-05-01 01:06:39.453972', 217, '2025-05-01 01:06:39.453972', '676', 'TON', 'Tonga', 'Tonga', NULL, NULL);
INSERT INTO `countries` (`created_date`, `id`, `modified_date`, `area_code`, `country_code`, `country_eng_name`, `country_name`, `created_by`, `modified_by`) VALUES ('2025-05-01 01:06:39.477860', 218, '2025-05-01 01:06:39.477860', '1868', 'TTO', 'Trinidad and Tobago', 'Trinidad and Tobago', NULL, NULL);
INSERT INTO `countries` (`created_date`, `id`, `modified_date`, `area_code`, `country_code`, `country_eng_name`, `country_name`, `created_by`, `modified_by`) VALUES ('2025-05-01 01:06:39.506274', 219, '2025-05-01 01:06:39.506274', '216', 'TUN', 'Tunisia', 'Tunisia', NULL, NULL);
INSERT INTO `countries` (`created_date`, `id`, `modified_date`, `area_code`, `country_code`, `country_eng_name`, `country_name`, `created_by`, `modified_by`) VALUES ('2025-05-01 01:06:39.531917', 220, '2025-05-01 01:06:39.531917', '90', 'TUR', 'Turkey', 'Turkey', NULL, NULL);
INSERT INTO `countries` (`created_date`, `id`, `modified_date`, `area_code`, `country_code`, `country_eng_name`, `country_name`, `created_by`, `modified_by`) VALUES ('2025-05-01 01:06:39.566947', 221, '2025-05-01 01:06:39.566947', '688', 'TUV', 'Tuvalu', 'Tuvalu', NULL, NULL);
INSERT INTO `countries` (`created_date`, `id`, `modified_date`, `area_code`, `country_code`, `country_eng_name`, `country_name`, `created_by`, `modified_by`) VALUES ('2025-05-01 01:06:39.594005', 222, '2025-05-01 01:06:39.594005', '886', 'TWN', 'Taiwan', 'Taiwan', NULL, NULL);
INSERT INTO `countries` (`created_date`, `id`, `modified_date`, `area_code`, `country_code`, `country_eng_name`, `country_name`, `created_by`, `modified_by`) VALUES ('2025-05-01 01:06:39.618493', 223, '2025-05-01 01:06:39.618493', '255', 'TZA', 'Tanzania', 'Tanzania', NULL, NULL);
INSERT INTO `countries` (`created_date`, `id`, `modified_date`, `area_code`, `country_code`, `country_eng_name`, `country_name`, `created_by`, `modified_by`) VALUES ('2025-05-01 01:06:39.643797', 224, '2025-05-01 01:06:39.643797', '256', 'UGA', 'Uganda', 'Uganda', NULL, NULL);
INSERT INTO `countries` (`created_date`, `id`, `modified_date`, `area_code`, `country_code`, `country_eng_name`, `country_name`, `created_by`, `modified_by`) VALUES ('2025-05-01 01:06:39.666771', 225, '2025-05-01 01:06:39.666771', '380', 'UKR', 'Ukraine', 'Ukraine', NULL, NULL);
INSERT INTO `countries` (`created_date`, `id`, `modified_date`, `area_code`, `country_code`, `country_eng_name`, `country_name`, `created_by`, `modified_by`) VALUES ('2025-05-01 01:06:39.692498', 226, '2025-05-01 01:06:39.692498', NULL, 'UMI', 'US Minor Islands', 'US Minor Islands', NULL, NULL);
INSERT INTO `countries` (`created_date`, `id`, `modified_date`, `area_code`, `country_code`, `country_eng_name`, `country_name`, `created_by`, `modified_by`) VALUES ('2025-05-01 01:06:39.723122', 227, '2025-05-01 01:06:39.723122', '598', 'URY', 'Uruguay', 'Uruguay', NULL, NULL);
INSERT INTO `countries` (`created_date`, `id`, `modified_date`, `area_code`, `country_code`, `country_eng_name`, `country_name`, `created_by`, `modified_by`) VALUES ('2025-05-01 01:06:39.754288', 228, '2025-05-01 01:06:39.754288', '1', 'USA', 'United States', 'United States', NULL, NULL);
INSERT INTO `countries` (`created_date`, `id`, `modified_date`, `area_code`, `country_code`, `country_eng_name`, `country_name`, `created_by`, `modified_by`) VALUES ('2025-05-01 01:06:39.780092', 229, '2025-05-01 01:06:39.780092', '998', 'UZB', 'Uzbekistan', 'Uzbekistan', NULL, NULL);
INSERT INTO `countries` (`created_date`, `id`, `modified_date`, `area_code`, `country_code`, `country_eng_name`, `country_name`, `created_by`, `modified_by`) VALUES ('2025-05-01 01:06:39.806519', 230, '2025-05-01 01:06:39.806519', '39', 'VAT', 'Vatican City', 'Vatican City', NULL, NULL);
INSERT INTO `countries` (`created_date`, `id`, `modified_date`, `area_code`, `country_code`, `country_eng_name`, `country_name`, `created_by`, `modified_by`) VALUES ('2025-05-01 01:06:39.830486', 231, '2025-05-01 01:06:39.830486', '1784', 'VCT', 'St Vincent and Grenadi', 'St Vincent and Grenadi', NULL, NULL);
INSERT INTO `countries` (`created_date`, `id`, `modified_date`, `area_code`, `country_code`, `country_eng_name`, `country_name`, `created_by`, `modified_by`) VALUES ('2025-05-01 01:06:39.852274', 232, '2025-05-01 01:06:39.852274', '58', 'VEN', 'Venezuela', 'Venezuela', NULL, NULL);
INSERT INTO `countries` (`created_date`, `id`, `modified_date`, `area_code`, `country_code`, `country_eng_name`, `country_name`, `created_by`, `modified_by`) VALUES ('2025-05-01 01:06:39.877138', 233, '2025-05-01 01:06:39.877138', '246', 'VGB', 'Virgin Island Britis', 'Virgin Island Britis', NULL, NULL);
INSERT INTO `countries` (`created_date`, `id`, `modified_date`, `area_code`, `country_code`, `country_eng_name`, `country_name`, `created_by`, `modified_by`) VALUES ('2025-05-01 01:06:39.903752', 234, '2025-05-01 01:06:39.903752', NULL, 'VIR', 'Virgin Islands US', 'Virgin Islands US', NULL, NULL);
INSERT INTO `countries` (`created_date`, `id`, `modified_date`, `area_code`, `country_code`, `country_eng_name`, `country_name`, `created_by`, `modified_by`) VALUES ('2025-05-01 01:06:39.943078', 235, '2025-05-01 01:06:39.943078', '678', 'VUT', 'Vanuatu', 'Vanuatu', NULL, NULL);
INSERT INTO `countries` (`created_date`, `id`, `modified_date`, `area_code`, `country_code`, `country_eng_name`, `country_name`, `created_by`, `modified_by`) VALUES ('2025-05-01 01:06:39.977310', 236, '2025-05-01 01:06:39.977310', NULL, 'WLF', 'Wallis and Futuna', 'Wallis and Futuna', NULL, NULL);
INSERT INTO `countries` (`created_date`, `id`, `modified_date`, `area_code`, `country_code`, `country_eng_name`, `country_name`, `created_by`, `modified_by`) VALUES ('2025-05-01 01:06:40.006029', 237, '2025-05-01 01:06:40.006029', '685', 'WSM', 'Samoa', 'Samoa', NULL, NULL);
INSERT INTO `countries` (`created_date`, `id`, `modified_date`, `area_code`, `country_code`, `country_eng_name`, `country_name`, `created_by`, `modified_by`) VALUES ('2025-05-01 01:06:40.030676', 238, '2025-05-01 01:06:40.030676', '967', 'YEM', 'Yemen', 'Yemen', NULL, NULL);
INSERT INTO `countries` (`created_date`, `id`, `modified_date`, `area_code`, `country_code`, `country_eng_name`, `country_name`, `created_by`, `modified_by`) VALUES ('2025-05-01 01:06:40.057783', 239, '2025-05-01 01:06:40.057783', '27', 'ZAF', 'South Africa', 'South Africa', NULL, NULL);
INSERT INTO `countries` (`created_date`, `id`, `modified_date`, `area_code`, `country_code`, `country_eng_name`, `country_name`, `created_by`, `modified_by`) VALUES ('2025-05-01 01:06:40.081416', 240, '2025-05-01 01:06:40.081416', '260', 'ZMB', 'Zambia', 'Zambia', NULL, NULL);
INSERT INTO `countries` (`created_date`, `id`, `modified_date`, `area_code`, `country_code`, `country_eng_name`, `country_name`, `created_by`, `modified_by`) VALUES ('2025-05-01 01:06:40.107500', 241, '2025-05-01 01:06:40.107500', '263', 'ZWE', 'Zimbabwe', 'Zimbabwe', NULL, NULL);

-- INSERT statements for table: provinces

INSERT INTO `provinces` (`country_id`, `created_date`, `id`, `modified_date`, `created_by`, `modified_by`, `province_code`, `province_eng_name`, `province_name`) VALUES (1, '2025-05-01 01:06:32.155680', 1, '2025-05-01 01:06:32.155680', NULL, NULL, 'SGN', 'Ho Chi Minh', 'Tp. Hồ Chí Minh');
INSERT INTO `provinces` (`country_id`, `created_date`, `id`, `modified_date`, `created_by`, `modified_by`, `province_code`, `province_eng_name`, `province_name`) VALUES (1, '2025-05-01 01:06:32.176082', 2, '2025-05-01 01:06:32.176082', NULL, NULL, 'HAN', 'Ha Noi', 'Hà Nội');
INSERT INTO `provinces` (`country_id`, `created_date`, `id`, `modified_date`, `created_by`, `modified_by`, `province_code`, `province_eng_name`, `province_name`) VALUES (1, '2025-05-01 01:06:32.186422', 3, '2025-05-01 01:06:32.186422', NULL, NULL, 'BMV', 'Buon Ma Thuot', 'Buôn Ma Thuột');
INSERT INTO `provinces` (`country_id`, `created_date`, `id`, `modified_date`, `created_by`, `modified_by`, `province_code`, `province_eng_name`, `province_name`) VALUES (1, '2025-05-01 01:06:32.196007', 4, '2025-05-01 01:06:32.196007', NULL, NULL, 'CT', 'Can Tho', 'Cần Thơ');
INSERT INTO `provinces` (`country_id`, `created_date`, `id`, `modified_date`, `created_by`, `modified_by`, `province_code`, `province_eng_name`, `province_name`) VALUES (1, '2025-05-01 01:06:32.204903', 5, '2025-05-01 01:06:32.204903', NULL, NULL, 'VCL', 'Chu Lai', 'Chu Lai');
INSERT INTO `provinces` (`country_id`, `created_date`, `id`, `modified_date`, `created_by`, `modified_by`, `province_code`, `province_eng_name`, `province_name`) VALUES (1, '2025-05-01 01:06:32.212779', 6, '2025-05-01 01:06:32.212779', NULL, NULL, 'DLI', 'Da Lat', 'Đà Lạt');
INSERT INTO `provinces` (`country_id`, `created_date`, `id`, `modified_date`, `created_by`, `modified_by`, `province_code`, `province_eng_name`, `province_name`) VALUES (1, '2025-05-01 01:06:32.221557', 7, '2025-05-01 01:06:32.221557', NULL, NULL, 'DAD', 'Da Nang', 'Đà Nẵng');
INSERT INTO `provinces` (`country_id`, `created_date`, `id`, `modified_date`, `created_by`, `modified_by`, `province_code`, `province_eng_name`, `province_name`) VALUES (1, '2025-05-01 01:06:32.228972', 8, '2025-05-01 01:06:32.228972', NULL, NULL, 'DB', 'Dien Bien', 'Điện Biên');
INSERT INTO `provinces` (`country_id`, `created_date`, `id`, `modified_date`, `created_by`, `modified_by`, `province_code`, `province_eng_name`, `province_name`) VALUES (1, '2025-05-01 01:06:32.242927', 9, '2025-05-01 01:06:32.242927', NULL, NULL, 'VDH', 'Dong Hoi', 'Đồng Hới');
INSERT INTO `provinces` (`country_id`, `created_date`, `id`, `modified_date`, `created_by`, `modified_by`, `province_code`, `province_eng_name`, `province_name`) VALUES (1, '2025-05-01 01:06:32.250916', 10, '2025-05-01 01:06:32.250916', NULL, NULL, 'HPH', 'Hai Phong', 'Hải Phòng');
INSERT INTO `provinces` (`country_id`, `created_date`, `id`, `modified_date`, `created_by`, `modified_by`, `province_code`, `province_eng_name`, `province_name`) VALUES (1, '2025-05-01 01:06:32.259599', 11, '2025-05-01 01:06:32.259599', NULL, NULL, 'VDO', 'Ha Long', 'Hạ Long');
INSERT INTO `provinces` (`country_id`, `created_date`, `id`, `modified_date`, `created_by`, `modified_by`, `province_code`, `province_eng_name`, `province_name`) VALUES (1, '2025-05-01 01:06:32.267439', 12, '2025-05-01 01:06:32.267439', NULL, NULL, 'HUI', 'Hue', 'Huế');
INSERT INTO `provinces` (`country_id`, `created_date`, `id`, `modified_date`, `created_by`, `modified_by`, `province_code`, `province_eng_name`, `province_name`) VALUES (1, '2025-05-01 01:06:32.275553', 13, '2025-05-01 01:06:32.275553', NULL, NULL, 'CXR', 'Nha Trang', 'Nha Trang');
INSERT INTO `provinces` (`country_id`, `created_date`, `id`, `modified_date`, `created_by`, `modified_by`, `province_code`, `province_eng_name`, `province_name`) VALUES (1, '2025-05-01 01:06:32.290339', 14, '2025-05-01 01:06:32.290339', NULL, NULL, 'PQC', 'Phu Quoc', 'Phú Quốc');
INSERT INTO `provinces` (`country_id`, `created_date`, `id`, `modified_date`, `created_by`, `modified_by`, `province_code`, `province_eng_name`, `province_name`) VALUES (1, '2025-05-01 01:06:32.302142', 15, '2025-05-01 01:06:32.302142', NULL, NULL, 'PXU', 'Pleiku', 'Pleiku');
INSERT INTO `provinces` (`country_id`, `created_date`, `id`, `modified_date`, `created_by`, `modified_by`, `province_code`, `province_eng_name`, `province_name`) VALUES (1, '2025-05-01 01:06:32.316144', 16, '2025-05-01 01:06:32.316144', NULL, NULL, 'UIH', 'Quy Nhon', 'Quy Nhơn');
INSERT INTO `provinces` (`country_id`, `created_date`, `id`, `modified_date`, `created_by`, `modified_by`, `province_code`, `province_eng_name`, `province_name`) VALUES (1, '2025-05-01 01:06:32.330522', 17, '2025-05-01 01:06:32.330522', NULL, NULL, 'THH', 'Thanh Hoa', 'Thanh Hoá');
INSERT INTO `provinces` (`country_id`, `created_date`, `id`, `modified_date`, `created_by`, `modified_by`, `province_code`, `province_eng_name`, `province_name`) VALUES (1, '2025-05-01 01:06:32.343726', 18, '2025-05-01 01:06:32.343726', NULL, NULL, 'TBB', 'Tuy Hoa', 'Tuy Hòa');
INSERT INTO `provinces` (`country_id`, `created_date`, `id`, `modified_date`, `created_by`, `modified_by`, `province_code`, `province_eng_name`, `province_name`) VALUES (1, '2025-05-01 01:06:32.354717', 19, '2025-05-01 01:06:32.354717', NULL, NULL, 'VII', 'Vinh', 'Vinh');

-- INSERT statements for table: airports

INSERT INTO `airports` (`created_date`, `id`, `modified_date`, `province_id`, `airport_code`, `airport_eng_name`, `airport_name`, `created_by`, `modified_by`, `time_zone`, `utc_offset`) VALUES ('2025-05-01 01:06:32.167284', 1, '2025-05-01 01:06:32.167284', 1, 'SGN', 'Tan Son Nhat Airport', 'Sân bay Tân Sơn Nhất', NULL, NULL, NULL, NULL);
INSERT INTO `airports` (`created_date`, `id`, `modified_date`, `province_id`, `airport_code`, `airport_eng_name`, `airport_name`, `created_by`, `modified_by`, `time_zone`, `utc_offset`) VALUES ('2025-05-01 01:06:32.180071', 2, '2025-05-01 01:06:32.180071', 2, 'HAN', 'Noibai Airport', 'Sân bay Nội Bài', NULL, NULL, NULL, NULL);
INSERT INTO `airports` (`created_date`, `id`, `modified_date`, `province_id`, `airport_code`, `airport_eng_name`, `airport_name`, `created_by`, `modified_by`, `time_zone`, `utc_offset`) VALUES ('2025-05-01 01:06:32.191475', 3, '2025-05-01 01:06:32.191475', 3, 'BMV', 'Buon Ma Thuot Airport', 'Sây bay Buôn Ma Thuột', NULL, NULL, NULL, NULL);
INSERT INTO `airports` (`created_date`, `id`, `modified_date`, `province_id`, `airport_code`, `airport_eng_name`, `airport_name`, `created_by`, `modified_by`, `time_zone`, `utc_offset`) VALUES ('2025-05-01 01:06:32.199887', 4, '2025-05-01 01:06:32.199887', 4, 'VCA', 'Tra Noc Airport', 'Sân bay Trà Nóc', NULL, NULL, NULL, NULL);
INSERT INTO `airports` (`created_date`, `id`, `modified_date`, `province_id`, `airport_code`, `airport_eng_name`, `airport_name`, `created_by`, `modified_by`, `time_zone`, `utc_offset`) VALUES ('2025-05-01 01:06:32.209014', 5, '2025-05-01 01:06:32.209014', 5, 'VCL', 'Chu Lai Airport', 'Sân bay Chu Lai', NULL, NULL, NULL, NULL);
INSERT INTO `airports` (`created_date`, `id`, `modified_date`, `province_id`, `airport_code`, `airport_eng_name`, `airport_name`, `created_by`, `modified_by`, `time_zone`, `utc_offset`) VALUES ('2025-05-01 01:06:32.217714', 6, '2025-05-01 01:06:32.217714', 6, 'DLI', 'Lien Khuong Airport', 'Sân bay Liên Khương', NULL, NULL, NULL, NULL);
INSERT INTO `airports` (`created_date`, `id`, `modified_date`, `province_id`, `airport_code`, `airport_eng_name`, `airport_name`, `created_by`, `modified_by`, `time_zone`, `utc_offset`) VALUES ('2025-05-01 01:06:32.224795', 7, '2025-05-01 01:06:32.224795', 7, 'DAD', 'Da Nang Airport', 'Sân bay Đà Nẵng', NULL, NULL, NULL, NULL);
INSERT INTO `airports` (`created_date`, `id`, `modified_date`, `province_id`, `airport_code`, `airport_eng_name`, `airport_name`, `created_by`, `modified_by`, `time_zone`, `utc_offset`) VALUES ('2025-05-01 01:06:32.235871', 8, '2025-05-01 01:06:32.235871', 8, 'DIN', 'Dien Bien Airport', 'Sân bay Điện Biên', NULL, NULL, NULL, NULL);
INSERT INTO `airports` (`created_date`, `id`, `modified_date`, `province_id`, `airport_code`, `airport_eng_name`, `airport_name`, `created_by`, `modified_by`, `time_zone`, `utc_offset`) VALUES ('2025-05-01 01:06:32.247119', 9, '2025-05-01 01:06:32.247119', 9, 'VDH', 'Dong Hoi Airport', 'Sân bay Đồng Hới', NULL, NULL, NULL, NULL);
INSERT INTO `airports` (`created_date`, `id`, `modified_date`, `province_id`, `airport_code`, `airport_eng_name`, `airport_name`, `created_by`, `modified_by`, `time_zone`, `utc_offset`) VALUES ('2025-05-01 01:06:32.255214', 10, '2025-05-01 01:06:32.255214', 10, 'HPH', 'Cat Bi Airport', 'Sân bay Cát Bi', NULL, NULL, NULL, NULL);
INSERT INTO `airports` (`created_date`, `id`, `modified_date`, `province_id`, `airport_code`, `airport_eng_name`, `airport_name`, `created_by`, `modified_by`, `time_zone`, `utc_offset`) VALUES ('2025-05-01 01:06:32.264147', 11, '2025-05-01 01:06:32.264147', 11, 'VDO', 'Van Don International Airport', 'Sân bay Quốc tế Vân Đồn', NULL, NULL, NULL, NULL);
INSERT INTO `airports` (`created_date`, `id`, `modified_date`, `province_id`, `airport_code`, `airport_eng_name`, `airport_name`, `created_by`, `modified_by`, `time_zone`, `utc_offset`) VALUES ('2025-05-01 01:06:32.271767', 12, '2025-05-01 01:06:32.271767', 12, 'HUI', 'Phu Bai Airport', 'Sân bay Phú Bài', NULL, NULL, NULL, NULL);
INSERT INTO `airports` (`created_date`, `id`, `modified_date`, `province_id`, `airport_code`, `airport_eng_name`, `airport_name`, `created_by`, `modified_by`, `time_zone`, `utc_offset`) VALUES ('2025-05-01 01:06:32.282621', 13, '2025-05-01 01:06:32.282621', 13, 'CXR', 'Cam Ranh Airport', 'Sân bay Cam Ranh', NULL, NULL, NULL, NULL);
INSERT INTO `airports` (`created_date`, `id`, `modified_date`, `province_id`, `airport_code`, `airport_eng_name`, `airport_name`, `created_by`, `modified_by`, `time_zone`, `utc_offset`) VALUES ('2025-05-01 01:06:32.295427', 14, '2025-05-01 01:06:32.295427', 14, 'PQC', 'Phu Quoc Airport', 'Sân bay Phú Quốc', NULL, NULL, NULL, NULL);
INSERT INTO `airports` (`created_date`, `id`, `modified_date`, `province_id`, `airport_code`, `airport_eng_name`, `airport_name`, `created_by`, `modified_by`, `time_zone`, `utc_offset`) VALUES ('2025-05-01 01:06:32.309190', 15, '2025-05-01 01:06:32.309190', 15, 'PXU', 'Pleiku Airport', 'Sân bay Pleiku', NULL, NULL, NULL, NULL);
INSERT INTO `airports` (`created_date`, `id`, `modified_date`, `province_id`, `airport_code`, `airport_eng_name`, `airport_name`, `created_by`, `modified_by`, `time_zone`, `utc_offset`) VALUES ('2025-05-01 01:06:32.323780', 16, '2025-05-01 01:06:32.323780', 16, 'UIH', 'Phu Cat Airport', 'Sân bay Phù Cát', NULL, NULL, NULL, NULL);
INSERT INTO `airports` (`created_date`, `id`, `modified_date`, `province_id`, `airport_code`, `airport_eng_name`, `airport_name`, `created_by`, `modified_by`, `time_zone`, `utc_offset`) VALUES ('2025-05-01 01:06:32.337459', 17, '2025-05-01 01:06:32.337459', 17, 'THD', 'Tho Xuan Airport', 'Sân bay Thọ Xuân', NULL, NULL, NULL, NULL);
INSERT INTO `airports` (`created_date`, `id`, `modified_date`, `province_id`, `airport_code`, `airport_eng_name`, `airport_name`, `created_by`, `modified_by`, `time_zone`, `utc_offset`) VALUES ('2025-05-01 01:06:32.349462', 18, '2025-05-01 01:06:32.349462', 18, 'TBB', 'Tuy Hoa Airport', 'Sân bay Tuy Hoà', NULL, NULL, NULL, NULL);
INSERT INTO `airports` (`created_date`, `id`, `modified_date`, `province_id`, `airport_code`, `airport_eng_name`, `airport_name`, `created_by`, `modified_by`, `time_zone`, `utc_offset`) VALUES ('2025-05-01 01:06:32.362661', 19, '2025-05-01 01:06:32.362661', 19, 'VII', 'Vinh International Airport', 'Sân bay Quốc tế Vinh', NULL, NULL, NULL, NULL);

-- INSERT statements for table: passengers

-- No data found in table passengers

-- INSERT statements for table: routes

INSERT INTO `routes` (`distance`, `estimated_duration`, `is_active`, `airline_id`, `created_date`, `destination_airport`, `id`, `modified_date`, `origin_airport`, `created_by`, `modified_by`, `route_code`) VALUES (1160, 120, 1, 1, '2025-05-01 01:06:40.946740', 2, 1, '2025-05-01 01:06:40.946740', 1, NULL, NULL, 'SGN-HAN');
INSERT INTO `routes` (`distance`, `estimated_duration`, `is_active`, `airline_id`, `created_date`, `destination_airport`, `id`, `modified_date`, `origin_airport`, `created_by`, `modified_by`, `route_code`) VALUES (1160, 120, 1, 1, '2025-05-01 01:06:41.015181', 1, 2, '2025-05-01 01:06:41.015181', 2, NULL, NULL, 'HAN-SGN');
INSERT INTO `routes` (`distance`, `estimated_duration`, `is_active`, `airline_id`, `created_date`, `destination_airport`, `id`, `modified_date`, `origin_airport`, `created_by`, `modified_by`, `route_code`) VALUES (550, 70, 1, 1, '2025-05-01 01:06:41.083230', 7, 3, '2025-05-01 01:06:41.083230', 1, NULL, NULL, 'SGN-DAD');
INSERT INTO `routes` (`distance`, `estimated_duration`, `is_active`, `airline_id`, `created_date`, `destination_airport`, `id`, `modified_date`, `origin_airport`, `created_by`, `modified_by`, `route_code`) VALUES (550, 70, 1, 1, '2025-05-01 01:06:41.134597', 1, 4, '2025-05-01 01:06:41.134597', 7, NULL, NULL, 'DAD-SGN');
INSERT INTO `routes` (`distance`, `estimated_duration`, `is_active`, `airline_id`, `created_date`, `destination_airport`, `id`, `modified_date`, `origin_airport`, `created_by`, `modified_by`, `route_code`) VALUES (880, 100, 1, 1, '2025-05-01 01:06:41.182361', 13, 5, '2025-05-01 01:06:41.182361', 1, NULL, NULL, 'SGN-CXR');
INSERT INTO `routes` (`distance`, `estimated_duration`, `is_active`, `airline_id`, `created_date`, `destination_airport`, `id`, `modified_date`, `origin_airport`, `created_by`, `modified_by`, `route_code`) VALUES (880, 100, 1, 1, '2025-05-01 01:06:41.236825', 1, 6, '2025-05-01 01:06:41.236825', 13, NULL, NULL, 'CXR-SGN');
INSERT INTO `routes` (`distance`, `estimated_duration`, `is_active`, `airline_id`, `created_date`, `destination_airport`, `id`, `modified_date`, `origin_airport`, `created_by`, `modified_by`, `route_code`) VALUES (320, 50, 1, 1, '2025-05-01 01:06:41.289799', 6, 7, '2025-05-01 01:06:41.289799', 1, NULL, NULL, 'SGN-DLI');
INSERT INTO `routes` (`distance`, `estimated_duration`, `is_active`, `airline_id`, `created_date`, `destination_airport`, `id`, `modified_date`, `origin_airport`, `created_by`, `modified_by`, `route_code`) VALUES (320, 50, 1, 1, '2025-05-01 01:06:41.334372', 1, 8, '2025-05-01 01:06:41.334372', 6, NULL, NULL, 'DLI-SGN');
INSERT INTO `routes` (`distance`, `estimated_duration`, `is_active`, `airline_id`, `created_date`, `destination_airport`, `id`, `modified_date`, `origin_airport`, `created_by`, `modified_by`, `route_code`) VALUES (300, 45, 1, 1, '2025-05-01 01:06:41.383792', 4, 9, '2025-05-01 01:06:41.383792', 1, NULL, NULL, 'SGN-VCA');
INSERT INTO `routes` (`distance`, `estimated_duration`, `is_active`, `airline_id`, `created_date`, `destination_airport`, `id`, `modified_date`, `origin_airport`, `created_by`, `modified_by`, `route_code`) VALUES (300, 45, 1, 1, '2025-05-01 01:06:41.437724', 1, 10, '2025-05-01 01:06:41.437724', 4, NULL, NULL, 'VCA-SGN');
INSERT INTO `routes` (`distance`, `estimated_duration`, `is_active`, `airline_id`, `created_date`, `destination_airport`, `id`, `modified_date`, `origin_airport`, `created_by`, `modified_by`, `route_code`) VALUES (630, 75, 1, 1, '2025-05-01 01:06:41.489199', 7, 11, '2025-05-01 01:06:41.489199', 2, NULL, NULL, 'HAN-DAD');
INSERT INTO `routes` (`distance`, `estimated_duration`, `is_active`, `airline_id`, `created_date`, `destination_airport`, `id`, `modified_date`, `origin_airport`, `created_by`, `modified_by`, `route_code`) VALUES (630, 75, 1, 1, '2025-05-01 01:06:41.539989', 2, 12, '2025-05-01 01:06:41.539989', 7, NULL, NULL, 'DAD-HAN');
INSERT INTO `routes` (`distance`, `estimated_duration`, `is_active`, `airline_id`, `created_date`, `destination_airport`, `id`, `modified_date`, `origin_airport`, `created_by`, `modified_by`, `route_code`) VALUES (1280, 130, 1, 1, '2025-05-01 01:06:41.580300', 14, 13, '2025-05-01 01:06:41.580300', 2, NULL, NULL, 'HAN-PQC');
INSERT INTO `routes` (`distance`, `estimated_duration`, `is_active`, `airline_id`, `created_date`, `destination_airport`, `id`, `modified_date`, `origin_airport`, `created_by`, `modified_by`, `route_code`) VALUES (1280, 130, 1, 1, '2025-05-01 01:06:41.622906', 2, 14, '2025-05-01 01:06:41.622906', 14, NULL, NULL, 'PQC-HAN');
INSERT INTO `routes` (`distance`, `estimated_duration`, `is_active`, `airline_id`, `created_date`, `destination_airport`, `id`, `modified_date`, `origin_airport`, `created_by`, `modified_by`, `route_code`) VALUES (970, 110, 1, 1, '2025-05-01 01:06:41.675962', 12, 15, '2025-05-01 01:06:41.675962', 2, NULL, NULL, 'HAN-HUI');
INSERT INTO `routes` (`distance`, `estimated_duration`, `is_active`, `airline_id`, `created_date`, `destination_airport`, `id`, `modified_date`, `origin_airport`, `created_by`, `modified_by`, `route_code`) VALUES (970, 110, 1, 1, '2025-05-01 01:06:41.723427', 2, 16, '2025-05-01 01:06:41.723427', 12, NULL, NULL, 'HUI-HAN');
INSERT INTO `routes` (`distance`, `estimated_duration`, `is_active`, `airline_id`, `created_date`, `destination_airport`, `id`, `modified_date`, `origin_airport`, `created_by`, `modified_by`, `route_code`) VALUES (250, 40, 1, 1, '2025-05-01 01:06:41.769358', 3, 17, '2025-05-01 01:06:41.769358', 1, NULL, NULL, 'SGN-BMV');
INSERT INTO `routes` (`distance`, `estimated_duration`, `is_active`, `airline_id`, `created_date`, `destination_airport`, `id`, `modified_date`, `origin_airport`, `created_by`, `modified_by`, `route_code`) VALUES (250, 40, 1, 1, '2025-05-01 01:06:41.810997', 1, 18, '2025-05-01 01:06:41.810997', 3, NULL, NULL, 'BMV-SGN');
INSERT INTO `routes` (`distance`, `estimated_duration`, `is_active`, `airline_id`, `created_date`, `destination_airport`, `id`, `modified_date`, `origin_airport`, `created_by`, `modified_by`, `route_code`) VALUES (680, 85, 1, 1, '2025-05-01 01:06:41.864357', 5, 19, '2025-05-01 01:06:41.864357', 1, NULL, NULL, 'SGN-VCL');
INSERT INTO `routes` (`distance`, `estimated_duration`, `is_active`, `airline_id`, `created_date`, `destination_airport`, `id`, `modified_date`, `origin_airport`, `created_by`, `modified_by`, `route_code`) VALUES (680, 85, 1, 1, '2025-05-01 01:06:41.916229', 1, 20, '2025-05-01 01:06:41.916229', 5, NULL, NULL, 'VCL-SGN');

-- INSERT statements for table: flight_status

INSERT INTO `flight_status` (`created_date`, `id`, `modified_date`, `created_by`, `modified_by`, `status_code`, `status_name`) VALUES ('2025-05-01 01:06:40.718102', 1, '2025-05-01 01:06:40.718102', NULL, NULL, 'SCH', 'Scheduled');
INSERT INTO `flight_status` (`created_date`, `id`, `modified_date`, `created_by`, `modified_by`, `status_code`, `status_name`) VALUES ('2025-05-01 01:06:40.756986', 2, '2025-05-01 01:06:40.756986', NULL, NULL, 'BRD', 'Boarding');
INSERT INTO `flight_status` (`created_date`, `id`, `modified_date`, `created_by`, `modified_by`, `status_code`, `status_name`) VALUES ('2025-05-01 01:06:40.787089', 3, '2025-05-01 01:06:40.787089', NULL, NULL, 'DEP', 'Departed');
INSERT INTO `flight_status` (`created_date`, `id`, `modified_date`, `created_by`, `modified_by`, `status_code`, `status_name`) VALUES ('2025-05-01 01:06:40.821450', 4, '2025-05-01 01:06:40.821450', NULL, NULL, 'ARR', 'Arrived');
INSERT INTO `flight_status` (`created_date`, `id`, `modified_date`, `created_by`, `modified_by`, `status_code`, `status_name`) VALUES ('2025-05-01 01:06:40.852705', 5, '2025-05-01 01:06:40.852705', NULL, NULL, 'DEL', 'Delayed');

-- INSERT statements for table: flights

INSERT INTO `flights` (`aircraft_id`, `airline_id`, `created_date`, `id`, `modified_date`, `route_id`, `scheduled_arrival`, `scheduled_departure`, `status_id`, `created_by`, `flight_number`, `gate`, `modified_by`, `terminal`) VALUES (1, 1, '2025-05-01 01:06:42.449372', 1, '2025-05-01 01:06:43.077164', 1, '2025-07-15 10:30:00', '2025-07-15 08:00:00', 1, NULL, 'VNFFA081', 'A12', NULL, 'T2');
INSERT INTO `flights` (`aircraft_id`, `airline_id`, `created_date`, `id`, `modified_date`, `route_id`, `scheduled_arrival`, `scheduled_departure`, `status_id`, `created_by`, `flight_number`, `gate`, `modified_by`, `terminal`) VALUES (7, 1, '2025-05-01 01:06:43.577988', 2, '2025-05-01 01:06:43.916923', 11, '2025-07-16 15:30:00', '2025-07-16 14:00:00', 1, NULL, 'VNC8A511', 'B3', NULL, 'T1');
INSERT INTO `flights` (`aircraft_id`, `airline_id`, `created_date`, `id`, `modified_date`, `route_id`, `scheduled_arrival`, `scheduled_departure`, `status_id`, `created_by`, `flight_number`, `gate`, `modified_by`, `terminal`) VALUES (8, 1, '2025-05-01 01:06:44.305818', 3, '2025-05-01 01:06:44.667743', 3, '2025-07-17 11:00:00', '2025-07-17 09:30:00', 1, NULL, 'VND1B502', 'C5', NULL, 'T2');
INSERT INTO `flights` (`aircraft_id`, `airline_id`, `created_date`, `id`, `modified_date`, `route_id`, `scheduled_arrival`, `scheduled_departure`, `status_id`, `created_by`, `flight_number`, `gate`, `modified_by`, `terminal`) VALUES (5, 1, '2025-05-01 01:06:44.982689', 4, '2025-05-01 01:06:45.270984', 5, '2025-07-18 08:00:00', '2025-07-18 06:30:00', 1, NULL, 'VN0298BF', 'A5', NULL, 'T1');
INSERT INTO `flights` (`aircraft_id`, `airline_id`, `created_date`, `id`, `modified_date`, `route_id`, `scheduled_arrival`, `scheduled_departure`, `status_id`, `created_by`, `flight_number`, `gate`, `modified_by`, `terminal`) VALUES (4, 1, '2025-05-01 01:06:45.873258', 5, '2025-05-01 01:06:46.436748', 13, '2025-07-19 14:30:00', '2025-07-19 12:00:00', 1, NULL, 'VN649008', 'D2', NULL, 'T2');
INSERT INTO `flights` (`aircraft_id`, `airline_id`, `created_date`, `id`, `modified_date`, `route_id`, `scheduled_arrival`, `scheduled_departure`, `status_id`, `created_by`, `flight_number`, `gate`, `modified_by`, `terminal`) VALUES (6, 1, '2025-05-01 01:06:46.613725', 6, '2025-05-01 01:06:46.757204', 4, '2025-07-20 17:15:00', '2025-07-20 16:00:00', 1, NULL, 'VNF628B6', 'B7', NULL, 'T1');
INSERT INTO `flights` (`aircraft_id`, `airline_id`, `created_date`, `id`, `modified_date`, `route_id`, `scheduled_arrival`, `scheduled_departure`, `status_id`, `created_by`, `flight_number`, `gate`, `modified_by`, `terminal`) VALUES (1, 1, '2025-05-01 01:06:47.187346', 7, '2025-05-01 01:06:47.594618', 2, '2025-07-21 12:30:00', '2025-07-21 10:00:00', 1, NULL, 'VN71041F', 'A8', NULL, 'T2');

-- INSERT statements for table: roles

INSERT INTO `roles` (`created_date`, `id`, `modified_date`, `created_by`, `description`, `modified_by`, `role_code`, `role_name`) VALUES ('2025-05-01 01:06:47.633362', 1, '2025-05-01 01:06:47.633362', NULL, NULL, NULL, 'ADMIN', 'ADMIN');
INSERT INTO `roles` (`created_date`, `id`, `modified_date`, `created_by`, `description`, `modified_by`, `role_code`, `role_name`) VALUES ('2025-05-01 01:06:47.667131', 2, '2025-05-01 01:06:47.667131', NULL, NULL, NULL, 'CUSTOMER', 'CUSTOMER');

-- INSERT statements for table: users

-- No data found in table users

-- INSERT statements for table: promo_codes

INSERT INTO `promo_codes` (`amount`, `current_usage`, `is_active`, `is_first_time`, `is_percentage`, `max_usage`, `min_booking_amount`, `min_passenger`, `valid_from`, `valid_to`, `created_date`, `id`, `modified_date`, `code`, `created_by`, `description`, `modified_by`) VALUES ('30.00', 100, 1, 0, 1, 500, '100.00', 0, '2025-12-31', '2026-01-02', '2025-05-01 01:06:48.779737', 1, '2025-05-01 01:06:48.779737', 'NEWYEAR2026', NULL, 'Giảm giá 30% cho năm mới 2026', NULL);
INSERT INTO `promo_codes` (`amount`, `current_usage`, `is_active`, `is_first_time`, `is_percentage`, `max_usage`, `min_booking_amount`, `min_passenger`, `valid_from`, `valid_to`, `created_date`, `id`, `modified_date`, `code`, `created_by`, `description`, `modified_by`) VALUES ('20.00', 50, 1, 0, 1, 300, '80.00', 0, '2025-02-13', '2025-02-15', '2025-05-01 01:06:48.791436', 2, '2025-05-01 01:06:48.791436', 'VALENTINEFLY', NULL, 'Giảm giá 20% cho chuyến bay ngày Valentine', NULL);
INSERT INTO `promo_codes` (`amount`, `current_usage`, `is_active`, `is_first_time`, `is_percentage`, `max_usage`, `min_booking_amount`, `min_passenger`, `valid_from`, `valid_to`, `created_date`, `id`, `modified_date`, `code`, `created_by`, `description`, `modified_by`) VALUES ('50.00', 20, 1, 1, 1, 200, '50.00', 0, '2025-01-01', '2025-12-31', '2025-05-01 01:06:48.794773', 3, '2025-05-01 01:06:48.794773', 'NEWUSER50', NULL, 'Giảm 50% cho người dùng mới', NULL);
INSERT INTO `promo_codes` (`amount`, `current_usage`, `is_active`, `is_first_time`, `is_percentage`, `max_usage`, `min_booking_amount`, `min_passenger`, `valid_from`, `valid_to`, `created_date`, `id`, `modified_date`, `code`, `created_by`, `description`, `modified_by`) VALUES ('25.00', 75, 1, 0, 1, 400, '120.00', 0, '2025-09-01', '2025-09-03', '2025-05-01 01:06:48.798078', 4, '2025-05-01 01:06:48.798078', 'INDEPENDENCEDAY', NULL, 'Giảm giá đặc biệt nhân ngày Quốc Khánh', NULL);
INSERT INTO `promo_codes` (`amount`, `current_usage`, `is_active`, `is_first_time`, `is_percentage`, `max_usage`, `min_booking_amount`, `min_passenger`, `valid_from`, `valid_to`, `created_date`, `id`, `modified_date`, `code`, `created_by`, `description`, `modified_by`) VALUES ('35.00', 150, 1, 0, 1, 600, '100.00', 0, '2025-12-23', '2025-12-26', '2025-05-01 01:06:48.801935', 5, '2025-05-01 01:06:48.801935', 'XMASFLIGHT', NULL, 'Giảm 35% cho chuyến bay Giáng Sinh', NULL);
INSERT INTO `promo_codes` (`amount`, `current_usage`, `is_active`, `is_first_time`, `is_percentage`, `max_usage`, `min_booking_amount`, `min_passenger`, `valid_from`, `valid_to`, `created_date`, `id`, `modified_date`, `code`, `created_by`, `description`, `modified_by`) VALUES ('40.00', 50, 1, 1, 1, 300, '70.00', 0, '2025-01-01', '2025-12-31', '2025-05-01 01:06:48.805876', 6, '2025-05-01 01:06:48.805876', 'FIRSTTRIP', NULL, 'Ưu đãi 40% cho lần đặt vé đầu tiên', NULL);
INSERT INTO `promo_codes` (`amount`, `current_usage`, `is_active`, `is_first_time`, `is_percentage`, `max_usage`, `min_booking_amount`, `min_passenger`, `valid_from`, `valid_to`, `created_date`, `id`, `modified_date`, `code`, `created_by`, `description`, `modified_by`) VALUES ('20.00', 90, 1, 0, 1, 400, '80.00', 0, '2025-03-07', '2025-03-09', '2025-05-01 01:06:48.809148', 7, '2025-05-01 01:06:48.809148', 'WOMENSDAY', NULL, 'Giảm giá 20% nhân ngày Quốc tế Phụ nữ', NULL);
INSERT INTO `promo_codes` (`amount`, `current_usage`, `is_active`, `is_first_time`, `is_percentage`, `max_usage`, `min_booking_amount`, `min_passenger`, `valid_from`, `valid_to`, `created_date`, `id`, `modified_date`, `code`, `created_by`, `description`, `modified_by`) VALUES ('50.00', 120, 1, 0, 1, 500, '150.00', 0, '2025-11-28', '2025-11-30', '2025-05-01 01:06:48.811862', 8, '2025-05-01 01:06:48.811862', 'BLACKFRIDAYFLY', NULL, 'Ưu đãi 50% nhân ngày Black Friday', NULL);

-- INSERT statements for table: booking_status

-- No data found in table booking_status

-- INSERT statements for table: bookings

-- No data found in table bookings

-- INSERT statements for table: fare_classes

INSERT INTO `fare_classes` (`baggage_allowance`, `change_allowed`, `change_fee`, `is_active`, `meal_included`, `refund_allowed`, `refund_fee`, `seat_selection`, `airline_id`, `created_date`, `id`, `modified_date`, `code`, `created_by`, `description`, `modified_by`, `name`) VALUES (40, 1, 50.0, 1, 1, 1, 100.0, 1, 1, '2025-05-01 01:06:40.595616', 1, '2025-05-01 01:06:40.595616', 'PRM', NULL, 'Premium class with full amenities', NULL, 'Premium');
INSERT INTO `fare_classes` (`baggage_allowance`, `change_allowed`, `change_fee`, `is_active`, `meal_included`, `refund_allowed`, `refund_fee`, `seat_selection`, `airline_id`, `created_date`, `id`, `modified_date`, `code`, `created_by`, `description`, `modified_by`, `name`) VALUES (30, 1, 75.0, 1, 1, 0, NULL, 1, 1, '2025-05-01 01:06:40.641998', 2, '2025-05-01 01:06:40.641998', 'BUS', NULL, 'Business class with enhanced services', NULL, 'Business');
INSERT INTO `fare_classes` (`baggage_allowance`, `change_allowed`, `change_fee`, `is_active`, `meal_included`, `refund_allowed`, `refund_fee`, `seat_selection`, `airline_id`, `created_date`, `id`, `modified_date`, `code`, `created_by`, `description`, `modified_by`, `name`) VALUES (20, 0, NULL, 1, 0, 0, NULL, 0, 1, '2025-05-01 01:06:40.681928', 3, '2025-05-01 01:06:40.681928', 'STD', NULL, 'Economy class with cost-saving options', NULL, 'Standard');

-- INSERT statements for table: seat_reservations

INSERT INTO `seat_reservations` (`created_date`, `fare_class_id`, `flight_id`, `id`, `modified_date`, `created_by`, `modified_by`, `seat_number`, `seat_status`) VALUES ('2025-05-01 01:06:42.019976', 1, 1, 1, '2025-05-01 01:06:42.495720', NULL, NULL, 'PRM-1', 'AVAILABLE');
INSERT INTO `seat_reservations` (`created_date`, `fare_class_id`, `flight_id`, `id`, `modified_date`, `created_by`, `modified_by`, `seat_number`, `seat_status`) VALUES ('2025-05-01 01:06:42.030235', 1, 1, 2, '2025-05-01 01:06:42.496288', NULL, NULL, 'PRM-2', 'AVAILABLE');
INSERT INTO `seat_reservations` (`created_date`, `fare_class_id`, `flight_id`, `id`, `modified_date`, `created_by`, `modified_by`, `seat_number`, `seat_status`) VALUES ('2025-05-01 01:06:42.033559', 1, 1, 3, '2025-05-01 01:06:42.496288', NULL, NULL, 'PRM-3', 'AVAILABLE');
INSERT INTO `seat_reservations` (`created_date`, `fare_class_id`, `flight_id`, `id`, `modified_date`, `created_by`, `modified_by`, `seat_number`, `seat_status`) VALUES ('2025-05-01 01:06:42.037439', 1, 1, 4, '2025-05-01 01:06:42.496288', NULL, NULL, 'PRM-4', 'AVAILABLE');
INSERT INTO `seat_reservations` (`created_date`, `fare_class_id`, `flight_id`, `id`, `modified_date`, `created_by`, `modified_by`, `seat_number`, `seat_status`) VALUES ('2025-05-01 01:06:42.041359', 1, 1, 5, '2025-05-01 01:06:42.496288', NULL, NULL, 'PRM-5', 'AVAILABLE');
INSERT INTO `seat_reservations` (`created_date`, `fare_class_id`, `flight_id`, `id`, `modified_date`, `created_by`, `modified_by`, `seat_number`, `seat_status`) VALUES ('2025-05-01 01:06:42.045175', 1, 1, 6, '2025-05-01 01:06:42.496288', NULL, NULL, 'PRM-6', 'AVAILABLE');
INSERT INTO `seat_reservations` (`created_date`, `fare_class_id`, `flight_id`, `id`, `modified_date`, `created_by`, `modified_by`, `seat_number`, `seat_status`) VALUES ('2025-05-01 01:06:42.050205', 1, 1, 7, '2025-05-01 01:06:42.497059', NULL, NULL, 'PRM-7', 'AVAILABLE');
INSERT INTO `seat_reservations` (`created_date`, `fare_class_id`, `flight_id`, `id`, `modified_date`, `created_by`, `modified_by`, `seat_number`, `seat_status`) VALUES ('2025-05-01 01:06:42.054212', 1, 1, 8, '2025-05-01 01:06:42.497059', NULL, NULL, 'PRM-8', 'AVAILABLE');
INSERT INTO `seat_reservations` (`created_date`, `fare_class_id`, `flight_id`, `id`, `modified_date`, `created_by`, `modified_by`, `seat_number`, `seat_status`) VALUES ('2025-05-01 01:06:42.057557', 1, 1, 9, '2025-05-01 01:06:42.498712', NULL, NULL, 'PRM-9', 'AVAILABLE');
INSERT INTO `seat_reservations` (`created_date`, `fare_class_id`, `flight_id`, `id`, `modified_date`, `created_by`, `modified_by`, `seat_number`, `seat_status`) VALUES ('2025-05-01 01:06:42.062047', 1, 1, 10, '2025-05-01 01:06:42.505329', NULL, NULL, 'PRM-10', 'AVAILABLE');
INSERT INTO `seat_reservations` (`created_date`, `fare_class_id`, `flight_id`, `id`, `modified_date`, `created_by`, `modified_by`, `seat_number`, `seat_status`) VALUES ('2025-05-01 01:06:42.067242', 1, 1, 11, '2025-05-01 01:06:42.505329', NULL, NULL, 'PRM-11', 'AVAILABLE');
INSERT INTO `seat_reservations` (`created_date`, `fare_class_id`, `flight_id`, `id`, `modified_date`, `created_by`, `modified_by`, `seat_number`, `seat_status`) VALUES ('2025-05-01 01:06:42.071433', 1, 1, 12, '2025-05-01 01:06:42.505329', NULL, NULL, 'PRM-12', 'AVAILABLE');
INSERT INTO `seat_reservations` (`created_date`, `fare_class_id`, `flight_id`, `id`, `modified_date`, `created_by`, `modified_by`, `seat_number`, `seat_status`) VALUES ('2025-05-01 01:06:42.075891', 1, 1, 13, '2025-05-01 01:06:42.505329', NULL, NULL, 'PRM-13', 'AVAILABLE');
INSERT INTO `seat_reservations` (`created_date`, `fare_class_id`, `flight_id`, `id`, `modified_date`, `created_by`, `modified_by`, `seat_number`, `seat_status`) VALUES ('2025-05-01 01:06:42.079766', 1, 1, 14, '2025-05-01 01:06:42.505329', NULL, NULL, 'PRM-14', 'AVAILABLE');
INSERT INTO `seat_reservations` (`created_date`, `fare_class_id`, `flight_id`, `id`, `modified_date`, `created_by`, `modified_by`, `seat_number`, `seat_status`) VALUES ('2025-05-01 01:06:42.084910', 1, 1, 15, '2025-05-01 01:06:42.505329', NULL, NULL, 'PRM-15', 'AVAILABLE');
INSERT INTO `seat_reservations` (`created_date`, `fare_class_id`, `flight_id`, `id`, `modified_date`, `created_by`, `modified_by`, `seat_number`, `seat_status`) VALUES ('2025-05-01 01:06:42.088755', 1, 1, 16, '2025-05-01 01:06:42.505329', NULL, NULL, 'PRM-16', 'AVAILABLE');
INSERT INTO `seat_reservations` (`created_date`, `fare_class_id`, `flight_id`, `id`, `modified_date`, `created_by`, `modified_by`, `seat_number`, `seat_status`) VALUES ('2025-05-01 01:06:42.092643', 1, 1, 17, '2025-05-01 01:06:42.505329', NULL, NULL, 'PRM-17', 'AVAILABLE');
INSERT INTO `seat_reservations` (`created_date`, `fare_class_id`, `flight_id`, `id`, `modified_date`, `created_by`, `modified_by`, `seat_number`, `seat_status`) VALUES ('2025-05-01 01:06:42.097020', 1, 1, 18, '2025-05-01 01:06:42.505329', NULL, NULL, 'PRM-18', 'AVAILABLE');
INSERT INTO `seat_reservations` (`created_date`, `fare_class_id`, `flight_id`, `id`, `modified_date`, `created_by`, `modified_by`, `seat_number`, `seat_status`) VALUES ('2025-05-01 01:06:42.101592', 1, 1, 19, '2025-05-01 01:06:42.505329', NULL, NULL, 'PRM-19', 'AVAILABLE');
INSERT INTO `seat_reservations` (`created_date`, `fare_class_id`, `flight_id`, `id`, `modified_date`, `created_by`, `modified_by`, `seat_number`, `seat_status`) VALUES ('2025-05-01 01:06:42.105373', 1, 1, 20, '2025-05-01 01:06:42.506326', NULL, NULL, 'PRM-20', 'AVAILABLE');
INSERT INTO `seat_reservations` (`created_date`, `fare_class_id`, `flight_id`, `id`, `modified_date`, `created_by`, `modified_by`, `seat_number`, `seat_status`) VALUES ('2025-05-01 01:06:42.108967', 1, 1, 21, '2025-05-01 01:06:42.506326', NULL, NULL, 'PRM-21', 'AVAILABLE');
INSERT INTO `seat_reservations` (`created_date`, `fare_class_id`, `flight_id`, `id`, `modified_date`, `created_by`, `modified_by`, `seat_number`, `seat_status`) VALUES ('2025-05-01 01:06:42.113356', 2, 1, 22, '2025-05-01 01:06:42.506326', NULL, NULL, 'BUS-1', 'AVAILABLE');
INSERT INTO `seat_reservations` (`created_date`, `fare_class_id`, `flight_id`, `id`, `modified_date`, `created_by`, `modified_by`, `seat_number`, `seat_status`) VALUES ('2025-05-01 01:06:42.117026', 2, 1, 23, '2025-05-01 01:06:42.506326', NULL, NULL, 'BUS-2', 'AVAILABLE');
INSERT INTO `seat_reservations` (`created_date`, `fare_class_id`, `flight_id`, `id`, `modified_date`, `created_by`, `modified_by`, `seat_number`, `seat_status`) VALUES ('2025-05-01 01:06:42.120324', 2, 1, 24, '2025-05-01 01:06:42.506326', NULL, NULL, 'BUS-3', 'AVAILABLE');
INSERT INTO `seat_reservations` (`created_date`, `fare_class_id`, `flight_id`, `id`, `modified_date`, `created_by`, `modified_by`, `seat_number`, `seat_status`) VALUES ('2025-05-01 01:06:42.123616', 2, 1, 25, '2025-05-01 01:06:42.506326', NULL, NULL, 'BUS-4', 'AVAILABLE');
INSERT INTO `seat_reservations` (`created_date`, `fare_class_id`, `flight_id`, `id`, `modified_date`, `created_by`, `modified_by`, `seat_number`, `seat_status`) VALUES ('2025-05-01 01:06:42.127488', 2, 1, 26, '2025-05-01 01:06:42.506326', NULL, NULL, 'BUS-5', 'AVAILABLE');
INSERT INTO `seat_reservations` (`created_date`, `fare_class_id`, `flight_id`, `id`, `modified_date`, `created_by`, `modified_by`, `seat_number`, `seat_status`) VALUES ('2025-05-01 01:06:42.131012', 2, 1, 27, '2025-05-01 01:06:42.506326', NULL, NULL, 'BUS-6', 'AVAILABLE');
INSERT INTO `seat_reservations` (`created_date`, `fare_class_id`, `flight_id`, `id`, `modified_date`, `created_by`, `modified_by`, `seat_number`, `seat_status`) VALUES ('2025-05-01 01:06:42.134264', 2, 1, 28, '2025-05-01 01:06:42.506326', NULL, NULL, 'BUS-7', 'AVAILABLE');
INSERT INTO `seat_reservations` (`created_date`, `fare_class_id`, `flight_id`, `id`, `modified_date`, `created_by`, `modified_by`, `seat_number`, `seat_status`) VALUES ('2025-05-01 01:06:42.138189', 2, 1, 29, '2025-05-01 01:06:42.506326', NULL, NULL, 'BUS-8', 'AVAILABLE');
INSERT INTO `seat_reservations` (`created_date`, `fare_class_id`, `flight_id`, `id`, `modified_date`, `created_by`, `modified_by`, `seat_number`, `seat_status`) VALUES ('2025-05-01 01:06:42.140893', 2, 1, 30, '2025-05-01 01:06:42.506326', NULL, NULL, 'BUS-9', 'AVAILABLE');
INSERT INTO `seat_reservations` (`created_date`, `fare_class_id`, `flight_id`, `id`, `modified_date`, `created_by`, `modified_by`, `seat_number`, `seat_status`) VALUES ('2025-05-01 01:06:42.144205', 2, 1, 31, '2025-05-01 01:06:42.506326', NULL, NULL, 'BUS-10', 'AVAILABLE');
INSERT INTO `seat_reservations` (`created_date`, `fare_class_id`, `flight_id`, `id`, `modified_date`, `created_by`, `modified_by`, `seat_number`, `seat_status`) VALUES ('2025-05-01 01:06:42.149531', 2, 1, 32, '2025-05-01 01:06:42.506326', NULL, NULL, 'BUS-11', 'AVAILABLE');
INSERT INTO `seat_reservations` (`created_date`, `fare_class_id`, `flight_id`, `id`, `modified_date`, `created_by`, `modified_by`, `seat_number`, `seat_status`) VALUES ('2025-05-01 01:06:42.152258', 2, 1, 33, '2025-05-01 01:06:42.506326', NULL, NULL, 'BUS-12', 'AVAILABLE');
INSERT INTO `seat_reservations` (`created_date`, `fare_class_id`, `flight_id`, `id`, `modified_date`, `created_by`, `modified_by`, `seat_number`, `seat_status`) VALUES ('2025-05-01 01:06:42.155513', 2, 1, 34, '2025-05-01 01:06:42.506326', NULL, NULL, 'BUS-13', 'AVAILABLE');
INSERT INTO `seat_reservations` (`created_date`, `fare_class_id`, `flight_id`, `id`, `modified_date`, `created_by`, `modified_by`, `seat_number`, `seat_status`) VALUES ('2025-05-01 01:06:42.158260', 2, 1, 35, '2025-05-01 01:06:42.506326', NULL, NULL, 'BUS-14', 'AVAILABLE');
INSERT INTO `seat_reservations` (`created_date`, `fare_class_id`, `flight_id`, `id`, `modified_date`, `created_by`, `modified_by`, `seat_number`, `seat_status`) VALUES ('2025-05-01 01:06:42.160533', 2, 1, 36, '2025-05-01 01:06:42.506326', NULL, NULL, 'BUS-15', 'AVAILABLE');
INSERT INTO `seat_reservations` (`created_date`, `fare_class_id`, `flight_id`, `id`, `modified_date`, `created_by`, `modified_by`, `seat_number`, `seat_status`) VALUES ('2025-05-01 01:06:42.163825', 2, 1, 37, '2025-05-01 01:06:42.506326', NULL, NULL, 'BUS-16', 'AVAILABLE');
INSERT INTO `seat_reservations` (`created_date`, `fare_class_id`, `flight_id`, `id`, `modified_date`, `created_by`, `modified_by`, `seat_number`, `seat_status`) VALUES ('2025-05-01 01:06:42.167091', 2, 1, 38, '2025-05-01 01:06:42.506326', NULL, NULL, 'BUS-17', 'AVAILABLE');
INSERT INTO `seat_reservations` (`created_date`, `fare_class_id`, `flight_id`, `id`, `modified_date`, `created_by`, `modified_by`, `seat_number`, `seat_status`) VALUES ('2025-05-01 01:06:42.169284', 2, 1, 39, '2025-05-01 01:06:42.506326', NULL, NULL, 'BUS-18', 'AVAILABLE');
INSERT INTO `seat_reservations` (`created_date`, `fare_class_id`, `flight_id`, `id`, `modified_date`, `created_by`, `modified_by`, `seat_number`, `seat_status`) VALUES ('2025-05-01 01:06:42.172019', 2, 1, 40, '2025-05-01 01:06:42.507326', NULL, NULL, 'BUS-19', 'AVAILABLE');
INSERT INTO `seat_reservations` (`created_date`, `fare_class_id`, `flight_id`, `id`, `modified_date`, `created_by`, `modified_by`, `seat_number`, `seat_status`) VALUES ('2025-05-01 01:06:42.175472', 2, 1, 41, '2025-05-01 01:06:42.507326', NULL, NULL, 'BUS-20', 'AVAILABLE');
INSERT INTO `seat_reservations` (`created_date`, `fare_class_id`, `flight_id`, `id`, `modified_date`, `created_by`, `modified_by`, `seat_number`, `seat_status`) VALUES ('2025-05-01 01:06:42.178542', 2, 1, 42, '2025-05-01 01:06:42.507326', NULL, NULL, 'BUS-21', 'AVAILABLE');
INSERT INTO `seat_reservations` (`created_date`, `fare_class_id`, `flight_id`, `id`, `modified_date`, `created_by`, `modified_by`, `seat_number`, `seat_status`) VALUES ('2025-05-01 01:06:42.181277', 2, 1, 43, '2025-05-01 01:06:42.507326', NULL, NULL, 'BUS-22', 'AVAILABLE');
INSERT INTO `seat_reservations` (`created_date`, `fare_class_id`, `flight_id`, `id`, `modified_date`, `created_by`, `modified_by`, `seat_number`, `seat_status`) VALUES ('2025-05-01 01:06:42.185092', 2, 1, 44, '2025-05-01 01:06:42.507326', NULL, NULL, 'BUS-23', 'AVAILABLE');
INSERT INTO `seat_reservations` (`created_date`, `fare_class_id`, `flight_id`, `id`, `modified_date`, `created_by`, `modified_by`, `seat_number`, `seat_status`) VALUES ('2025-05-01 01:06:42.188385', 2, 1, 45, '2025-05-01 01:06:42.507326', NULL, NULL, 'BUS-24', 'AVAILABLE');
INSERT INTO `seat_reservations` (`created_date`, `fare_class_id`, `flight_id`, `id`, `modified_date`, `created_by`, `modified_by`, `seat_number`, `seat_status`) VALUES ('2025-05-01 01:06:42.191305', 2, 1, 46, '2025-05-01 01:06:42.507326', NULL, NULL, 'BUS-25', 'AVAILABLE');
INSERT INTO `seat_reservations` (`created_date`, `fare_class_id`, `flight_id`, `id`, `modified_date`, `created_by`, `modified_by`, `seat_number`, `seat_status`) VALUES ('2025-05-01 01:06:42.194022', 2, 1, 47, '2025-05-01 01:06:42.507326', NULL, NULL, 'BUS-26', 'AVAILABLE');
INSERT INTO `seat_reservations` (`created_date`, `fare_class_id`, `flight_id`, `id`, `modified_date`, `created_by`, `modified_by`, `seat_number`, `seat_status`) VALUES ('2025-05-01 01:06:42.196763', 2, 1, 48, '2025-05-01 01:06:42.507326', NULL, NULL, 'BUS-27', 'AVAILABLE');
INSERT INTO `seat_reservations` (`created_date`, `fare_class_id`, `flight_id`, `id`, `modified_date`, `created_by`, `modified_by`, `seat_number`, `seat_status`) VALUES ('2025-05-01 01:06:42.199580', 2, 1, 49, '2025-05-01 01:06:42.507326', NULL, NULL, 'BUS-28', 'AVAILABLE');
INSERT INTO `seat_reservations` (`created_date`, `fare_class_id`, `flight_id`, `id`, `modified_date`, `created_by`, `modified_by`, `seat_number`, `seat_status`) VALUES ('2025-05-01 01:06:42.202244', 2, 1, 50, '2025-05-01 01:06:42.507326', NULL, NULL, 'BUS-29', 'AVAILABLE');
INSERT INTO `seat_reservations` (`created_date`, `fare_class_id`, `flight_id`, `id`, `modified_date`, `created_by`, `modified_by`, `seat_number`, `seat_status`) VALUES ('2025-05-01 01:06:42.204967', 2, 1, 51, '2025-05-01 01:06:42.507326', NULL, NULL, 'BUS-30', 'AVAILABLE');
INSERT INTO `seat_reservations` (`created_date`, `fare_class_id`, `flight_id`, `id`, `modified_date`, `created_by`, `modified_by`, `seat_number`, `seat_status`) VALUES ('2025-05-01 01:06:42.207800', 2, 1, 52, '2025-05-01 01:06:42.507326', NULL, NULL, 'BUS-31', 'AVAILABLE');
INSERT INTO `seat_reservations` (`created_date`, `fare_class_id`, `flight_id`, `id`, `modified_date`, `created_by`, `modified_by`, `seat_number`, `seat_status`) VALUES ('2025-05-01 01:06:42.211150', 2, 1, 53, '2025-05-01 01:06:42.507326', NULL, NULL, 'BUS-32', 'AVAILABLE');
INSERT INTO `seat_reservations` (`created_date`, `fare_class_id`, `flight_id`, `id`, `modified_date`, `created_by`, `modified_by`, `seat_number`, `seat_status`) VALUES ('2025-05-01 01:06:42.213856', 2, 1, 54, '2025-05-01 01:06:42.507326', NULL, NULL, 'BUS-33', 'AVAILABLE');
INSERT INTO `seat_reservations` (`created_date`, `fare_class_id`, `flight_id`, `id`, `modified_date`, `created_by`, `modified_by`, `seat_number`, `seat_status`) VALUES ('2025-05-01 01:06:42.217681', 2, 1, 55, '2025-05-01 01:06:42.507326', NULL, NULL, 'BUS-34', 'AVAILABLE');
INSERT INTO `seat_reservations` (`created_date`, `fare_class_id`, `flight_id`, `id`, `modified_date`, `created_by`, `modified_by`, `seat_number`, `seat_status`) VALUES ('2025-05-01 01:06:42.220649', 2, 1, 56, '2025-05-01 01:06:42.507326', NULL, NULL, 'BUS-35', 'AVAILABLE');
INSERT INTO `seat_reservations` (`created_date`, `fare_class_id`, `flight_id`, `id`, `modified_date`, `created_by`, `modified_by`, `seat_number`, `seat_status`) VALUES ('2025-05-01 01:06:42.223312', 2, 1, 57, '2025-05-01 01:06:42.507326', NULL, NULL, 'BUS-36', 'AVAILABLE');
INSERT INTO `seat_reservations` (`created_date`, `fare_class_id`, `flight_id`, `id`, `modified_date`, `created_by`, `modified_by`, `seat_number`, `seat_status`) VALUES ('2025-05-01 01:06:42.227100', 2, 1, 58, '2025-05-01 01:06:42.507326', NULL, NULL, 'BUS-37', 'AVAILABLE');
INSERT INTO `seat_reservations` (`created_date`, `fare_class_id`, `flight_id`, `id`, `modified_date`, `created_by`, `modified_by`, `seat_number`, `seat_status`) VALUES ('2025-05-01 01:06:42.230995', 2, 1, 59, '2025-05-01 01:06:42.507326', NULL, NULL, 'BUS-38', 'AVAILABLE');
INSERT INTO `seat_reservations` (`created_date`, `fare_class_id`, `flight_id`, `id`, `modified_date`, `created_by`, `modified_by`, `seat_number`, `seat_status`) VALUES ('2025-05-01 01:06:42.234285', 2, 1, 60, '2025-05-01 01:06:42.507326', NULL, NULL, 'BUS-39', 'AVAILABLE');
INSERT INTO `seat_reservations` (`created_date`, `fare_class_id`, `flight_id`, `id`, `modified_date`, `created_by`, `modified_by`, `seat_number`, `seat_status`) VALUES ('2025-05-01 01:06:42.237035', 2, 1, 61, '2025-05-01 01:06:42.507326', NULL, NULL, 'BUS-40', 'AVAILABLE');
INSERT INTO `seat_reservations` (`created_date`, `fare_class_id`, `flight_id`, `id`, `modified_date`, `created_by`, `modified_by`, `seat_number`, `seat_status`) VALUES ('2025-05-01 01:06:42.240673', 2, 1, 62, '2025-05-01 01:06:42.507326', NULL, NULL, 'BUS-41', 'AVAILABLE');
INSERT INTO `seat_reservations` (`created_date`, `fare_class_id`, `flight_id`, `id`, `modified_date`, `created_by`, `modified_by`, `seat_number`, `seat_status`) VALUES ('2025-05-01 01:06:42.243402', 2, 1, 63, '2025-05-01 01:06:42.507326', NULL, NULL, 'BUS-42', 'AVAILABLE');
INSERT INTO `seat_reservations` (`created_date`, `fare_class_id`, `flight_id`, `id`, `modified_date`, `created_by`, `modified_by`, `seat_number`, `seat_status`) VALUES ('2025-05-01 01:06:42.246075', 2, 1, 64, '2025-05-01 01:06:42.507326', NULL, NULL, 'BUS-43', 'AVAILABLE');
INSERT INTO `seat_reservations` (`created_date`, `fare_class_id`, `flight_id`, `id`, `modified_date`, `created_by`, `modified_by`, `seat_number`, `seat_status`) VALUES ('2025-05-01 01:06:42.251027', 2, 1, 65, '2025-05-01 01:06:42.507326', NULL, NULL, 'BUS-44', 'AVAILABLE');
INSERT INTO `seat_reservations` (`created_date`, `fare_class_id`, `flight_id`, `id`, `modified_date`, `created_by`, `modified_by`, `seat_number`, `seat_status`) VALUES ('2025-05-01 01:06:42.254506', 2, 1, 66, '2025-05-01 01:06:42.507326', NULL, NULL, 'BUS-45', 'AVAILABLE');
INSERT INTO `seat_reservations` (`created_date`, `fare_class_id`, `flight_id`, `id`, `modified_date`, `created_by`, `modified_by`, `seat_number`, `seat_status`) VALUES ('2025-05-01 01:06:42.257696', 2, 1, 67, '2025-05-01 01:06:42.507326', NULL, NULL, 'BUS-46', 'AVAILABLE');
INSERT INTO `seat_reservations` (`created_date`, `fare_class_id`, `flight_id`, `id`, `modified_date`, `created_by`, `modified_by`, `seat_number`, `seat_status`) VALUES ('2025-05-01 01:06:42.261517', 2, 1, 68, '2025-05-01 01:06:42.507326', NULL, NULL, 'BUS-47', 'AVAILABLE');
INSERT INTO `seat_reservations` (`created_date`, `fare_class_id`, `flight_id`, `id`, `modified_date`, `created_by`, `modified_by`, `seat_number`, `seat_status`) VALUES ('2025-05-01 01:06:42.265875', 2, 1, 69, '2025-05-01 01:06:42.507326', NULL, NULL, 'BUS-48', 'AVAILABLE');
INSERT INTO `seat_reservations` (`created_date`, `fare_class_id`, `flight_id`, `id`, `modified_date`, `created_by`, `modified_by`, `seat_number`, `seat_status`) VALUES ('2025-05-01 01:06:42.269459', 3, 1, 70, '2025-05-01 01:06:42.507326', NULL, NULL, 'STD-1', 'AVAILABLE');
INSERT INTO `seat_reservations` (`created_date`, `fare_class_id`, `flight_id`, `id`, `modified_date`, `created_by`, `modified_by`, `seat_number`, `seat_status`) VALUES ('2025-05-01 01:06:42.273215', 3, 1, 71, '2025-05-01 01:06:42.508326', NULL, NULL, 'STD-2', 'AVAILABLE');
INSERT INTO `seat_reservations` (`created_date`, `fare_class_id`, `flight_id`, `id`, `modified_date`, `created_by`, `modified_by`, `seat_number`, `seat_status`) VALUES ('2025-05-01 01:06:42.276584', 3, 1, 72, '2025-05-01 01:06:42.508326', NULL, NULL, 'STD-3', 'AVAILABLE');
INSERT INTO `seat_reservations` (`created_date`, `fare_class_id`, `flight_id`, `id`, `modified_date`, `created_by`, `modified_by`, `seat_number`, `seat_status`) VALUES ('2025-05-01 01:06:42.280584', 3, 1, 73, '2025-05-01 01:06:42.508326', NULL, NULL, 'STD-4', 'AVAILABLE');
INSERT INTO `seat_reservations` (`created_date`, `fare_class_id`, `flight_id`, `id`, `modified_date`, `created_by`, `modified_by`, `seat_number`, `seat_status`) VALUES ('2025-05-01 01:06:42.284598', 3, 1, 74, '2025-05-01 01:06:42.508326', NULL, NULL, 'STD-5', 'AVAILABLE');
INSERT INTO `seat_reservations` (`created_date`, `fare_class_id`, `flight_id`, `id`, `modified_date`, `created_by`, `modified_by`, `seat_number`, `seat_status`) VALUES ('2025-05-01 01:06:42.287900', 3, 1, 75, '2025-05-01 01:06:42.508326', NULL, NULL, 'STD-6', 'AVAILABLE');
INSERT INTO `seat_reservations` (`created_date`, `fare_class_id`, `flight_id`, `id`, `modified_date`, `created_by`, `modified_by`, `seat_number`, `seat_status`) VALUES ('2025-05-01 01:06:42.290644', 3, 1, 76, '2025-05-01 01:06:42.508326', NULL, NULL, 'STD-7', 'AVAILABLE');
INSERT INTO `seat_reservations` (`created_date`, `fare_class_id`, `flight_id`, `id`, `modified_date`, `created_by`, `modified_by`, `seat_number`, `seat_status`) VALUES ('2025-05-01 01:06:42.293867', 3, 1, 77, '2025-05-01 01:06:42.508326', NULL, NULL, 'STD-8', 'AVAILABLE');
INSERT INTO `seat_reservations` (`created_date`, `fare_class_id`, `flight_id`, `id`, `modified_date`, `created_by`, `modified_by`, `seat_number`, `seat_status`) VALUES ('2025-05-01 01:06:42.298028', 3, 1, 78, '2025-05-01 01:06:42.508326', NULL, NULL, 'STD-9', 'AVAILABLE');
INSERT INTO `seat_reservations` (`created_date`, `fare_class_id`, `flight_id`, `id`, `modified_date`, `created_by`, `modified_by`, `seat_number`, `seat_status`) VALUES ('2025-05-01 01:06:42.301959', 3, 1, 79, '2025-05-01 01:06:42.508326', NULL, NULL, 'STD-10', 'AVAILABLE');
INSERT INTO `seat_reservations` (`created_date`, `fare_class_id`, `flight_id`, `id`, `modified_date`, `created_by`, `modified_by`, `seat_number`, `seat_status`) VALUES ('2025-05-01 01:06:42.305780', 3, 1, 80, '2025-05-01 01:06:42.508326', NULL, NULL, 'STD-11', 'AVAILABLE');
INSERT INTO `seat_reservations` (`created_date`, `fare_class_id`, `flight_id`, `id`, `modified_date`, `created_by`, `modified_by`, `seat_number`, `seat_status`) VALUES ('2025-05-01 01:06:42.309587', 3, 1, 81, '2025-05-01 01:06:42.508326', NULL, NULL, 'STD-12', 'AVAILABLE');
INSERT INTO `seat_reservations` (`created_date`, `fare_class_id`, `flight_id`, `id`, `modified_date`, `created_by`, `modified_by`, `seat_number`, `seat_status`) VALUES ('2025-05-01 01:06:42.312953', 3, 1, 82, '2025-05-01 01:06:42.508326', NULL, NULL, 'STD-13', 'AVAILABLE');
INSERT INTO `seat_reservations` (`created_date`, `fare_class_id`, `flight_id`, `id`, `modified_date`, `created_by`, `modified_by`, `seat_number`, `seat_status`) VALUES ('2025-05-01 01:06:42.316588', 3, 1, 83, '2025-05-01 01:06:42.508326', NULL, NULL, 'STD-14', 'AVAILABLE');
INSERT INTO `seat_reservations` (`created_date`, `fare_class_id`, `flight_id`, `id`, `modified_date`, `created_by`, `modified_by`, `seat_number`, `seat_status`) VALUES ('2025-05-01 01:06:42.319326', 3, 1, 84, '2025-05-01 01:06:42.508326', NULL, NULL, 'STD-15', 'AVAILABLE');
INSERT INTO `seat_reservations` (`created_date`, `fare_class_id`, `flight_id`, `id`, `modified_date`, `created_by`, `modified_by`, `seat_number`, `seat_status`) VALUES ('2025-05-01 01:06:42.330385', 3, 1, 85, '2025-05-01 01:06:42.508326', NULL, NULL, 'STD-16', 'AVAILABLE');
INSERT INTO `seat_reservations` (`created_date`, `fare_class_id`, `flight_id`, `id`, `modified_date`, `created_by`, `modified_by`, `seat_number`, `seat_status`) VALUES ('2025-05-01 01:06:42.334320', 3, 1, 86, '2025-05-01 01:06:42.508326', NULL, NULL, 'STD-17', 'AVAILABLE');
INSERT INTO `seat_reservations` (`created_date`, `fare_class_id`, `flight_id`, `id`, `modified_date`, `created_by`, `modified_by`, `seat_number`, `seat_status`) VALUES ('2025-05-01 01:06:42.337545', 3, 1, 87, '2025-05-01 01:06:42.508326', NULL, NULL, 'STD-18', 'AVAILABLE');
INSERT INTO `seat_reservations` (`created_date`, `fare_class_id`, `flight_id`, `id`, `modified_date`, `created_by`, `modified_by`, `seat_number`, `seat_status`) VALUES ('2025-05-01 01:06:42.341378', 3, 1, 88, '2025-05-01 01:06:42.508326', NULL, NULL, 'STD-19', 'AVAILABLE');
INSERT INTO `seat_reservations` (`created_date`, `fare_class_id`, `flight_id`, `id`, `modified_date`, `created_by`, `modified_by`, `seat_number`, `seat_status`) VALUES ('2025-05-01 01:06:42.344763', 3, 1, 89, '2025-05-01 01:06:42.508326', NULL, NULL, 'STD-20', 'AVAILABLE');
INSERT INTO `seat_reservations` (`created_date`, `fare_class_id`, `flight_id`, `id`, `modified_date`, `created_by`, `modified_by`, `seat_number`, `seat_status`) VALUES ('2025-05-01 01:06:42.349671', 3, 1, 90, '2025-05-01 01:06:42.508326', NULL, NULL, 'STD-21', 'AVAILABLE');
INSERT INTO `seat_reservations` (`created_date`, `fare_class_id`, `flight_id`, `id`, `modified_date`, `created_by`, `modified_by`, `seat_number`, `seat_status`) VALUES ('2025-05-01 01:06:42.359700', 3, 1, 91, '2025-05-01 01:06:42.508326', NULL, NULL, 'STD-22', 'AVAILABLE');
INSERT INTO `seat_reservations` (`created_date`, `fare_class_id`, `flight_id`, `id`, `modified_date`, `created_by`, `modified_by`, `seat_number`, `seat_status`) VALUES ('2025-05-01 01:06:42.364611', 3, 1, 92, '2025-05-01 01:06:42.508326', NULL, NULL, 'STD-23', 'AVAILABLE');
INSERT INTO `seat_reservations` (`created_date`, `fare_class_id`, `flight_id`, `id`, `modified_date`, `created_by`, `modified_by`, `seat_number`, `seat_status`) VALUES ('2025-05-01 01:06:42.367966', 3, 1, 93, '2025-05-01 01:06:42.508326', NULL, NULL, 'STD-24', 'AVAILABLE');
INSERT INTO `seat_reservations` (`created_date`, `fare_class_id`, `flight_id`, `id`, `modified_date`, `created_by`, `modified_by`, `seat_number`, `seat_status`) VALUES ('2025-05-01 01:06:42.370705', 3, 1, 94, '2025-05-01 01:06:42.508326', NULL, NULL, 'STD-25', 'AVAILABLE');
INSERT INTO `seat_reservations` (`created_date`, `fare_class_id`, `flight_id`, `id`, `modified_date`, `created_by`, `modified_by`, `seat_number`, `seat_status`) VALUES ('2025-05-01 01:06:42.372897', 3, 1, 95, '2025-05-01 01:06:42.508326', NULL, NULL, 'STD-26', 'AVAILABLE');
INSERT INTO `seat_reservations` (`created_date`, `fare_class_id`, `flight_id`, `id`, `modified_date`, `created_by`, `modified_by`, `seat_number`, `seat_status`) VALUES ('2025-05-01 01:06:42.376334', 3, 1, 96, '2025-05-01 01:06:42.508326', NULL, NULL, 'STD-27', 'AVAILABLE');
INSERT INTO `seat_reservations` (`created_date`, `fare_class_id`, `flight_id`, `id`, `modified_date`, `created_by`, `modified_by`, `seat_number`, `seat_status`) VALUES ('2025-05-01 01:06:42.379179', 3, 1, 97, '2025-05-01 01:06:42.508326', NULL, NULL, 'STD-28', 'AVAILABLE');
INSERT INTO `seat_reservations` (`created_date`, `fare_class_id`, `flight_id`, `id`, `modified_date`, `created_by`, `modified_by`, `seat_number`, `seat_status`) VALUES ('2025-05-01 01:06:42.382476', 3, 1, 98, '2025-05-01 01:06:42.508326', NULL, NULL, 'STD-29', 'AVAILABLE');
INSERT INTO `seat_reservations` (`created_date`, `fare_class_id`, `flight_id`, `id`, `modified_date`, `created_by`, `modified_by`, `seat_number`, `seat_status`) VALUES ('2025-05-01 01:06:42.385228', 3, 1, 99, '2025-05-01 01:06:42.508326', NULL, NULL, 'STD-30', 'AVAILABLE');
INSERT INTO `seat_reservations` (`created_date`, `fare_class_id`, `flight_id`, `id`, `modified_date`, `created_by`, `modified_by`, `seat_number`, `seat_status`) VALUES ('2025-05-01 01:06:42.387453', 3, 1, 100, '2025-05-01 01:06:42.508326', NULL, NULL, 'STD-31', 'AVAILABLE');
INSERT INTO `seat_reservations` (`created_date`, `fare_class_id`, `flight_id`, `id`, `modified_date`, `created_by`, `modified_by`, `seat_number`, `seat_status`) VALUES ('2025-05-01 01:06:42.390305', 3, 1, 101, '2025-05-01 01:06:42.508326', NULL, NULL, 'STD-32', 'AVAILABLE');
INSERT INTO `seat_reservations` (`created_date`, `fare_class_id`, `flight_id`, `id`, `modified_date`, `created_by`, `modified_by`, `seat_number`, `seat_status`) VALUES ('2025-05-01 01:06:42.393064', 3, 1, 102, '2025-05-01 01:06:42.508326', NULL, NULL, 'STD-33', 'AVAILABLE');
INSERT INTO `seat_reservations` (`created_date`, `fare_class_id`, `flight_id`, `id`, `modified_date`, `created_by`, `modified_by`, `seat_number`, `seat_status`) VALUES ('2025-05-01 01:06:42.396338', 3, 1, 103, '2025-05-01 01:06:42.508326', NULL, NULL, 'STD-34', 'AVAILABLE');
INSERT INTO `seat_reservations` (`created_date`, `fare_class_id`, `flight_id`, `id`, `modified_date`, `created_by`, `modified_by`, `seat_number`, `seat_status`) VALUES ('2025-05-01 01:06:42.399310', 3, 1, 104, '2025-05-01 01:06:42.508326', NULL, NULL, 'STD-35', 'AVAILABLE');
INSERT INTO `seat_reservations` (`created_date`, `fare_class_id`, `flight_id`, `id`, `modified_date`, `created_by`, `modified_by`, `seat_number`, `seat_status`) VALUES ('2025-05-01 01:06:42.402554', 3, 1, 105, '2025-05-01 01:06:42.508326', NULL, NULL, 'STD-36', 'AVAILABLE');
INSERT INTO `seat_reservations` (`created_date`, `fare_class_id`, `flight_id`, `id`, `modified_date`, `created_by`, `modified_by`, `seat_number`, `seat_status`) VALUES ('2025-05-01 01:06:42.405912', 3, 1, 106, '2025-05-01 01:06:42.508326', NULL, NULL, 'STD-37', 'AVAILABLE');
INSERT INTO `seat_reservations` (`created_date`, `fare_class_id`, `flight_id`, `id`, `modified_date`, `created_by`, `modified_by`, `seat_number`, `seat_status`) VALUES ('2025-05-01 01:06:42.408652', 3, 1, 107, '2025-05-01 01:06:42.508326', NULL, NULL, 'STD-38', 'AVAILABLE');
INSERT INTO `seat_reservations` (`created_date`, `fare_class_id`, `flight_id`, `id`, `modified_date`, `created_by`, `modified_by`, `seat_number`, `seat_status`) VALUES ('2025-05-01 01:06:42.411332', 3, 1, 108, '2025-05-01 01:06:42.509331', NULL, NULL, 'STD-39', 'AVAILABLE');
INSERT INTO `seat_reservations` (`created_date`, `fare_class_id`, `flight_id`, `id`, `modified_date`, `created_by`, `modified_by`, `seat_number`, `seat_status`) VALUES ('2025-05-01 01:06:42.413997', 3, 1, 109, '2025-05-01 01:06:42.509331', NULL, NULL, 'STD-40', 'AVAILABLE');
INSERT INTO `seat_reservations` (`created_date`, `fare_class_id`, `flight_id`, `id`, `modified_date`, `created_by`, `modified_by`, `seat_number`, `seat_status`) VALUES ('2025-05-01 01:06:42.417249', 3, 1, 110, '2025-05-01 01:06:42.509331', NULL, NULL, 'STD-41', 'AVAILABLE');
INSERT INTO `seat_reservations` (`created_date`, `fare_class_id`, `flight_id`, `id`, `modified_date`, `created_by`, `modified_by`, `seat_number`, `seat_status`) VALUES ('2025-05-01 01:06:42.420467', 3, 1, 111, '2025-05-01 01:06:42.509331', NULL, NULL, 'STD-42', 'AVAILABLE');
INSERT INTO `seat_reservations` (`created_date`, `fare_class_id`, `flight_id`, `id`, `modified_date`, `created_by`, `modified_by`, `seat_number`, `seat_status`) VALUES ('2025-05-01 01:06:42.423169', 3, 1, 112, '2025-05-01 01:06:42.509331', NULL, NULL, 'STD-43', 'AVAILABLE');
INSERT INTO `seat_reservations` (`created_date`, `fare_class_id`, `flight_id`, `id`, `modified_date`, `created_by`, `modified_by`, `seat_number`, `seat_status`) VALUES ('2025-05-01 01:06:42.425884', 3, 1, 113, '2025-05-01 01:06:42.509331', NULL, NULL, 'STD-44', 'AVAILABLE');
INSERT INTO `seat_reservations` (`created_date`, `fare_class_id`, `flight_id`, `id`, `modified_date`, `created_by`, `modified_by`, `seat_number`, `seat_status`) VALUES ('2025-05-01 01:06:42.429072', 3, 1, 114, '2025-05-01 01:06:42.509331', NULL, NULL, 'STD-45', 'AVAILABLE');
INSERT INTO `seat_reservations` (`created_date`, `fare_class_id`, `flight_id`, `id`, `modified_date`, `created_by`, `modified_by`, `seat_number`, `seat_status`) VALUES ('2025-05-01 01:06:42.432301', 3, 1, 115, '2025-05-01 01:06:42.509331', NULL, NULL, 'STD-46', 'AVAILABLE');
INSERT INTO `seat_reservations` (`created_date`, `fare_class_id`, `flight_id`, `id`, `modified_date`, `created_by`, `modified_by`, `seat_number`, `seat_status`) VALUES ('2025-05-01 01:06:42.435347', 3, 1, 116, '2025-05-01 01:06:42.509331', NULL, NULL, 'STD-47', 'AVAILABLE');
INSERT INTO `seat_reservations` (`created_date`, `fare_class_id`, `flight_id`, `id`, `modified_date`, `created_by`, `modified_by`, `seat_number`, `seat_status`) VALUES ('2025-05-01 01:06:42.438114', 3, 1, 117, '2025-05-01 01:06:42.509331', NULL, NULL, 'STD-48', 'AVAILABLE');
INSERT INTO `seat_reservations` (`created_date`, `fare_class_id`, `flight_id`, `id`, `modified_date`, `created_by`, `modified_by`, `seat_number`, `seat_status`) VALUES ('2025-05-01 01:06:42.441419', 3, 1, 118, '2025-05-01 01:06:42.509331', NULL, NULL, 'STD-49', 'AVAILABLE');
INSERT INTO `seat_reservations` (`created_date`, `fare_class_id`, `flight_id`, `id`, `modified_date`, `created_by`, `modified_by`, `seat_number`, `seat_status`) VALUES ('2025-05-01 01:06:42.444047', 3, 1, 119, '2025-05-01 01:06:42.509331', NULL, NULL, 'STD-50', 'AVAILABLE');
INSERT INTO `seat_reservations` (`created_date`, `fare_class_id`, `flight_id`, `id`, `modified_date`, `created_by`, `modified_by`, `seat_number`, `seat_status`) VALUES ('2025-05-01 01:06:43.181213', 1, 2, 120, '2025-05-01 01:06:43.613673', NULL, NULL, 'PRM-1', 'AVAILABLE');
INSERT INTO `seat_reservations` (`created_date`, `fare_class_id`, `flight_id`, `id`, `modified_date`, `created_by`, `modified_by`, `seat_number`, `seat_status`) VALUES ('2025-05-01 01:06:43.185166', 1, 2, 121, '2025-05-01 01:06:43.613673', NULL, NULL, 'PRM-2', 'AVAILABLE');
INSERT INTO `seat_reservations` (`created_date`, `fare_class_id`, `flight_id`, `id`, `modified_date`, `created_by`, `modified_by`, `seat_number`, `seat_status`) VALUES ('2025-05-01 01:06:43.188099', 1, 2, 122, '2025-05-01 01:06:43.613673', NULL, NULL, 'PRM-3', 'AVAILABLE');
INSERT INTO `seat_reservations` (`created_date`, `fare_class_id`, `flight_id`, `id`, `modified_date`, `created_by`, `modified_by`, `seat_number`, `seat_status`) VALUES ('2025-05-01 01:06:43.191073', 1, 2, 123, '2025-05-01 01:06:43.614241', NULL, NULL, 'PRM-4', 'AVAILABLE');
INSERT INTO `seat_reservations` (`created_date`, `fare_class_id`, `flight_id`, `id`, `modified_date`, `created_by`, `modified_by`, `seat_number`, `seat_status`) VALUES ('2025-05-01 01:06:43.193792', 1, 2, 124, '2025-05-01 01:06:43.614241', NULL, NULL, 'PRM-5', 'AVAILABLE');
INSERT INTO `seat_reservations` (`created_date`, `fare_class_id`, `flight_id`, `id`, `modified_date`, `created_by`, `modified_by`, `seat_number`, `seat_status`) VALUES ('2025-05-01 01:06:43.198165', 1, 2, 125, '2025-05-01 01:06:43.614241', NULL, NULL, 'PRM-6', 'AVAILABLE');
INSERT INTO `seat_reservations` (`created_date`, `fare_class_id`, `flight_id`, `id`, `modified_date`, `created_by`, `modified_by`, `seat_number`, `seat_status`) VALUES ('2025-05-01 01:06:43.202669', 1, 2, 126, '2025-05-01 01:06:43.614241', NULL, NULL, 'PRM-7', 'AVAILABLE');
INSERT INTO `seat_reservations` (`created_date`, `fare_class_id`, `flight_id`, `id`, `modified_date`, `created_by`, `modified_by`, `seat_number`, `seat_status`) VALUES ('2025-05-01 01:06:43.207192', 1, 2, 127, '2025-05-01 01:06:43.614241', NULL, NULL, 'PRM-8', 'AVAILABLE');
INSERT INTO `seat_reservations` (`created_date`, `fare_class_id`, `flight_id`, `id`, `modified_date`, `created_by`, `modified_by`, `seat_number`, `seat_status`) VALUES ('2025-05-01 01:06:43.211562', 1, 2, 128, '2025-05-01 01:06:43.614241', NULL, NULL, 'PRM-9', 'AVAILABLE');
INSERT INTO `seat_reservations` (`created_date`, `fare_class_id`, `flight_id`, `id`, `modified_date`, `created_by`, `modified_by`, `seat_number`, `seat_status`) VALUES ('2025-05-01 01:06:43.216189', 1, 2, 129, '2025-05-01 01:06:43.614241', NULL, NULL, 'PRM-10', 'AVAILABLE');
INSERT INTO `seat_reservations` (`created_date`, `fare_class_id`, `flight_id`, `id`, `modified_date`, `created_by`, `modified_by`, `seat_number`, `seat_status`) VALUES ('2025-05-01 01:06:43.218890', 1, 2, 130, '2025-05-01 01:06:43.614241', NULL, NULL, 'PRM-11', 'AVAILABLE');
INSERT INTO `seat_reservations` (`created_date`, `fare_class_id`, `flight_id`, `id`, `modified_date`, `created_by`, `modified_by`, `seat_number`, `seat_status`) VALUES ('2025-05-01 01:06:43.224218', 1, 2, 131, '2025-05-01 01:06:43.614241', NULL, NULL, 'PRM-12', 'AVAILABLE');
INSERT INTO `seat_reservations` (`created_date`, `fare_class_id`, `flight_id`, `id`, `modified_date`, `created_by`, `modified_by`, `seat_number`, `seat_status`) VALUES ('2025-05-01 01:06:43.226905', 1, 2, 132, '2025-05-01 01:06:43.614241', NULL, NULL, 'PRM-13', 'AVAILABLE');
INSERT INTO `seat_reservations` (`created_date`, `fare_class_id`, `flight_id`, `id`, `modified_date`, `created_by`, `modified_by`, `seat_number`, `seat_status`) VALUES ('2025-05-01 01:06:43.230537', 1, 2, 133, '2025-05-01 01:06:43.614241', NULL, NULL, 'PRM-14', 'AVAILABLE');
INSERT INTO `seat_reservations` (`created_date`, `fare_class_id`, `flight_id`, `id`, `modified_date`, `created_by`, `modified_by`, `seat_number`, `seat_status`) VALUES ('2025-05-01 01:06:43.233395', 1, 2, 134, '2025-05-01 01:06:43.614241', NULL, NULL, 'PRM-15', 'AVAILABLE');
INSERT INTO `seat_reservations` (`created_date`, `fare_class_id`, `flight_id`, `id`, `modified_date`, `created_by`, `modified_by`, `seat_number`, `seat_status`) VALUES ('2025-05-01 01:06:43.237276', 1, 2, 135, '2025-05-01 01:06:43.614789', NULL, NULL, 'PRM-16', 'AVAILABLE');
INSERT INTO `seat_reservations` (`created_date`, `fare_class_id`, `flight_id`, `id`, `modified_date`, `created_by`, `modified_by`, `seat_number`, `seat_status`) VALUES ('2025-05-01 01:06:43.240536', 1, 2, 136, '2025-05-01 01:06:43.614789', NULL, NULL, 'PRM-17', 'AVAILABLE');
INSERT INTO `seat_reservations` (`created_date`, `fare_class_id`, `flight_id`, `id`, `modified_date`, `created_by`, `modified_by`, `seat_number`, `seat_status`) VALUES ('2025-05-01 01:06:43.243776', 1, 2, 137, '2025-05-01 01:06:43.614789', NULL, NULL, 'PRM-18', 'AVAILABLE');
INSERT INTO `seat_reservations` (`created_date`, `fare_class_id`, `flight_id`, `id`, `modified_date`, `created_by`, `modified_by`, `seat_number`, `seat_status`) VALUES ('2025-05-01 01:06:43.247739', 1, 2, 138, '2025-05-01 01:06:43.614789', NULL, NULL, 'PRM-19', 'AVAILABLE');
INSERT INTO `seat_reservations` (`created_date`, `fare_class_id`, `flight_id`, `id`, `modified_date`, `created_by`, `modified_by`, `seat_number`, `seat_status`) VALUES ('2025-05-01 01:06:43.251873', 1, 2, 139, '2025-05-01 01:06:43.614789', NULL, NULL, 'PRM-20', 'AVAILABLE');
INSERT INTO `seat_reservations` (`created_date`, `fare_class_id`, `flight_id`, `id`, `modified_date`, `created_by`, `modified_by`, `seat_number`, `seat_status`) VALUES ('2025-05-01 01:06:43.256363', 1, 2, 140, '2025-05-01 01:06:43.614789', NULL, NULL, 'PRM-21', 'AVAILABLE');
INSERT INTO `seat_reservations` (`created_date`, `fare_class_id`, `flight_id`, `id`, `modified_date`, `created_by`, `modified_by`, `seat_number`, `seat_status`) VALUES ('2025-05-01 01:06:43.261320', 1, 2, 141, '2025-05-01 01:06:43.614789', NULL, NULL, 'PRM-22', 'AVAILABLE');
INSERT INTO `seat_reservations` (`created_date`, `fare_class_id`, `flight_id`, `id`, `modified_date`, `created_by`, `modified_by`, `seat_number`, `seat_status`) VALUES ('2025-05-01 01:06:43.265110', 1, 2, 142, '2025-05-01 01:06:43.614789', NULL, NULL, 'PRM-23', 'AVAILABLE');
INSERT INTO `seat_reservations` (`created_date`, `fare_class_id`, `flight_id`, `id`, `modified_date`, `created_by`, `modified_by`, `seat_number`, `seat_status`) VALUES ('2025-05-01 01:06:43.267889', 1, 2, 143, '2025-05-01 01:06:43.614789', NULL, NULL, 'PRM-24', 'AVAILABLE');
INSERT INTO `seat_reservations` (`created_date`, `fare_class_id`, `flight_id`, `id`, `modified_date`, `created_by`, `modified_by`, `seat_number`, `seat_status`) VALUES ('2025-05-01 01:06:43.271746', 2, 2, 144, '2025-05-01 01:06:43.614789', NULL, NULL, 'BUS-1', 'AVAILABLE');
INSERT INTO `seat_reservations` (`created_date`, `fare_class_id`, `flight_id`, `id`, `modified_date`, `created_by`, `modified_by`, `seat_number`, `seat_status`) VALUES ('2025-05-01 01:06:43.275655', 2, 2, 145, '2025-05-01 01:06:43.614789', NULL, NULL, 'BUS-2', 'AVAILABLE');
INSERT INTO `seat_reservations` (`created_date`, `fare_class_id`, `flight_id`, `id`, `modified_date`, `created_by`, `modified_by`, `seat_number`, `seat_status`) VALUES ('2025-05-01 01:06:43.280230', 2, 2, 146, '2025-05-01 01:06:43.614789', NULL, NULL, 'BUS-3', 'AVAILABLE');
INSERT INTO `seat_reservations` (`created_date`, `fare_class_id`, `flight_id`, `id`, `modified_date`, `created_by`, `modified_by`, `seat_number`, `seat_status`) VALUES ('2025-05-01 01:06:43.285456', 2, 2, 147, '2025-05-01 01:06:43.614789', NULL, NULL, 'BUS-4', 'AVAILABLE');
INSERT INTO `seat_reservations` (`created_date`, `fare_class_id`, `flight_id`, `id`, `modified_date`, `created_by`, `modified_by`, `seat_number`, `seat_status`) VALUES ('2025-05-01 01:06:43.291413', 2, 2, 148, '2025-05-01 01:06:43.614789', NULL, NULL, 'BUS-5', 'AVAILABLE');
INSERT INTO `seat_reservations` (`created_date`, `fare_class_id`, `flight_id`, `id`, `modified_date`, `created_by`, `modified_by`, `seat_number`, `seat_status`) VALUES ('2025-05-01 01:06:43.297893', 2, 2, 149, '2025-05-01 01:06:43.615458', NULL, NULL, 'BUS-6', 'AVAILABLE');
INSERT INTO `seat_reservations` (`created_date`, `fare_class_id`, `flight_id`, `id`, `modified_date`, `created_by`, `modified_by`, `seat_number`, `seat_status`) VALUES ('2025-05-01 01:06:43.302465', 2, 2, 150, '2025-05-01 01:06:43.615458', NULL, NULL, 'BUS-7', 'AVAILABLE');
INSERT INTO `seat_reservations` (`created_date`, `fare_class_id`, `flight_id`, `id`, `modified_date`, `created_by`, `modified_by`, `seat_number`, `seat_status`) VALUES ('2025-05-01 01:06:43.309496', 2, 2, 151, '2025-05-01 01:06:43.615458', NULL, NULL, 'BUS-8', 'AVAILABLE');
INSERT INTO `seat_reservations` (`created_date`, `fare_class_id`, `flight_id`, `id`, `modified_date`, `created_by`, `modified_by`, `seat_number`, `seat_status`) VALUES ('2025-05-01 01:06:43.315826', 2, 2, 152, '2025-05-01 01:06:43.615458', NULL, NULL, 'BUS-9', 'AVAILABLE');
INSERT INTO `seat_reservations` (`created_date`, `fare_class_id`, `flight_id`, `id`, `modified_date`, `created_by`, `modified_by`, `seat_number`, `seat_status`) VALUES ('2025-05-01 01:06:43.321849', 2, 2, 153, '2025-05-01 01:06:43.615458', NULL, NULL, 'BUS-10', 'AVAILABLE');
INSERT INTO `seat_reservations` (`created_date`, `fare_class_id`, `flight_id`, `id`, `modified_date`, `created_by`, `modified_by`, `seat_number`, `seat_status`) VALUES ('2025-05-01 01:06:43.326219', 2, 2, 154, '2025-05-01 01:06:43.615458', NULL, NULL, 'BUS-11', 'AVAILABLE');
INSERT INTO `seat_reservations` (`created_date`, `fare_class_id`, `flight_id`, `id`, `modified_date`, `created_by`, `modified_by`, `seat_number`, `seat_status`) VALUES ('2025-05-01 01:06:43.333318', 2, 2, 155, '2025-05-01 01:06:43.615458', NULL, NULL, 'BUS-12', 'AVAILABLE');
INSERT INTO `seat_reservations` (`created_date`, `fare_class_id`, `flight_id`, `id`, `modified_date`, `created_by`, `modified_by`, `seat_number`, `seat_status`) VALUES ('2025-05-01 01:06:43.338711', 3, 2, 156, '2025-05-01 01:06:43.615458', NULL, NULL, 'STD-1', 'AVAILABLE');
INSERT INTO `seat_reservations` (`created_date`, `fare_class_id`, `flight_id`, `id`, `modified_date`, `created_by`, `modified_by`, `seat_number`, `seat_status`) VALUES ('2025-05-01 01:06:43.343261', 3, 2, 157, '2025-05-01 01:06:43.615458', NULL, NULL, 'STD-2', 'AVAILABLE');
INSERT INTO `seat_reservations` (`created_date`, `fare_class_id`, `flight_id`, `id`, `modified_date`, `created_by`, `modified_by`, `seat_number`, `seat_status`) VALUES ('2025-05-01 01:06:43.350271', 3, 2, 158, '2025-05-01 01:06:43.615458', NULL, NULL, 'STD-3', 'AVAILABLE');
INSERT INTO `seat_reservations` (`created_date`, `fare_class_id`, `flight_id`, `id`, `modified_date`, `created_by`, `modified_by`, `seat_number`, `seat_status`) VALUES ('2025-05-01 01:06:43.355555', 3, 2, 159, '2025-05-01 01:06:43.615458', NULL, NULL, 'STD-4', 'AVAILABLE');
INSERT INTO `seat_reservations` (`created_date`, `fare_class_id`, `flight_id`, `id`, `modified_date`, `created_by`, `modified_by`, `seat_number`, `seat_status`) VALUES ('2025-05-01 01:06:43.358957', 3, 2, 160, '2025-05-01 01:06:43.615458', NULL, NULL, 'STD-5', 'AVAILABLE');
INSERT INTO `seat_reservations` (`created_date`, `fare_class_id`, `flight_id`, `id`, `modified_date`, `created_by`, `modified_by`, `seat_number`, `seat_status`) VALUES ('2025-05-01 01:06:43.370922', 3, 2, 161, '2025-05-01 01:06:43.615458', NULL, NULL, 'STD-6', 'AVAILABLE');
INSERT INTO `seat_reservations` (`created_date`, `fare_class_id`, `flight_id`, `id`, `modified_date`, `created_by`, `modified_by`, `seat_number`, `seat_status`) VALUES ('2025-05-01 01:06:43.378112', 3, 2, 162, '2025-05-01 01:06:43.615458', NULL, NULL, 'STD-7', 'AVAILABLE');
INSERT INTO `seat_reservations` (`created_date`, `fare_class_id`, `flight_id`, `id`, `modified_date`, `created_by`, `modified_by`, `seat_number`, `seat_status`) VALUES ('2025-05-01 01:06:43.386516', 3, 2, 163, '2025-05-01 01:06:43.615458', NULL, NULL, 'STD-8', 'AVAILABLE');
INSERT INTO `seat_reservations` (`created_date`, `fare_class_id`, `flight_id`, `id`, `modified_date`, `created_by`, `modified_by`, `seat_number`, `seat_status`) VALUES ('2025-05-01 01:06:43.392431', 3, 2, 164, '2025-05-01 01:06:43.615458', NULL, NULL, 'STD-9', 'AVAILABLE');
INSERT INTO `seat_reservations` (`created_date`, `fare_class_id`, `flight_id`, `id`, `modified_date`, `created_by`, `modified_by`, `seat_number`, `seat_status`) VALUES ('2025-05-01 01:06:43.398686', 3, 2, 165, '2025-05-01 01:06:43.615458', NULL, NULL, 'STD-10', 'AVAILABLE');
INSERT INTO `seat_reservations` (`created_date`, `fare_class_id`, `flight_id`, `id`, `modified_date`, `created_by`, `modified_by`, `seat_number`, `seat_status`) VALUES ('2025-05-01 01:06:43.404346', 3, 2, 166, '2025-05-01 01:06:43.615458', NULL, NULL, 'STD-11', 'AVAILABLE');
INSERT INTO `seat_reservations` (`created_date`, `fare_class_id`, `flight_id`, `id`, `modified_date`, `created_by`, `modified_by`, `seat_number`, `seat_status`) VALUES ('2025-05-01 01:06:43.410867', 3, 2, 167, '2025-05-01 01:06:43.616015', NULL, NULL, 'STD-12', 'AVAILABLE');
INSERT INTO `seat_reservations` (`created_date`, `fare_class_id`, `flight_id`, `id`, `modified_date`, `created_by`, `modified_by`, `seat_number`, `seat_status`) VALUES ('2025-05-01 01:06:43.416947', 3, 2, 168, '2025-05-01 01:06:43.616015', NULL, NULL, 'STD-13', 'AVAILABLE');
INSERT INTO `seat_reservations` (`created_date`, `fare_class_id`, `flight_id`, `id`, `modified_date`, `created_by`, `modified_by`, `seat_number`, `seat_status`) VALUES ('2025-05-01 01:06:43.425966', 3, 2, 169, '2025-05-01 01:06:43.616015', NULL, NULL, 'STD-14', 'AVAILABLE');
INSERT INTO `seat_reservations` (`created_date`, `fare_class_id`, `flight_id`, `id`, `modified_date`, `created_by`, `modified_by`, `seat_number`, `seat_status`) VALUES ('2025-05-01 01:06:43.434475', 3, 2, 170, '2025-05-01 01:06:43.616015', NULL, NULL, 'STD-15', 'AVAILABLE');
INSERT INTO `seat_reservations` (`created_date`, `fare_class_id`, `flight_id`, `id`, `modified_date`, `created_by`, `modified_by`, `seat_number`, `seat_status`) VALUES ('2025-05-01 01:06:43.440438', 3, 2, 171, '2025-05-01 01:06:43.616015', NULL, NULL, 'STD-16', 'AVAILABLE');
INSERT INTO `seat_reservations` (`created_date`, `fare_class_id`, `flight_id`, `id`, `modified_date`, `created_by`, `modified_by`, `seat_number`, `seat_status`) VALUES ('2025-05-01 01:06:43.446312', 3, 2, 172, '2025-05-01 01:06:43.616015', NULL, NULL, 'STD-17', 'AVAILABLE');
INSERT INTO `seat_reservations` (`created_date`, `fare_class_id`, `flight_id`, `id`, `modified_date`, `created_by`, `modified_by`, `seat_number`, `seat_status`) VALUES ('2025-05-01 01:06:43.453496', 3, 2, 173, '2025-05-01 01:06:43.616015', NULL, NULL, 'STD-18', 'AVAILABLE');
INSERT INTO `seat_reservations` (`created_date`, `fare_class_id`, `flight_id`, `id`, `modified_date`, `created_by`, `modified_by`, `seat_number`, `seat_status`) VALUES ('2025-05-01 01:06:43.458606', 3, 2, 174, '2025-05-01 01:06:43.616015', NULL, NULL, 'STD-19', 'AVAILABLE');
INSERT INTO `seat_reservations` (`created_date`, `fare_class_id`, `flight_id`, `id`, `modified_date`, `created_by`, `modified_by`, `seat_number`, `seat_status`) VALUES ('2025-05-01 01:06:43.521986', 3, 2, 175, '2025-05-01 01:06:43.616015', NULL, NULL, 'STD-20', 'AVAILABLE');
INSERT INTO `seat_reservations` (`created_date`, `fare_class_id`, `flight_id`, `id`, `modified_date`, `created_by`, `modified_by`, `seat_number`, `seat_status`) VALUES ('2025-05-01 01:06:43.526688', 3, 2, 176, '2025-05-01 01:06:43.616015', NULL, NULL, 'STD-21', 'AVAILABLE');
INSERT INTO `seat_reservations` (`created_date`, `fare_class_id`, `flight_id`, `id`, `modified_date`, `created_by`, `modified_by`, `seat_number`, `seat_status`) VALUES ('2025-05-01 01:06:43.531204', 3, 2, 177, '2025-05-01 01:06:43.616015', NULL, NULL, 'STD-22', 'AVAILABLE');
INSERT INTO `seat_reservations` (`created_date`, `fare_class_id`, `flight_id`, `id`, `modified_date`, `created_by`, `modified_by`, `seat_number`, `seat_status`) VALUES ('2025-05-01 01:06:43.533860', 3, 2, 178, '2025-05-01 01:06:43.616015', NULL, NULL, 'STD-23', 'AVAILABLE');
INSERT INTO `seat_reservations` (`created_date`, `fare_class_id`, `flight_id`, `id`, `modified_date`, `created_by`, `modified_by`, `seat_number`, `seat_status`) VALUES ('2025-05-01 01:06:43.537168', 3, 2, 179, '2025-05-01 01:06:43.616015', NULL, NULL, 'STD-24', 'AVAILABLE');
INSERT INTO `seat_reservations` (`created_date`, `fare_class_id`, `flight_id`, `id`, `modified_date`, `created_by`, `modified_by`, `seat_number`, `seat_status`) VALUES ('2025-05-01 01:06:43.540810', 3, 2, 180, '2025-05-01 01:06:43.616015', NULL, NULL, 'STD-25', 'AVAILABLE');
INSERT INTO `seat_reservations` (`created_date`, `fare_class_id`, `flight_id`, `id`, `modified_date`, `created_by`, `modified_by`, `seat_number`, `seat_status`) VALUES ('2025-05-01 01:06:43.546037', 3, 2, 181, '2025-05-01 01:06:43.616015', NULL, NULL, 'STD-26', 'AVAILABLE');
INSERT INTO `seat_reservations` (`created_date`, `fare_class_id`, `flight_id`, `id`, `modified_date`, `created_by`, `modified_by`, `seat_number`, `seat_status`) VALUES ('2025-05-01 01:06:43.553411', 3, 2, 182, '2025-05-01 01:06:43.616015', NULL, NULL, 'STD-27', 'AVAILABLE');
INSERT INTO `seat_reservations` (`created_date`, `fare_class_id`, `flight_id`, `id`, `modified_date`, `created_by`, `modified_by`, `seat_number`, `seat_status`) VALUES ('2025-05-01 01:06:43.560866', 3, 2, 183, '2025-05-01 01:06:43.616596', NULL, NULL, 'STD-28', 'AVAILABLE');
INSERT INTO `seat_reservations` (`created_date`, `fare_class_id`, `flight_id`, `id`, `modified_date`, `created_by`, `modified_by`, `seat_number`, `seat_status`) VALUES ('2025-05-01 01:06:43.567910', 3, 2, 184, '2025-05-01 01:06:43.616596', NULL, NULL, 'STD-29', 'AVAILABLE');
INSERT INTO `seat_reservations` (`created_date`, `fare_class_id`, `flight_id`, `id`, `modified_date`, `created_by`, `modified_by`, `seat_number`, `seat_status`) VALUES ('2025-05-01 01:06:43.573990', 3, 2, 185, '2025-05-01 01:06:43.616596', NULL, NULL, 'STD-30', 'AVAILABLE');
INSERT INTO `seat_reservations` (`created_date`, `fare_class_id`, `flight_id`, `id`, `modified_date`, `created_by`, `modified_by`, `seat_number`, `seat_status`) VALUES ('2025-05-01 01:06:44.004636', 1, 3, 186, '2025-05-01 01:06:44.322687', NULL, NULL, 'PRM-1', 'AVAILABLE');
INSERT INTO `seat_reservations` (`created_date`, `fare_class_id`, `flight_id`, `id`, `modified_date`, `created_by`, `modified_by`, `seat_number`, `seat_status`) VALUES ('2025-05-01 01:06:44.009580', 1, 3, 187, '2025-05-01 01:06:44.322687', NULL, NULL, 'PRM-2', 'AVAILABLE');
INSERT INTO `seat_reservations` (`created_date`, `fare_class_id`, `flight_id`, `id`, `modified_date`, `created_by`, `modified_by`, `seat_number`, `seat_status`) VALUES ('2025-05-01 01:06:44.013548', 1, 3, 188, '2025-05-01 01:06:44.322687', NULL, NULL, 'PRM-3', 'AVAILABLE');
INSERT INTO `seat_reservations` (`created_date`, `fare_class_id`, `flight_id`, `id`, `modified_date`, `created_by`, `modified_by`, `seat_number`, `seat_status`) VALUES ('2025-05-01 01:06:44.016810', 1, 3, 189, '2025-05-01 01:06:44.322687', NULL, NULL, 'PRM-4', 'AVAILABLE');
INSERT INTO `seat_reservations` (`created_date`, `fare_class_id`, `flight_id`, `id`, `modified_date`, `created_by`, `modified_by`, `seat_number`, `seat_status`) VALUES ('2025-05-01 01:06:44.020742', 1, 3, 190, '2025-05-01 01:06:44.322687', NULL, NULL, 'PRM-5', 'AVAILABLE');
INSERT INTO `seat_reservations` (`created_date`, `fare_class_id`, `flight_id`, `id`, `modified_date`, `created_by`, `modified_by`, `seat_number`, `seat_status`) VALUES ('2025-05-01 01:06:44.024036', 1, 3, 191, '2025-05-01 01:06:44.322687', NULL, NULL, 'PRM-6', 'AVAILABLE');
INSERT INTO `seat_reservations` (`created_date`, `fare_class_id`, `flight_id`, `id`, `modified_date`, `created_by`, `modified_by`, `seat_number`, `seat_status`) VALUES ('2025-05-01 01:06:44.027989', 1, 3, 192, '2025-05-01 01:06:44.322687', NULL, NULL, 'PRM-7', 'AVAILABLE');
INSERT INTO `seat_reservations` (`created_date`, `fare_class_id`, `flight_id`, `id`, `modified_date`, `created_by`, `modified_by`, `seat_number`, `seat_status`) VALUES ('2025-05-01 01:06:44.033129', 1, 3, 193, '2025-05-01 01:06:44.322687', NULL, NULL, 'PRM-8', 'AVAILABLE');
INSERT INTO `seat_reservations` (`created_date`, `fare_class_id`, `flight_id`, `id`, `modified_date`, `created_by`, `modified_by`, `seat_number`, `seat_status`) VALUES ('2025-05-01 01:06:44.037029', 1, 3, 194, '2025-05-01 01:06:44.322687', NULL, NULL, 'PRM-9', 'AVAILABLE');
INSERT INTO `seat_reservations` (`created_date`, `fare_class_id`, `flight_id`, `id`, `modified_date`, `created_by`, `modified_by`, `seat_number`, `seat_status`) VALUES ('2025-05-01 01:06:44.040407', 1, 3, 195, '2025-05-01 01:06:44.323213', NULL, NULL, 'PRM-10', 'AVAILABLE');
INSERT INTO `seat_reservations` (`created_date`, `fare_class_id`, `flight_id`, `id`, `modified_date`, `created_by`, `modified_by`, `seat_number`, `seat_status`) VALUES ('2025-05-01 01:06:44.043808', 1, 3, 196, '2025-05-01 01:06:44.323213', NULL, NULL, 'PRM-11', 'AVAILABLE');
INSERT INTO `seat_reservations` (`created_date`, `fare_class_id`, `flight_id`, `id`, `modified_date`, `created_by`, `modified_by`, `seat_number`, `seat_status`) VALUES ('2025-05-01 01:06:44.048251', 1, 3, 197, '2025-05-01 01:06:44.323213', NULL, NULL, 'PRM-12', 'AVAILABLE');
INSERT INTO `seat_reservations` (`created_date`, `fare_class_id`, `flight_id`, `id`, `modified_date`, `created_by`, `modified_by`, `seat_number`, `seat_status`) VALUES ('2025-05-01 01:06:44.051475', 1, 3, 198, '2025-05-01 01:06:44.323213', NULL, NULL, 'PRM-13', 'AVAILABLE');
INSERT INTO `seat_reservations` (`created_date`, `fare_class_id`, `flight_id`, `id`, `modified_date`, `created_by`, `modified_by`, `seat_number`, `seat_status`) VALUES ('2025-05-01 01:06:44.053327', 1, 3, 199, '2025-05-01 01:06:44.323213', NULL, NULL, 'PRM-14', 'AVAILABLE');
INSERT INTO `seat_reservations` (`created_date`, `fare_class_id`, `flight_id`, `id`, `modified_date`, `created_by`, `modified_by`, `seat_number`, `seat_status`) VALUES ('2025-05-01 01:06:44.057076', 1, 3, 200, '2025-05-01 01:06:44.323213', NULL, NULL, 'PRM-15', 'AVAILABLE');
INSERT INTO `seat_reservations` (`created_date`, `fare_class_id`, `flight_id`, `id`, `modified_date`, `created_by`, `modified_by`, `seat_number`, `seat_status`) VALUES ('2025-05-01 01:06:44.060735', 1, 3, 201, '2025-05-01 01:06:44.323213', NULL, NULL, 'PRM-16', 'AVAILABLE');
INSERT INTO `seat_reservations` (`created_date`, `fare_class_id`, `flight_id`, `id`, `modified_date`, `created_by`, `modified_by`, `seat_number`, `seat_status`) VALUES ('2025-05-01 01:06:44.063964', 1, 3, 202, '2025-05-01 01:06:44.323213', NULL, NULL, 'PRM-17', 'AVAILABLE');
INSERT INTO `seat_reservations` (`created_date`, `fare_class_id`, `flight_id`, `id`, `modified_date`, `created_by`, `modified_by`, `seat_number`, `seat_status`) VALUES ('2025-05-01 01:06:44.066681', 1, 3, 203, '2025-05-01 01:06:44.323213', NULL, NULL, 'PRM-18', 'AVAILABLE');
INSERT INTO `seat_reservations` (`created_date`, `fare_class_id`, `flight_id`, `id`, `modified_date`, `created_by`, `modified_by`, `seat_number`, `seat_status`) VALUES ('2025-05-01 01:06:44.070029', 1, 3, 204, '2025-05-01 01:06:44.323213', NULL, NULL, 'PRM-19', 'AVAILABLE');
INSERT INTO `seat_reservations` (`created_date`, `fare_class_id`, `flight_id`, `id`, `modified_date`, `created_by`, `modified_by`, `seat_number`, `seat_status`) VALUES ('2025-05-01 01:06:44.072728', 1, 3, 205, '2025-05-01 01:06:44.323213', NULL, NULL, 'PRM-20', 'AVAILABLE');
INSERT INTO `seat_reservations` (`created_date`, `fare_class_id`, `flight_id`, `id`, `modified_date`, `created_by`, `modified_by`, `seat_number`, `seat_status`) VALUES ('2025-05-01 01:06:44.077172', 1, 3, 206, '2025-05-01 01:06:44.323213', NULL, NULL, 'PRM-21', 'AVAILABLE');
INSERT INTO `seat_reservations` (`created_date`, `fare_class_id`, `flight_id`, `id`, `modified_date`, `created_by`, `modified_by`, `seat_number`, `seat_status`) VALUES ('2025-05-01 01:06:44.080795', 1, 3, 207, '2025-05-01 01:06:44.323213', NULL, NULL, 'PRM-22', 'AVAILABLE');
INSERT INTO `seat_reservations` (`created_date`, `fare_class_id`, `flight_id`, `id`, `modified_date`, `created_by`, `modified_by`, `seat_number`, `seat_status`) VALUES ('2025-05-01 01:06:44.084079', 1, 3, 208, '2025-05-01 01:06:44.323213', NULL, NULL, 'PRM-23', 'AVAILABLE');
INSERT INTO `seat_reservations` (`created_date`, `fare_class_id`, `flight_id`, `id`, `modified_date`, `created_by`, `modified_by`, `seat_number`, `seat_status`) VALUES ('2025-05-01 01:06:44.087490', 1, 3, 209, '2025-05-01 01:06:44.323213', NULL, NULL, 'PRM-24', 'AVAILABLE');
INSERT INTO `seat_reservations` (`created_date`, `fare_class_id`, `flight_id`, `id`, `modified_date`, `created_by`, `modified_by`, `seat_number`, `seat_status`) VALUES ('2025-05-01 01:06:44.091284', 1, 3, 210, '2025-05-01 01:06:44.323213', NULL, NULL, 'PRM-25', 'AVAILABLE');
INSERT INTO `seat_reservations` (`created_date`, `fare_class_id`, `flight_id`, `id`, `modified_date`, `created_by`, `modified_by`, `seat_number`, `seat_status`) VALUES ('2025-05-01 01:06:44.093439', 1, 3, 211, '2025-05-01 01:06:44.323213', NULL, NULL, 'PRM-26', 'AVAILABLE');
INSERT INTO `seat_reservations` (`created_date`, `fare_class_id`, `flight_id`, `id`, `modified_date`, `created_by`, `modified_by`, `seat_number`, `seat_status`) VALUES ('2025-05-01 01:06:44.096113', 1, 3, 212, '2025-05-01 01:06:44.323213', NULL, NULL, 'PRM-27', 'AVAILABLE');
INSERT INTO `seat_reservations` (`created_date`, `fare_class_id`, `flight_id`, `id`, `modified_date`, `created_by`, `modified_by`, `seat_number`, `seat_status`) VALUES ('2025-05-01 01:06:44.099058', 1, 3, 213, '2025-05-01 01:06:44.323213', NULL, NULL, 'PRM-28', 'AVAILABLE');
INSERT INTO `seat_reservations` (`created_date`, `fare_class_id`, `flight_id`, `id`, `modified_date`, `created_by`, `modified_by`, `seat_number`, `seat_status`) VALUES ('2025-05-01 01:06:44.101846', 1, 3, 214, '2025-05-01 01:06:44.323213', NULL, NULL, 'PRM-29', 'AVAILABLE');
INSERT INTO `seat_reservations` (`created_date`, `fare_class_id`, `flight_id`, `id`, `modified_date`, `created_by`, `modified_by`, `seat_number`, `seat_status`) VALUES ('2025-05-01 01:06:44.104614', 1, 3, 215, '2025-05-01 01:06:44.323213', NULL, NULL, 'PRM-30', 'AVAILABLE');
INSERT INTO `seat_reservations` (`created_date`, `fare_class_id`, `flight_id`, `id`, `modified_date`, `created_by`, `modified_by`, `seat_number`, `seat_status`) VALUES ('2025-05-01 01:06:44.107293', 2, 3, 216, '2025-05-01 01:06:44.323213', NULL, NULL, 'BUS-1', 'AVAILABLE');
INSERT INTO `seat_reservations` (`created_date`, `fare_class_id`, `flight_id`, `id`, `modified_date`, `created_by`, `modified_by`, `seat_number`, `seat_status`) VALUES ('2025-05-01 01:06:44.110574', 2, 3, 217, '2025-05-01 01:06:44.323213', NULL, NULL, 'BUS-2', 'AVAILABLE');
INSERT INTO `seat_reservations` (`created_date`, `fare_class_id`, `flight_id`, `id`, `modified_date`, `created_by`, `modified_by`, `seat_number`, `seat_status`) VALUES ('2025-05-01 01:06:44.113942', 2, 3, 218, '2025-05-01 01:06:44.323213', NULL, NULL, 'BUS-3', 'AVAILABLE');
INSERT INTO `seat_reservations` (`created_date`, `fare_class_id`, `flight_id`, `id`, `modified_date`, `created_by`, `modified_by`, `seat_number`, `seat_status`) VALUES ('2025-05-01 01:06:44.116661', 2, 3, 219, '2025-05-01 01:06:44.323213', NULL, NULL, 'BUS-4', 'AVAILABLE');
INSERT INTO `seat_reservations` (`created_date`, `fare_class_id`, `flight_id`, `id`, `modified_date`, `created_by`, `modified_by`, `seat_number`, `seat_status`) VALUES ('2025-05-01 01:06:44.119763', 2, 3, 220, '2025-05-01 01:06:44.323213', NULL, NULL, 'BUS-5', 'AVAILABLE');
INSERT INTO `seat_reservations` (`created_date`, `fare_class_id`, `flight_id`, `id`, `modified_date`, `created_by`, `modified_by`, `seat_number`, `seat_status`) VALUES ('2025-05-01 01:06:44.123020', 2, 3, 221, '2025-05-01 01:06:44.323213', NULL, NULL, 'BUS-6', 'AVAILABLE');
INSERT INTO `seat_reservations` (`created_date`, `fare_class_id`, `flight_id`, `id`, `modified_date`, `created_by`, `modified_by`, `seat_number`, `seat_status`) VALUES ('2025-05-01 01:06:44.126338', 2, 3, 222, '2025-05-01 01:06:44.323213', NULL, NULL, 'BUS-7', 'AVAILABLE');
INSERT INTO `seat_reservations` (`created_date`, `fare_class_id`, `flight_id`, `id`, `modified_date`, `created_by`, `modified_by`, `seat_number`, `seat_status`) VALUES ('2025-05-01 01:06:44.129026', 2, 3, 223, '2025-05-01 01:06:44.323213', NULL, NULL, 'BUS-8', 'AVAILABLE');
INSERT INTO `seat_reservations` (`created_date`, `fare_class_id`, `flight_id`, `id`, `modified_date`, `created_by`, `modified_by`, `seat_number`, `seat_status`) VALUES ('2025-05-01 01:06:44.131780', 2, 3, 224, '2025-05-01 01:06:44.323213', NULL, NULL, 'BUS-9', 'AVAILABLE');
INSERT INTO `seat_reservations` (`created_date`, `fare_class_id`, `flight_id`, `id`, `modified_date`, `created_by`, `modified_by`, `seat_number`, `seat_status`) VALUES ('2025-05-01 01:06:44.134542', 2, 3, 225, '2025-05-01 01:06:44.323213', NULL, NULL, 'BUS-10', 'AVAILABLE');
INSERT INTO `seat_reservations` (`created_date`, `fare_class_id`, `flight_id`, `id`, `modified_date`, `created_by`, `modified_by`, `seat_number`, `seat_status`) VALUES ('2025-05-01 01:06:44.137403', 2, 3, 226, '2025-05-01 01:06:44.323213', NULL, NULL, 'BUS-11', 'AVAILABLE');
INSERT INTO `seat_reservations` (`created_date`, `fare_class_id`, `flight_id`, `id`, `modified_date`, `created_by`, `modified_by`, `seat_number`, `seat_status`) VALUES ('2025-05-01 01:06:44.140216', 2, 3, 227, '2025-05-01 01:06:44.323213', NULL, NULL, 'BUS-12', 'AVAILABLE');
INSERT INTO `seat_reservations` (`created_date`, `fare_class_id`, `flight_id`, `id`, `modified_date`, `created_by`, `modified_by`, `seat_number`, `seat_status`) VALUES ('2025-05-01 01:06:44.143548', 2, 3, 228, '2025-05-01 01:06:44.323213', NULL, NULL, 'BUS-13', 'AVAILABLE');
INSERT INTO `seat_reservations` (`created_date`, `fare_class_id`, `flight_id`, `id`, `modified_date`, `created_by`, `modified_by`, `seat_number`, `seat_status`) VALUES ('2025-05-01 01:06:44.146262', 2, 3, 229, '2025-05-01 01:06:44.323213', NULL, NULL, 'BUS-14', 'AVAILABLE');
INSERT INTO `seat_reservations` (`created_date`, `fare_class_id`, `flight_id`, `id`, `modified_date`, `created_by`, `modified_by`, `seat_number`, `seat_status`) VALUES ('2025-05-01 01:06:44.149677', 2, 3, 230, '2025-05-01 01:06:44.323213', NULL, NULL, 'BUS-15', 'AVAILABLE');
INSERT INTO `seat_reservations` (`created_date`, `fare_class_id`, `flight_id`, `id`, `modified_date`, `created_by`, `modified_by`, `seat_number`, `seat_status`) VALUES ('2025-05-01 01:06:44.153110', 2, 3, 231, '2025-05-01 01:06:44.323766', NULL, NULL, 'BUS-16', 'AVAILABLE');
INSERT INTO `seat_reservations` (`created_date`, `fare_class_id`, `flight_id`, `id`, `modified_date`, `created_by`, `modified_by`, `seat_number`, `seat_status`) VALUES ('2025-05-01 01:06:44.155813', 2, 3, 232, '2025-05-01 01:06:44.323766', NULL, NULL, 'BUS-17', 'AVAILABLE');
INSERT INTO `seat_reservations` (`created_date`, `fare_class_id`, `flight_id`, `id`, `modified_date`, `created_by`, `modified_by`, `seat_number`, `seat_status`) VALUES ('2025-05-01 01:06:44.159152', 2, 3, 233, '2025-05-01 01:06:44.323766', NULL, NULL, 'BUS-18', 'AVAILABLE');
INSERT INTO `seat_reservations` (`created_date`, `fare_class_id`, `flight_id`, `id`, `modified_date`, `created_by`, `modified_by`, `seat_number`, `seat_status`) VALUES ('2025-05-01 01:06:44.181261', 2, 3, 234, '2025-05-01 01:06:44.323766', NULL, NULL, 'BUS-19', 'AVAILABLE');
INSERT INTO `seat_reservations` (`created_date`, `fare_class_id`, `flight_id`, `id`, `modified_date`, `created_by`, `modified_by`, `seat_number`, `seat_status`) VALUES ('2025-05-01 01:06:44.185112', 2, 3, 235, '2025-05-01 01:06:44.323766', NULL, NULL, 'BUS-20', 'AVAILABLE');
INSERT INTO `seat_reservations` (`created_date`, `fare_class_id`, `flight_id`, `id`, `modified_date`, `created_by`, `modified_by`, `seat_number`, `seat_status`) VALUES ('2025-05-01 01:06:44.188475', 3, 3, 236, '2025-05-01 01:06:44.323766', NULL, NULL, 'STD-1', 'AVAILABLE');
INSERT INTO `seat_reservations` (`created_date`, `fare_class_id`, `flight_id`, `id`, `modified_date`, `created_by`, `modified_by`, `seat_number`, `seat_status`) VALUES ('2025-05-01 01:06:44.191825', 3, 3, 237, '2025-05-01 01:06:44.323766', NULL, NULL, 'STD-2', 'AVAILABLE');
INSERT INTO `seat_reservations` (`created_date`, `fare_class_id`, `flight_id`, `id`, `modified_date`, `created_by`, `modified_by`, `seat_number`, `seat_status`) VALUES ('2025-05-01 01:06:44.197252', 3, 3, 238, '2025-05-01 01:06:44.323766', NULL, NULL, 'STD-3', 'AVAILABLE');
INSERT INTO `seat_reservations` (`created_date`, `fare_class_id`, `flight_id`, `id`, `modified_date`, `created_by`, `modified_by`, `seat_number`, `seat_status`) VALUES ('2025-05-01 01:06:44.201130', 3, 3, 239, '2025-05-01 01:06:44.323766', NULL, NULL, 'STD-4', 'AVAILABLE');
INSERT INTO `seat_reservations` (`created_date`, `fare_class_id`, `flight_id`, `id`, `modified_date`, `created_by`, `modified_by`, `seat_number`, `seat_status`) VALUES ('2025-05-01 01:06:44.205041', 3, 3, 240, '2025-05-01 01:06:44.323766', NULL, NULL, 'STD-5', 'AVAILABLE');
INSERT INTO `seat_reservations` (`created_date`, `fare_class_id`, `flight_id`, `id`, `modified_date`, `created_by`, `modified_by`, `seat_number`, `seat_status`) VALUES ('2025-05-01 01:06:44.208910', 3, 3, 241, '2025-05-01 01:06:44.323766', NULL, NULL, 'STD-6', 'AVAILABLE');
INSERT INTO `seat_reservations` (`created_date`, `fare_class_id`, `flight_id`, `id`, `modified_date`, `created_by`, `modified_by`, `seat_number`, `seat_status`) VALUES ('2025-05-01 01:06:44.213331', 3, 3, 242, '2025-05-01 01:06:44.323766', NULL, NULL, 'STD-7', 'AVAILABLE');
INSERT INTO `seat_reservations` (`created_date`, `fare_class_id`, `flight_id`, `id`, `modified_date`, `created_by`, `modified_by`, `seat_number`, `seat_status`) VALUES ('2025-05-01 01:06:44.217556', 3, 3, 243, '2025-05-01 01:06:44.323766', NULL, NULL, 'STD-8', 'AVAILABLE');
INSERT INTO `seat_reservations` (`created_date`, `fare_class_id`, `flight_id`, `id`, `modified_date`, `created_by`, `modified_by`, `seat_number`, `seat_status`) VALUES ('2025-05-01 01:06:44.221574', 3, 3, 244, '2025-05-01 01:06:44.323766', NULL, NULL, 'STD-9', 'AVAILABLE');
INSERT INTO `seat_reservations` (`created_date`, `fare_class_id`, `flight_id`, `id`, `modified_date`, `created_by`, `modified_by`, `seat_number`, `seat_status`) VALUES ('2025-05-01 01:06:44.226313', 3, 3, 245, '2025-05-01 01:06:44.323766', NULL, NULL, 'STD-10', 'AVAILABLE');
INSERT INTO `seat_reservations` (`created_date`, `fare_class_id`, `flight_id`, `id`, `modified_date`, `created_by`, `modified_by`, `seat_number`, `seat_status`) VALUES ('2025-05-01 01:06:44.231054', 3, 3, 246, '2025-05-01 01:06:44.323766', NULL, NULL, 'STD-11', 'AVAILABLE');
INSERT INTO `seat_reservations` (`created_date`, `fare_class_id`, `flight_id`, `id`, `modified_date`, `created_by`, `modified_by`, `seat_number`, `seat_status`) VALUES ('2025-05-01 01:06:44.234974', 3, 3, 247, '2025-05-01 01:06:44.323766', NULL, NULL, 'STD-12', 'AVAILABLE');
INSERT INTO `seat_reservations` (`created_date`, `fare_class_id`, `flight_id`, `id`, `modified_date`, `created_by`, `modified_by`, `seat_number`, `seat_status`) VALUES ('2025-05-01 01:06:44.238810', 3, 3, 248, '2025-05-01 01:06:44.323766', NULL, NULL, 'STD-13', 'AVAILABLE');
INSERT INTO `seat_reservations` (`created_date`, `fare_class_id`, `flight_id`, `id`, `modified_date`, `created_by`, `modified_by`, `seat_number`, `seat_status`) VALUES ('2025-05-01 01:06:44.242383', 3, 3, 249, '2025-05-01 01:06:44.323766', NULL, NULL, 'STD-14', 'AVAILABLE');
INSERT INTO `seat_reservations` (`created_date`, `fare_class_id`, `flight_id`, `id`, `modified_date`, `created_by`, `modified_by`, `seat_number`, `seat_status`) VALUES ('2025-05-01 01:06:44.247503', 3, 3, 250, '2025-05-01 01:06:44.323766', NULL, NULL, 'STD-15', 'AVAILABLE');
INSERT INTO `seat_reservations` (`created_date`, `fare_class_id`, `flight_id`, `id`, `modified_date`, `created_by`, `modified_by`, `seat_number`, `seat_status`) VALUES ('2025-05-01 01:06:44.250762', 3, 3, 251, '2025-05-01 01:06:44.323766', NULL, NULL, 'STD-16', 'AVAILABLE');
INSERT INTO `seat_reservations` (`created_date`, `fare_class_id`, `flight_id`, `id`, `modified_date`, `created_by`, `modified_by`, `seat_number`, `seat_status`) VALUES ('2025-05-01 01:06:44.254741', 3, 3, 252, '2025-05-01 01:06:44.323766', NULL, NULL, 'STD-17', 'AVAILABLE');
INSERT INTO `seat_reservations` (`created_date`, `fare_class_id`, `flight_id`, `id`, `modified_date`, `created_by`, `modified_by`, `seat_number`, `seat_status`) VALUES ('2025-05-01 01:06:44.261011', 3, 3, 253, '2025-05-01 01:06:44.323766', NULL, NULL, 'STD-18', 'AVAILABLE');
INSERT INTO `seat_reservations` (`created_date`, `fare_class_id`, `flight_id`, `id`, `modified_date`, `created_by`, `modified_by`, `seat_number`, `seat_status`) VALUES ('2025-05-01 01:06:44.265430', 3, 3, 254, '2025-05-01 01:06:44.323766', NULL, NULL, 'STD-19', 'AVAILABLE');
INSERT INTO `seat_reservations` (`created_date`, `fare_class_id`, `flight_id`, `id`, `modified_date`, `created_by`, `modified_by`, `seat_number`, `seat_status`) VALUES ('2025-05-01 01:06:44.269369', 3, 3, 255, '2025-05-01 01:06:44.323766', NULL, NULL, 'STD-20', 'AVAILABLE');
INSERT INTO `seat_reservations` (`created_date`, `fare_class_id`, `flight_id`, `id`, `modified_date`, `created_by`, `modified_by`, `seat_number`, `seat_status`) VALUES ('2025-05-01 01:06:44.272219', 3, 3, 256, '2025-05-01 01:06:44.323766', NULL, NULL, 'STD-21', 'AVAILABLE');
INSERT INTO `seat_reservations` (`created_date`, `fare_class_id`, `flight_id`, `id`, `modified_date`, `created_by`, `modified_by`, `seat_number`, `seat_status`) VALUES ('2025-05-01 01:06:44.275451', 3, 3, 257, '2025-05-01 01:06:44.323766', NULL, NULL, 'STD-22', 'AVAILABLE');
INSERT INTO `seat_reservations` (`created_date`, `fare_class_id`, `flight_id`, `id`, `modified_date`, `created_by`, `modified_by`, `seat_number`, `seat_status`) VALUES ('2025-05-01 01:06:44.279321', 3, 3, 258, '2025-05-01 01:06:44.323766', NULL, NULL, 'STD-23', 'AVAILABLE');
INSERT INTO `seat_reservations` (`created_date`, `fare_class_id`, `flight_id`, `id`, `modified_date`, `created_by`, `modified_by`, `seat_number`, `seat_status`) VALUES ('2025-05-01 01:06:44.282277', 3, 3, 259, '2025-05-01 01:06:44.323766', NULL, NULL, 'STD-24', 'AVAILABLE');
INSERT INTO `seat_reservations` (`created_date`, `fare_class_id`, `flight_id`, `id`, `modified_date`, `created_by`, `modified_by`, `seat_number`, `seat_status`) VALUES ('2025-05-01 01:06:44.284465', 3, 3, 260, '2025-05-01 01:06:44.323766', NULL, NULL, 'STD-25', 'AVAILABLE');
INSERT INTO `seat_reservations` (`created_date`, `fare_class_id`, `flight_id`, `id`, `modified_date`, `created_by`, `modified_by`, `seat_number`, `seat_status`) VALUES ('2025-05-01 01:06:44.287866', 3, 3, 261, '2025-05-01 01:06:44.323766', NULL, NULL, 'STD-26', 'AVAILABLE');
INSERT INTO `seat_reservations` (`created_date`, `fare_class_id`, `flight_id`, `id`, `modified_date`, `created_by`, `modified_by`, `seat_number`, `seat_status`) VALUES ('2025-05-01 01:06:44.291100', 3, 3, 262, '2025-05-01 01:06:44.323766', NULL, NULL, 'STD-27', 'AVAILABLE');
INSERT INTO `seat_reservations` (`created_date`, `fare_class_id`, `flight_id`, `id`, `modified_date`, `created_by`, `modified_by`, `seat_number`, `seat_status`) VALUES ('2025-05-01 01:06:44.294470', 3, 3, 263, '2025-05-01 01:06:44.323766', NULL, NULL, 'STD-28', 'AVAILABLE');
INSERT INTO `seat_reservations` (`created_date`, `fare_class_id`, `flight_id`, `id`, `modified_date`, `created_by`, `modified_by`, `seat_number`, `seat_status`) VALUES ('2025-05-01 01:06:44.297857', 3, 3, 264, '2025-05-01 01:06:44.323766', NULL, NULL, 'STD-29', 'AVAILABLE');
INSERT INTO `seat_reservations` (`created_date`, `fare_class_id`, `flight_id`, `id`, `modified_date`, `created_by`, `modified_by`, `seat_number`, `seat_status`) VALUES ('2025-05-01 01:06:44.301650', 3, 3, 265, '2025-05-01 01:06:44.323766', NULL, NULL, 'STD-30', 'AVAILABLE');
INSERT INTO `seat_reservations` (`created_date`, `fare_class_id`, `flight_id`, `id`, `modified_date`, `created_by`, `modified_by`, `seat_number`, `seat_status`) VALUES ('2025-05-01 01:06:44.742041', 1, 4, 266, '2025-05-01 01:06:44.996004', NULL, NULL, 'PRM-1', 'AVAILABLE');
INSERT INTO `seat_reservations` (`created_date`, `fare_class_id`, `flight_id`, `id`, `modified_date`, `created_by`, `modified_by`, `seat_number`, `seat_status`) VALUES ('2025-05-01 01:06:44.744769', 1, 4, 267, '2025-05-01 01:06:44.996004', NULL, NULL, 'PRM-2', 'AVAILABLE');
INSERT INTO `seat_reservations` (`created_date`, `fare_class_id`, `flight_id`, `id`, `modified_date`, `created_by`, `modified_by`, `seat_number`, `seat_status`) VALUES ('2025-05-01 01:06:44.749134', 1, 4, 268, '2025-05-01 01:06:44.996004', NULL, NULL, 'PRM-3', 'AVAILABLE');
INSERT INTO `seat_reservations` (`created_date`, `fare_class_id`, `flight_id`, `id`, `modified_date`, `created_by`, `modified_by`, `seat_number`, `seat_status`) VALUES ('2025-05-01 01:06:44.751806', 1, 4, 269, '2025-05-01 01:06:44.996004', NULL, NULL, 'PRM-4', 'AVAILABLE');
INSERT INTO `seat_reservations` (`created_date`, `fare_class_id`, `flight_id`, `id`, `modified_date`, `created_by`, `modified_by`, `seat_number`, `seat_status`) VALUES ('2025-05-01 01:06:44.754532', 1, 4, 270, '2025-05-01 01:06:44.996004', NULL, NULL, 'PRM-5', 'AVAILABLE');
INSERT INTO `seat_reservations` (`created_date`, `fare_class_id`, `flight_id`, `id`, `modified_date`, `created_by`, `modified_by`, `seat_number`, `seat_status`) VALUES ('2025-05-01 01:06:44.757303', 1, 4, 271, '2025-05-01 01:06:44.996004', NULL, NULL, 'PRM-6', 'AVAILABLE');
INSERT INTO `seat_reservations` (`created_date`, `fare_class_id`, `flight_id`, `id`, `modified_date`, `created_by`, `modified_by`, `seat_number`, `seat_status`) VALUES ('2025-05-01 01:06:44.760396', 1, 4, 272, '2025-05-01 01:06:44.996004', NULL, NULL, 'PRM-7', 'AVAILABLE');
INSERT INTO `seat_reservations` (`created_date`, `fare_class_id`, `flight_id`, `id`, `modified_date`, `created_by`, `modified_by`, `seat_number`, `seat_status`) VALUES ('2025-05-01 01:06:44.763786', 1, 4, 273, '2025-05-01 01:06:44.996004', NULL, NULL, 'PRM-8', 'AVAILABLE');
INSERT INTO `seat_reservations` (`created_date`, `fare_class_id`, `flight_id`, `id`, `modified_date`, `created_by`, `modified_by`, `seat_number`, `seat_status`) VALUES ('2025-05-01 01:06:44.767109', 1, 4, 274, '2025-05-01 01:06:44.996004', NULL, NULL, 'PRM-9', 'AVAILABLE');
INSERT INTO `seat_reservations` (`created_date`, `fare_class_id`, `flight_id`, `id`, `modified_date`, `created_by`, `modified_by`, `seat_number`, `seat_status`) VALUES ('2025-05-01 01:06:44.771117', 1, 4, 275, '2025-05-01 01:06:44.996004', NULL, NULL, 'PRM-10', 'AVAILABLE');
INSERT INTO `seat_reservations` (`created_date`, `fare_class_id`, `flight_id`, `id`, `modified_date`, `created_by`, `modified_by`, `seat_number`, `seat_status`) VALUES ('2025-05-01 01:06:44.774946', 1, 4, 276, '2025-05-01 01:06:44.996004', NULL, NULL, 'PRM-11', 'AVAILABLE');
INSERT INTO `seat_reservations` (`created_date`, `fare_class_id`, `flight_id`, `id`, `modified_date`, `created_by`, `modified_by`, `seat_number`, `seat_status`) VALUES ('2025-05-01 01:06:44.779426', 1, 4, 277, '2025-05-01 01:06:44.996004', NULL, NULL, 'PRM-12', 'AVAILABLE');
INSERT INTO `seat_reservations` (`created_date`, `fare_class_id`, `flight_id`, `id`, `modified_date`, `created_by`, `modified_by`, `seat_number`, `seat_status`) VALUES ('2025-05-01 01:06:44.782253', 1, 4, 278, '2025-05-01 01:06:44.996004', NULL, NULL, 'PRM-13', 'AVAILABLE');
INSERT INTO `seat_reservations` (`created_date`, `fare_class_id`, `flight_id`, `id`, `modified_date`, `created_by`, `modified_by`, `seat_number`, `seat_status`) VALUES ('2025-05-01 01:06:44.785502', 1, 4, 279, '2025-05-01 01:06:44.996004', NULL, NULL, 'PRM-14', 'AVAILABLE');
INSERT INTO `seat_reservations` (`created_date`, `fare_class_id`, `flight_id`, `id`, `modified_date`, `created_by`, `modified_by`, `seat_number`, `seat_status`) VALUES ('2025-05-01 01:06:44.788383', 1, 4, 280, '2025-05-01 01:06:44.996004', NULL, NULL, 'PRM-15', 'AVAILABLE');
INSERT INTO `seat_reservations` (`created_date`, `fare_class_id`, `flight_id`, `id`, `modified_date`, `created_by`, `modified_by`, `seat_number`, `seat_status`) VALUES ('2025-05-01 01:06:44.791067', 1, 4, 281, '2025-05-01 01:06:44.996004', NULL, NULL, 'PRM-16', 'AVAILABLE');
INSERT INTO `seat_reservations` (`created_date`, `fare_class_id`, `flight_id`, `id`, `modified_date`, `created_by`, `modified_by`, `seat_number`, `seat_status`) VALUES ('2025-05-01 01:06:44.795090', 1, 4, 282, '2025-05-01 01:06:44.996004', NULL, NULL, 'PRM-17', 'AVAILABLE');
INSERT INTO `seat_reservations` (`created_date`, `fare_class_id`, `flight_id`, `id`, `modified_date`, `created_by`, `modified_by`, `seat_number`, `seat_status`) VALUES ('2025-05-01 01:06:44.799007', 1, 4, 283, '2025-05-01 01:06:44.996004', NULL, NULL, 'PRM-18', 'AVAILABLE');
INSERT INTO `seat_reservations` (`created_date`, `fare_class_id`, `flight_id`, `id`, `modified_date`, `created_by`, `modified_by`, `seat_number`, `seat_status`) VALUES ('2025-05-01 01:06:44.803359', 1, 4, 284, '2025-05-01 01:06:44.996004', NULL, NULL, 'PRM-19', 'AVAILABLE');
INSERT INTO `seat_reservations` (`created_date`, `fare_class_id`, `flight_id`, `id`, `modified_date`, `created_by`, `modified_by`, `seat_number`, `seat_status`) VALUES ('2025-05-01 01:06:44.806150', 1, 4, 285, '2025-05-01 01:06:44.996004', NULL, NULL, 'PRM-20', 'AVAILABLE');
INSERT INTO `seat_reservations` (`created_date`, `fare_class_id`, `flight_id`, `id`, `modified_date`, `created_by`, `modified_by`, `seat_number`, `seat_status`) VALUES ('2025-05-01 01:06:44.809607', 1, 4, 286, '2025-05-01 01:06:44.996004', NULL, NULL, 'PRM-21', 'AVAILABLE');
INSERT INTO `seat_reservations` (`created_date`, `fare_class_id`, `flight_id`, `id`, `modified_date`, `created_by`, `modified_by`, `seat_number`, `seat_status`) VALUES ('2025-05-01 01:06:44.814082', 2, 4, 287, '2025-05-01 01:06:44.996004', NULL, NULL, 'BUS-1', 'AVAILABLE');
INSERT INTO `seat_reservations` (`created_date`, `fare_class_id`, `flight_id`, `id`, `modified_date`, `created_by`, `modified_by`, `seat_number`, `seat_status`) VALUES ('2025-05-01 01:06:44.817468', 2, 4, 288, '2025-05-01 01:06:44.996622', NULL, NULL, 'BUS-2', 'AVAILABLE');
INSERT INTO `seat_reservations` (`created_date`, `fare_class_id`, `flight_id`, `id`, `modified_date`, `created_by`, `modified_by`, `seat_number`, `seat_status`) VALUES ('2025-05-01 01:06:44.820905', 2, 4, 289, '2025-05-01 01:06:44.996622', NULL, NULL, 'BUS-3', 'AVAILABLE');
INSERT INTO `seat_reservations` (`created_date`, `fare_class_id`, `flight_id`, `id`, `modified_date`, `created_by`, `modified_by`, `seat_number`, `seat_status`) VALUES ('2025-05-01 01:06:44.823861', 2, 4, 290, '2025-05-01 01:06:44.996622', NULL, NULL, 'BUS-4', 'AVAILABLE');
INSERT INTO `seat_reservations` (`created_date`, `fare_class_id`, `flight_id`, `id`, `modified_date`, `created_by`, `modified_by`, `seat_number`, `seat_status`) VALUES ('2025-05-01 01:06:44.827755', 2, 4, 291, '2025-05-01 01:06:44.996622', NULL, NULL, 'BUS-5', 'AVAILABLE');
INSERT INTO `seat_reservations` (`created_date`, `fare_class_id`, `flight_id`, `id`, `modified_date`, `created_by`, `modified_by`, `seat_number`, `seat_status`) VALUES ('2025-05-01 01:06:44.831261', 2, 4, 292, '2025-05-01 01:06:44.996622', NULL, NULL, 'BUS-6', 'AVAILABLE');
INSERT INTO `seat_reservations` (`created_date`, `fare_class_id`, `flight_id`, `id`, `modified_date`, `created_by`, `modified_by`, `seat_number`, `seat_status`) VALUES ('2025-05-01 01:06:44.833787', 2, 4, 293, '2025-05-01 01:06:44.996622', NULL, NULL, 'BUS-7', 'AVAILABLE');
INSERT INTO `seat_reservations` (`created_date`, `fare_class_id`, `flight_id`, `id`, `modified_date`, `created_by`, `modified_by`, `seat_number`, `seat_status`) VALUES ('2025-05-01 01:06:44.837799', 2, 4, 294, '2025-05-01 01:06:44.996622', NULL, NULL, 'BUS-8', 'AVAILABLE');
INSERT INTO `seat_reservations` (`created_date`, `fare_class_id`, `flight_id`, `id`, `modified_date`, `created_by`, `modified_by`, `seat_number`, `seat_status`) VALUES ('2025-05-01 01:06:44.841223', 2, 4, 295, '2025-05-01 01:06:44.996622', NULL, NULL, 'BUS-9', 'AVAILABLE');
INSERT INTO `seat_reservations` (`created_date`, `fare_class_id`, `flight_id`, `id`, `modified_date`, `created_by`, `modified_by`, `seat_number`, `seat_status`) VALUES ('2025-05-01 01:06:44.845205', 2, 4, 296, '2025-05-01 01:06:44.996622', NULL, NULL, 'BUS-10', 'AVAILABLE');
INSERT INTO `seat_reservations` (`created_date`, `fare_class_id`, `flight_id`, `id`, `modified_date`, `created_by`, `modified_by`, `seat_number`, `seat_status`) VALUES ('2025-05-01 01:06:44.847991', 2, 4, 297, '2025-05-01 01:06:44.996622', NULL, NULL, 'BUS-11', 'AVAILABLE');
INSERT INTO `seat_reservations` (`created_date`, `fare_class_id`, `flight_id`, `id`, `modified_date`, `created_by`, `modified_by`, `seat_number`, `seat_status`) VALUES ('2025-05-01 01:06:44.851264', 2, 4, 298, '2025-05-01 01:06:44.996622', NULL, NULL, 'BUS-12', 'AVAILABLE');
INSERT INTO `seat_reservations` (`created_date`, `fare_class_id`, `flight_id`, `id`, `modified_date`, `created_by`, `modified_by`, `seat_number`, `seat_status`) VALUES ('2025-05-01 01:06:44.854007', 2, 4, 299, '2025-05-01 01:06:44.996622', NULL, NULL, 'BUS-13', 'AVAILABLE');
INSERT INTO `seat_reservations` (`created_date`, `fare_class_id`, `flight_id`, `id`, `modified_date`, `created_by`, `modified_by`, `seat_number`, `seat_status`) VALUES ('2025-05-01 01:06:44.857397', 2, 4, 300, '2025-05-01 01:06:44.996622', NULL, NULL, 'BUS-14', 'AVAILABLE');
INSERT INTO `seat_reservations` (`created_date`, `fare_class_id`, `flight_id`, `id`, `modified_date`, `created_by`, `modified_by`, `seat_number`, `seat_status`) VALUES ('2025-05-01 01:06:44.862397', 2, 4, 301, '2025-05-01 01:06:44.996622', NULL, NULL, 'BUS-15', 'AVAILABLE');
INSERT INTO `seat_reservations` (`created_date`, `fare_class_id`, `flight_id`, `id`, `modified_date`, `created_by`, `modified_by`, `seat_number`, `seat_status`) VALUES ('2025-05-01 01:06:44.866522', 2, 4, 302, '2025-05-01 01:06:44.996622', NULL, NULL, 'BUS-16', 'AVAILABLE');
INSERT INTO `seat_reservations` (`created_date`, `fare_class_id`, `flight_id`, `id`, `modified_date`, `created_by`, `modified_by`, `seat_number`, `seat_status`) VALUES ('2025-05-01 01:06:44.869874', 2, 4, 303, '2025-05-01 01:06:44.996622', NULL, NULL, 'BUS-17', 'AVAILABLE');
INSERT INTO `seat_reservations` (`created_date`, `fare_class_id`, `flight_id`, `id`, `modified_date`, `created_by`, `modified_by`, `seat_number`, `seat_status`) VALUES ('2025-05-01 01:06:44.872134', 2, 4, 304, '2025-05-01 01:06:44.996622', NULL, NULL, 'BUS-18', 'AVAILABLE');
INSERT INTO `seat_reservations` (`created_date`, `fare_class_id`, `flight_id`, `id`, `modified_date`, `created_by`, `modified_by`, `seat_number`, `seat_status`) VALUES ('2025-05-01 01:06:44.874297', 2, 4, 305, '2025-05-01 01:06:44.996622', NULL, NULL, 'BUS-19', 'AVAILABLE');
INSERT INTO `seat_reservations` (`created_date`, `fare_class_id`, `flight_id`, `id`, `modified_date`, `created_by`, `modified_by`, `seat_number`, `seat_status`) VALUES ('2025-05-01 01:06:44.877070', 2, 4, 306, '2025-05-01 01:06:44.996622', NULL, NULL, 'BUS-20', 'AVAILABLE');
INSERT INTO `seat_reservations` (`created_date`, `fare_class_id`, `flight_id`, `id`, `modified_date`, `created_by`, `modified_by`, `seat_number`, `seat_status`) VALUES ('2025-05-01 01:06:44.879808', 2, 4, 307, '2025-05-01 01:06:44.996622', NULL, NULL, 'BUS-21', 'AVAILABLE');
INSERT INTO `seat_reservations` (`created_date`, `fare_class_id`, `flight_id`, `id`, `modified_date`, `created_by`, `modified_by`, `seat_number`, `seat_status`) VALUES ('2025-05-01 01:06:44.881980', 2, 4, 308, '2025-05-01 01:06:44.996622', NULL, NULL, 'BUS-22', 'AVAILABLE');
INSERT INTO `seat_reservations` (`created_date`, `fare_class_id`, `flight_id`, `id`, `modified_date`, `created_by`, `modified_by`, `seat_number`, `seat_status`) VALUES ('2025-05-01 01:06:44.884682', 2, 4, 309, '2025-05-01 01:06:44.996622', NULL, NULL, 'BUS-23', 'AVAILABLE');
INSERT INTO `seat_reservations` (`created_date`, `fare_class_id`, `flight_id`, `id`, `modified_date`, `created_by`, `modified_by`, `seat_number`, `seat_status`) VALUES ('2025-05-01 01:06:44.887117', 2, 4, 310, '2025-05-01 01:06:44.996622', NULL, NULL, 'BUS-24', 'AVAILABLE');
INSERT INTO `seat_reservations` (`created_date`, `fare_class_id`, `flight_id`, `id`, `modified_date`, `created_by`, `modified_by`, `seat_number`, `seat_status`) VALUES ('2025-05-01 01:06:44.890630', 2, 4, 311, '2025-05-01 01:06:44.996622', NULL, NULL, 'BUS-25', 'AVAILABLE');
INSERT INTO `seat_reservations` (`created_date`, `fare_class_id`, `flight_id`, `id`, `modified_date`, `created_by`, `modified_by`, `seat_number`, `seat_status`) VALUES ('2025-05-01 01:06:44.893361', 2, 4, 312, '2025-05-01 01:06:44.996622', NULL, NULL, 'BUS-26', 'AVAILABLE');
INSERT INTO `seat_reservations` (`created_date`, `fare_class_id`, `flight_id`, `id`, `modified_date`, `created_by`, `modified_by`, `seat_number`, `seat_status`) VALUES ('2025-05-01 01:06:44.896116', 2, 4, 313, '2025-05-01 01:06:44.996622', NULL, NULL, 'BUS-27', 'AVAILABLE');
INSERT INTO `seat_reservations` (`created_date`, `fare_class_id`, `flight_id`, `id`, `modified_date`, `created_by`, `modified_by`, `seat_number`, `seat_status`) VALUES ('2025-05-01 01:06:44.898819', 2, 4, 314, '2025-05-01 01:06:44.996622', NULL, NULL, 'BUS-28', 'AVAILABLE');
INSERT INTO `seat_reservations` (`created_date`, `fare_class_id`, `flight_id`, `id`, `modified_date`, `created_by`, `modified_by`, `seat_number`, `seat_status`) VALUES ('2025-05-01 01:06:44.900961', 3, 4, 315, '2025-05-01 01:06:44.996622', NULL, NULL, 'STD-1', 'AVAILABLE');
INSERT INTO `seat_reservations` (`created_date`, `fare_class_id`, `flight_id`, `id`, `modified_date`, `created_by`, `modified_by`, `seat_number`, `seat_status`) VALUES ('2025-05-01 01:06:44.903258', 3, 4, 316, '2025-05-01 01:06:44.996622', NULL, NULL, 'STD-2', 'AVAILABLE');
INSERT INTO `seat_reservations` (`created_date`, `fare_class_id`, `flight_id`, `id`, `modified_date`, `created_by`, `modified_by`, `seat_number`, `seat_status`) VALUES ('2025-05-01 01:06:44.905952', 3, 4, 317, '2025-05-01 01:06:44.996622', NULL, NULL, 'STD-3', 'AVAILABLE');
INSERT INTO `seat_reservations` (`created_date`, `fare_class_id`, `flight_id`, `id`, `modified_date`, `created_by`, `modified_by`, `seat_number`, `seat_status`) VALUES ('2025-05-01 01:06:44.908083', 3, 4, 318, '2025-05-01 01:06:44.996622', NULL, NULL, 'STD-4', 'AVAILABLE');
INSERT INTO `seat_reservations` (`created_date`, `fare_class_id`, `flight_id`, `id`, `modified_date`, `created_by`, `modified_by`, `seat_number`, `seat_status`) VALUES ('2025-05-01 01:06:44.910859', 3, 4, 319, '2025-05-01 01:06:44.996622', NULL, NULL, 'STD-5', 'AVAILABLE');
INSERT INTO `seat_reservations` (`created_date`, `fare_class_id`, `flight_id`, `id`, `modified_date`, `created_by`, `modified_by`, `seat_number`, `seat_status`) VALUES ('2025-05-01 01:06:44.913593', 3, 4, 320, '2025-05-01 01:06:44.996622', NULL, NULL, 'STD-6', 'AVAILABLE');
INSERT INTO `seat_reservations` (`created_date`, `fare_class_id`, `flight_id`, `id`, `modified_date`, `created_by`, `modified_by`, `seat_number`, `seat_status`) VALUES ('2025-05-01 01:06:44.915787', 3, 4, 321, '2025-05-01 01:06:44.996622', NULL, NULL, 'STD-7', 'AVAILABLE');
INSERT INTO `seat_reservations` (`created_date`, `fare_class_id`, `flight_id`, `id`, `modified_date`, `created_by`, `modified_by`, `seat_number`, `seat_status`) VALUES ('2025-05-01 01:06:44.918639', 3, 4, 322, '2025-05-01 01:06:44.996622', NULL, NULL, 'STD-8', 'AVAILABLE');
INSERT INTO `seat_reservations` (`created_date`, `fare_class_id`, `flight_id`, `id`, `modified_date`, `created_by`, `modified_by`, `seat_number`, `seat_status`) VALUES ('2025-05-01 01:06:44.921353', 3, 4, 323, '2025-05-01 01:06:44.996622', NULL, NULL, 'STD-9', 'AVAILABLE');
INSERT INTO `seat_reservations` (`created_date`, `fare_class_id`, `flight_id`, `id`, `modified_date`, `created_by`, `modified_by`, `seat_number`, `seat_status`) VALUES ('2025-05-01 01:06:44.924666', 3, 4, 324, '2025-05-01 01:06:44.996622', NULL, NULL, 'STD-10', 'AVAILABLE');
INSERT INTO `seat_reservations` (`created_date`, `fare_class_id`, `flight_id`, `id`, `modified_date`, `created_by`, `modified_by`, `seat_number`, `seat_status`) VALUES ('2025-05-01 01:06:44.926805', 3, 4, 325, '2025-05-01 01:06:44.996622', NULL, NULL, 'STD-11', 'AVAILABLE');
INSERT INTO `seat_reservations` (`created_date`, `fare_class_id`, `flight_id`, `id`, `modified_date`, `created_by`, `modified_by`, `seat_number`, `seat_status`) VALUES ('2025-05-01 01:06:44.929795', 3, 4, 326, '2025-05-01 01:06:44.996622', NULL, NULL, 'STD-12', 'AVAILABLE');
INSERT INTO `seat_reservations` (`created_date`, `fare_class_id`, `flight_id`, `id`, `modified_date`, `created_by`, `modified_by`, `seat_number`, `seat_status`) VALUES ('2025-05-01 01:06:44.932566', 3, 4, 327, '2025-05-01 01:06:44.996622', NULL, NULL, 'STD-13', 'AVAILABLE');
INSERT INTO `seat_reservations` (`created_date`, `fare_class_id`, `flight_id`, `id`, `modified_date`, `created_by`, `modified_by`, `seat_number`, `seat_status`) VALUES ('2025-05-01 01:06:44.935409', 3, 4, 328, '2025-05-01 01:06:44.997200', NULL, NULL, 'STD-14', 'AVAILABLE');
INSERT INTO `seat_reservations` (`created_date`, `fare_class_id`, `flight_id`, `id`, `modified_date`, `created_by`, `modified_by`, `seat_number`, `seat_status`) VALUES ('2025-05-01 01:06:44.937553', 3, 4, 329, '2025-05-01 01:06:44.997200', NULL, NULL, 'STD-15', 'AVAILABLE');
INSERT INTO `seat_reservations` (`created_date`, `fare_class_id`, `flight_id`, `id`, `modified_date`, `created_by`, `modified_by`, `seat_number`, `seat_status`) VALUES ('2025-05-01 01:06:44.939717', 3, 4, 330, '2025-05-01 01:06:44.997200', NULL, NULL, 'STD-16', 'AVAILABLE');
INSERT INTO `seat_reservations` (`created_date`, `fare_class_id`, `flight_id`, `id`, `modified_date`, `created_by`, `modified_by`, `seat_number`, `seat_status`) VALUES ('2025-05-01 01:06:44.942541', 3, 4, 331, '2025-05-01 01:06:44.997200', NULL, NULL, 'STD-17', 'AVAILABLE');
INSERT INTO `seat_reservations` (`created_date`, `fare_class_id`, `flight_id`, `id`, `modified_date`, `created_by`, `modified_by`, `seat_number`, `seat_status`) VALUES ('2025-05-01 01:06:44.945262', 3, 4, 332, '2025-05-01 01:06:44.997200', NULL, NULL, 'STD-18', 'AVAILABLE');
INSERT INTO `seat_reservations` (`created_date`, `fare_class_id`, `flight_id`, `id`, `modified_date`, `created_by`, `modified_by`, `seat_number`, `seat_status`) VALUES ('2025-05-01 01:06:44.948081', 3, 4, 333, '2025-05-01 01:06:44.997200', NULL, NULL, 'STD-19', 'AVAILABLE');
INSERT INTO `seat_reservations` (`created_date`, `fare_class_id`, `flight_id`, `id`, `modified_date`, `created_by`, `modified_by`, `seat_number`, `seat_status`) VALUES ('2025-05-01 01:06:44.950787', 3, 4, 334, '2025-05-01 01:06:44.997200', NULL, NULL, 'STD-20', 'AVAILABLE');
INSERT INTO `seat_reservations` (`created_date`, `fare_class_id`, `flight_id`, `id`, `modified_date`, `created_by`, `modified_by`, `seat_number`, `seat_status`) VALUES ('2025-05-01 01:06:44.953523', 3, 4, 335, '2025-05-01 01:06:44.997200', NULL, NULL, 'STD-21', 'AVAILABLE');
INSERT INTO `seat_reservations` (`created_date`, `fare_class_id`, `flight_id`, `id`, `modified_date`, `created_by`, `modified_by`, `seat_number`, `seat_status`) VALUES ('2025-05-01 01:06:44.956196', 3, 4, 336, '2025-05-01 01:06:44.997200', NULL, NULL, 'STD-22', 'AVAILABLE');
INSERT INTO `seat_reservations` (`created_date`, `fare_class_id`, `flight_id`, `id`, `modified_date`, `created_by`, `modified_by`, `seat_number`, `seat_status`) VALUES ('2025-05-01 01:06:44.958352', 3, 4, 337, '2025-05-01 01:06:44.997200', NULL, NULL, 'STD-23', 'AVAILABLE');
INSERT INTO `seat_reservations` (`created_date`, `fare_class_id`, `flight_id`, `id`, `modified_date`, `created_by`, `modified_by`, `seat_number`, `seat_status`) VALUES ('2025-05-01 01:06:44.961297', 3, 4, 338, '2025-05-01 01:06:44.997200', NULL, NULL, 'STD-24', 'AVAILABLE');
INSERT INTO `seat_reservations` (`created_date`, `fare_class_id`, `flight_id`, `id`, `modified_date`, `created_by`, `modified_by`, `seat_number`, `seat_status`) VALUES ('2025-05-01 01:06:44.964637', 3, 4, 339, '2025-05-01 01:06:44.997200', NULL, NULL, 'STD-25', 'AVAILABLE');
INSERT INTO `seat_reservations` (`created_date`, `fare_class_id`, `flight_id`, `id`, `modified_date`, `created_by`, `modified_by`, `seat_number`, `seat_status`) VALUES ('2025-05-01 01:06:44.966885', 3, 4, 340, '2025-05-01 01:06:44.997200', NULL, NULL, 'STD-26', 'AVAILABLE');
INSERT INTO `seat_reservations` (`created_date`, `fare_class_id`, `flight_id`, `id`, `modified_date`, `created_by`, `modified_by`, `seat_number`, `seat_status`) VALUES ('2025-05-01 01:06:44.969689', 3, 4, 341, '2025-05-01 01:06:44.997200', NULL, NULL, 'STD-27', 'AVAILABLE');
INSERT INTO `seat_reservations` (`created_date`, `fare_class_id`, `flight_id`, `id`, `modified_date`, `created_by`, `modified_by`, `seat_number`, `seat_status`) VALUES ('2025-05-01 01:06:44.973076', 3, 4, 342, '2025-05-01 01:06:44.997200', NULL, NULL, 'STD-28', 'AVAILABLE');
INSERT INTO `seat_reservations` (`created_date`, `fare_class_id`, `flight_id`, `id`, `modified_date`, `created_by`, `modified_by`, `seat_number`, `seat_status`) VALUES ('2025-05-01 01:06:44.975856', 3, 4, 343, '2025-05-01 01:06:44.997200', NULL, NULL, 'STD-29', 'AVAILABLE');
INSERT INTO `seat_reservations` (`created_date`, `fare_class_id`, `flight_id`, `id`, `modified_date`, `created_by`, `modified_by`, `seat_number`, `seat_status`) VALUES ('2025-05-01 01:06:44.979970', 3, 4, 344, '2025-05-01 01:06:44.997200', NULL, NULL, 'STD-30', 'AVAILABLE');
INSERT INTO `seat_reservations` (`created_date`, `fare_class_id`, `flight_id`, `id`, `modified_date`, `created_by`, `modified_by`, `seat_number`, `seat_status`) VALUES ('2025-05-01 01:06:45.338884', 2, 5, 345, '2025-05-01 01:06:45.889546', NULL, NULL, 'BUS-1', 'AVAILABLE');
INSERT INTO `seat_reservations` (`created_date`, `fare_class_id`, `flight_id`, `id`, `modified_date`, `created_by`, `modified_by`, `seat_number`, `seat_status`) VALUES ('2025-05-01 01:06:45.351215', 2, 5, 346, '2025-05-01 01:06:45.890097', NULL, NULL, 'BUS-2', 'AVAILABLE');
INSERT INTO `seat_reservations` (`created_date`, `fare_class_id`, `flight_id`, `id`, `modified_date`, `created_by`, `modified_by`, `seat_number`, `seat_status`) VALUES ('2025-05-01 01:06:45.353409', 2, 5, 347, '2025-05-01 01:06:45.890097', NULL, NULL, 'BUS-3', 'AVAILABLE');
INSERT INTO `seat_reservations` (`created_date`, `fare_class_id`, `flight_id`, `id`, `modified_date`, `created_by`, `modified_by`, `seat_number`, `seat_status`) VALUES ('2025-05-01 01:06:45.356674', 2, 5, 348, '2025-05-01 01:06:45.890097', NULL, NULL, 'BUS-4', 'AVAILABLE');
INSERT INTO `seat_reservations` (`created_date`, `fare_class_id`, `flight_id`, `id`, `modified_date`, `created_by`, `modified_by`, `seat_number`, `seat_status`) VALUES ('2025-05-01 01:06:45.359450', 2, 5, 349, '2025-05-01 01:06:45.890097', NULL, NULL, 'BUS-5', 'AVAILABLE');
INSERT INTO `seat_reservations` (`created_date`, `fare_class_id`, `flight_id`, `id`, `modified_date`, `created_by`, `modified_by`, `seat_number`, `seat_status`) VALUES ('2025-05-01 01:06:45.362269', 2, 5, 350, '2025-05-01 01:06:45.890097', NULL, NULL, 'BUS-6', 'AVAILABLE');
INSERT INTO `seat_reservations` (`created_date`, `fare_class_id`, `flight_id`, `id`, `modified_date`, `created_by`, `modified_by`, `seat_number`, `seat_status`) VALUES ('2025-05-01 01:06:45.366099', 2, 5, 351, '2025-05-01 01:06:45.890097', NULL, NULL, 'BUS-7', 'AVAILABLE');
INSERT INTO `seat_reservations` (`created_date`, `fare_class_id`, `flight_id`, `id`, `modified_date`, `created_by`, `modified_by`, `seat_number`, `seat_status`) VALUES ('2025-05-01 01:06:45.369086', 2, 5, 352, '2025-05-01 01:06:45.890097', NULL, NULL, 'BUS-8', 'AVAILABLE');
INSERT INTO `seat_reservations` (`created_date`, `fare_class_id`, `flight_id`, `id`, `modified_date`, `created_by`, `modified_by`, `seat_number`, `seat_status`) VALUES ('2025-05-01 01:06:45.371892', 2, 5, 353, '2025-05-01 01:06:45.890097', NULL, NULL, 'BUS-9', 'AVAILABLE');
INSERT INTO `seat_reservations` (`created_date`, `fare_class_id`, `flight_id`, `id`, `modified_date`, `created_by`, `modified_by`, `seat_number`, `seat_status`) VALUES ('2025-05-01 01:06:45.374600', 2, 5, 354, '2025-05-01 01:06:45.890097', NULL, NULL, 'BUS-10', 'AVAILABLE');
INSERT INTO `seat_reservations` (`created_date`, `fare_class_id`, `flight_id`, `id`, `modified_date`, `created_by`, `modified_by`, `seat_number`, `seat_status`) VALUES ('2025-05-01 01:06:45.378010', 2, 5, 355, '2025-05-01 01:06:45.890097', NULL, NULL, 'BUS-11', 'AVAILABLE');
INSERT INTO `seat_reservations` (`created_date`, `fare_class_id`, `flight_id`, `id`, `modified_date`, `created_by`, `modified_by`, `seat_number`, `seat_status`) VALUES ('2025-05-01 01:06:45.380855', 2, 5, 356, '2025-05-01 01:06:45.890097', NULL, NULL, 'BUS-12', 'AVAILABLE');
INSERT INTO `seat_reservations` (`created_date`, `fare_class_id`, `flight_id`, `id`, `modified_date`, `created_by`, `modified_by`, `seat_number`, `seat_status`) VALUES ('2025-05-01 01:06:45.384415', 2, 5, 357, '2025-05-01 01:06:45.890097', NULL, NULL, 'BUS-13', 'AVAILABLE');
INSERT INTO `seat_reservations` (`created_date`, `fare_class_id`, `flight_id`, `id`, `modified_date`, `created_by`, `modified_by`, `seat_number`, `seat_status`) VALUES ('2025-05-01 01:06:45.387501', 2, 5, 358, '2025-05-01 01:06:45.890097', NULL, NULL, 'BUS-14', 'AVAILABLE');
INSERT INTO `seat_reservations` (`created_date`, `fare_class_id`, `flight_id`, `id`, `modified_date`, `created_by`, `modified_by`, `seat_number`, `seat_status`) VALUES ('2025-05-01 01:06:45.390505', 2, 5, 359, '2025-05-01 01:06:45.890097', NULL, NULL, 'BUS-15', 'AVAILABLE');
INSERT INTO `seat_reservations` (`created_date`, `fare_class_id`, `flight_id`, `id`, `modified_date`, `created_by`, `modified_by`, `seat_number`, `seat_status`) VALUES ('2025-05-01 01:06:45.395437', 2, 5, 360, '2025-05-01 01:06:45.890097', NULL, NULL, 'BUS-16', 'AVAILABLE');
INSERT INTO `seat_reservations` (`created_date`, `fare_class_id`, `flight_id`, `id`, `modified_date`, `created_by`, `modified_by`, `seat_number`, `seat_status`) VALUES ('2025-05-01 01:06:45.398702', 2, 5, 361, '2025-05-01 01:06:45.890097', NULL, NULL, 'BUS-17', 'AVAILABLE');
INSERT INTO `seat_reservations` (`created_date`, `fare_class_id`, `flight_id`, `id`, `modified_date`, `created_by`, `modified_by`, `seat_number`, `seat_status`) VALUES ('2025-05-01 01:06:45.401926', 2, 5, 362, '2025-05-01 01:06:45.890097', NULL, NULL, 'BUS-18', 'AVAILABLE');
INSERT INTO `seat_reservations` (`created_date`, `fare_class_id`, `flight_id`, `id`, `modified_date`, `created_by`, `modified_by`, `seat_number`, `seat_status`) VALUES ('2025-05-01 01:06:45.405171', 2, 5, 363, '2025-05-01 01:06:45.890097', NULL, NULL, 'BUS-19', 'AVAILABLE');
INSERT INTO `seat_reservations` (`created_date`, `fare_class_id`, `flight_id`, `id`, `modified_date`, `created_by`, `modified_by`, `seat_number`, `seat_status`) VALUES ('2025-05-01 01:06:45.408588', 2, 5, 364, '2025-05-01 01:06:45.890097', NULL, NULL, 'BUS-20', 'AVAILABLE');
INSERT INTO `seat_reservations` (`created_date`, `fare_class_id`, `flight_id`, `id`, `modified_date`, `created_by`, `modified_by`, `seat_number`, `seat_status`) VALUES ('2025-05-01 01:06:45.412581', 2, 5, 365, '2025-05-01 01:06:45.890097', NULL, NULL, 'BUS-21', 'AVAILABLE');
INSERT INTO `seat_reservations` (`created_date`, `fare_class_id`, `flight_id`, `id`, `modified_date`, `created_by`, `modified_by`, `seat_number`, `seat_status`) VALUES ('2025-05-01 01:06:45.415726', 2, 5, 366, '2025-05-01 01:06:45.890097', NULL, NULL, 'BUS-22', 'AVAILABLE');
INSERT INTO `seat_reservations` (`created_date`, `fare_class_id`, `flight_id`, `id`, `modified_date`, `created_by`, `modified_by`, `seat_number`, `seat_status`) VALUES ('2025-05-01 01:06:45.418548', 2, 5, 367, '2025-05-01 01:06:45.890097', NULL, NULL, 'BUS-23', 'AVAILABLE');
INSERT INTO `seat_reservations` (`created_date`, `fare_class_id`, `flight_id`, `id`, `modified_date`, `created_by`, `modified_by`, `seat_number`, `seat_status`) VALUES ('2025-05-01 01:06:45.421267', 2, 5, 368, '2025-05-01 01:06:45.890097', NULL, NULL, 'BUS-24', 'AVAILABLE');
INSERT INTO `seat_reservations` (`created_date`, `fare_class_id`, `flight_id`, `id`, `modified_date`, `created_by`, `modified_by`, `seat_number`, `seat_status`) VALUES ('2025-05-01 01:06:45.424592', 2, 5, 369, '2025-05-01 01:06:45.890097', NULL, NULL, 'BUS-25', 'AVAILABLE');
INSERT INTO `seat_reservations` (`created_date`, `fare_class_id`, `flight_id`, `id`, `modified_date`, `created_by`, `modified_by`, `seat_number`, `seat_status`) VALUES ('2025-05-01 01:06:45.428556', 2, 5, 370, '2025-05-01 01:06:45.890097', NULL, NULL, 'BUS-26', 'AVAILABLE');
INSERT INTO `seat_reservations` (`created_date`, `fare_class_id`, `flight_id`, `id`, `modified_date`, `created_by`, `modified_by`, `seat_number`, `seat_status`) VALUES ('2025-05-01 01:06:45.431772', 2, 5, 371, '2025-05-01 01:06:45.890097', NULL, NULL, 'BUS-27', 'AVAILABLE');
INSERT INTO `seat_reservations` (`created_date`, `fare_class_id`, `flight_id`, `id`, `modified_date`, `created_by`, `modified_by`, `seat_number`, `seat_status`) VALUES ('2025-05-01 01:06:45.435363', 2, 5, 372, '2025-05-01 01:06:45.890097', NULL, NULL, 'BUS-28', 'AVAILABLE');
INSERT INTO `seat_reservations` (`created_date`, `fare_class_id`, `flight_id`, `id`, `modified_date`, `created_by`, `modified_by`, `seat_number`, `seat_status`) VALUES ('2025-05-01 01:06:45.438121', 2, 5, 373, '2025-05-01 01:06:45.890097', NULL, NULL, 'BUS-29', 'AVAILABLE');
INSERT INTO `seat_reservations` (`created_date`, `fare_class_id`, `flight_id`, `id`, `modified_date`, `created_by`, `modified_by`, `seat_number`, `seat_status`) VALUES ('2025-05-01 01:06:45.441418', 2, 5, 374, '2025-05-01 01:06:45.890097', NULL, NULL, 'BUS-30', 'AVAILABLE');
INSERT INTO `seat_reservations` (`created_date`, `fare_class_id`, `flight_id`, `id`, `modified_date`, `created_by`, `modified_by`, `seat_number`, `seat_status`) VALUES ('2025-05-01 01:06:45.445971', 2, 5, 375, '2025-05-01 01:06:45.890097', NULL, NULL, 'BUS-31', 'AVAILABLE');
INSERT INTO `seat_reservations` (`created_date`, `fare_class_id`, `flight_id`, `id`, `modified_date`, `created_by`, `modified_by`, `seat_number`, `seat_status`) VALUES ('2025-05-01 01:06:45.449222', 2, 5, 376, '2025-05-01 01:06:45.890097', NULL, NULL, 'BUS-32', 'AVAILABLE');
INSERT INTO `seat_reservations` (`created_date`, `fare_class_id`, `flight_id`, `id`, `modified_date`, `created_by`, `modified_by`, `seat_number`, `seat_status`) VALUES ('2025-05-01 01:06:45.452451', 2, 5, 377, '2025-05-01 01:06:45.890097', NULL, NULL, 'BUS-33', 'AVAILABLE');
INSERT INTO `seat_reservations` (`created_date`, `fare_class_id`, `flight_id`, `id`, `modified_date`, `created_by`, `modified_by`, `seat_number`, `seat_status`) VALUES ('2025-05-01 01:06:45.455491', 2, 5, 378, '2025-05-01 01:06:45.890097', NULL, NULL, 'BUS-34', 'AVAILABLE');
INSERT INTO `seat_reservations` (`created_date`, `fare_class_id`, `flight_id`, `id`, `modified_date`, `created_by`, `modified_by`, `seat_number`, `seat_status`) VALUES ('2025-05-01 01:06:45.458743', 2, 5, 379, '2025-05-01 01:06:45.890097', NULL, NULL, 'BUS-35', 'AVAILABLE');
INSERT INTO `seat_reservations` (`created_date`, `fare_class_id`, `flight_id`, `id`, `modified_date`, `created_by`, `modified_by`, `seat_number`, `seat_status`) VALUES ('2025-05-01 01:06:45.462560', 2, 5, 380, '2025-05-01 01:06:45.890097', NULL, NULL, 'BUS-36', 'AVAILABLE');
INSERT INTO `seat_reservations` (`created_date`, `fare_class_id`, `flight_id`, `id`, `modified_date`, `created_by`, `modified_by`, `seat_number`, `seat_status`) VALUES ('2025-05-01 01:06:45.465807', 2, 5, 381, '2025-05-01 01:06:45.890097', NULL, NULL, 'BUS-37', 'AVAILABLE');
INSERT INTO `seat_reservations` (`created_date`, `fare_class_id`, `flight_id`, `id`, `modified_date`, `created_by`, `modified_by`, `seat_number`, `seat_status`) VALUES ('2025-05-01 01:06:45.468753', 2, 5, 382, '2025-05-01 01:06:45.890097', NULL, NULL, 'BUS-38', 'AVAILABLE');
INSERT INTO `seat_reservations` (`created_date`, `fare_class_id`, `flight_id`, `id`, `modified_date`, `created_by`, `modified_by`, `seat_number`, `seat_status`) VALUES ('2025-05-01 01:06:45.472259', 2, 5, 383, '2025-05-01 01:06:45.890097', NULL, NULL, 'BUS-39', 'AVAILABLE');
INSERT INTO `seat_reservations` (`created_date`, `fare_class_id`, `flight_id`, `id`, `modified_date`, `created_by`, `modified_by`, `seat_number`, `seat_status`) VALUES ('2025-05-01 01:06:45.475568', 2, 5, 384, '2025-05-01 01:06:45.890097', NULL, NULL, 'BUS-40', 'AVAILABLE');
INSERT INTO `seat_reservations` (`created_date`, `fare_class_id`, `flight_id`, `id`, `modified_date`, `created_by`, `modified_by`, `seat_number`, `seat_status`) VALUES ('2025-05-01 01:06:45.478886', 2, 5, 385, '2025-05-01 01:06:45.890097', NULL, NULL, 'BUS-41', 'AVAILABLE');
INSERT INTO `seat_reservations` (`created_date`, `fare_class_id`, `flight_id`, `id`, `modified_date`, `created_by`, `modified_by`, `seat_number`, `seat_status`) VALUES ('2025-05-01 01:06:45.481105', 2, 5, 386, '2025-05-01 01:06:45.890097', NULL, NULL, 'BUS-42', 'AVAILABLE');
INSERT INTO `seat_reservations` (`created_date`, `fare_class_id`, `flight_id`, `id`, `modified_date`, `created_by`, `modified_by`, `seat_number`, `seat_status`) VALUES ('2025-05-01 01:06:45.483212', 2, 5, 387, '2025-05-01 01:06:45.890097', NULL, NULL, 'BUS-43', 'AVAILABLE');
INSERT INTO `seat_reservations` (`created_date`, `fare_class_id`, `flight_id`, `id`, `modified_date`, `created_by`, `modified_by`, `seat_number`, `seat_status`) VALUES ('2025-05-01 01:06:45.485543', 2, 5, 388, '2025-05-01 01:06:45.890097', NULL, NULL, 'BUS-44', 'AVAILABLE');
INSERT INTO `seat_reservations` (`created_date`, `fare_class_id`, `flight_id`, `id`, `modified_date`, `created_by`, `modified_by`, `seat_number`, `seat_status`) VALUES ('2025-05-01 01:06:45.487691', 2, 5, 389, '2025-05-01 01:06:45.890097', NULL, NULL, 'BUS-45', 'AVAILABLE');
INSERT INTO `seat_reservations` (`created_date`, `fare_class_id`, `flight_id`, `id`, `modified_date`, `created_by`, `modified_by`, `seat_number`, `seat_status`) VALUES ('2025-05-01 01:06:45.489891', 2, 5, 390, '2025-05-01 01:06:45.890638', NULL, NULL, 'BUS-46', 'AVAILABLE');
INSERT INTO `seat_reservations` (`created_date`, `fare_class_id`, `flight_id`, `id`, `modified_date`, `created_by`, `modified_by`, `seat_number`, `seat_status`) VALUES ('2025-05-01 01:06:45.492078', 2, 5, 391, '2025-05-01 01:06:45.890638', NULL, NULL, 'BUS-47', 'AVAILABLE');
INSERT INTO `seat_reservations` (`created_date`, `fare_class_id`, `flight_id`, `id`, `modified_date`, `created_by`, `modified_by`, `seat_number`, `seat_status`) VALUES ('2025-05-01 01:06:45.495592', 2, 5, 392, '2025-05-01 01:06:45.890638', NULL, NULL, 'BUS-48', 'AVAILABLE');
INSERT INTO `seat_reservations` (`created_date`, `fare_class_id`, `flight_id`, `id`, `modified_date`, `created_by`, `modified_by`, `seat_number`, `seat_status`) VALUES ('2025-05-01 01:06:45.497790', 2, 5, 393, '2025-05-01 01:06:45.890638', NULL, NULL, 'BUS-49', 'AVAILABLE');
INSERT INTO `seat_reservations` (`created_date`, `fare_class_id`, `flight_id`, `id`, `modified_date`, `created_by`, `modified_by`, `seat_number`, `seat_status`) VALUES ('2025-05-01 01:06:45.500680', 2, 5, 394, '2025-05-01 01:06:45.890638', NULL, NULL, 'BUS-50', 'AVAILABLE');
INSERT INTO `seat_reservations` (`created_date`, `fare_class_id`, `flight_id`, `id`, `modified_date`, `created_by`, `modified_by`, `seat_number`, `seat_status`) VALUES ('2025-05-01 01:06:45.503505', 2, 5, 395, '2025-05-01 01:06:45.890638', NULL, NULL, 'BUS-51', 'AVAILABLE');
INSERT INTO `seat_reservations` (`created_date`, `fare_class_id`, `flight_id`, `id`, `modified_date`, `created_by`, `modified_by`, `seat_number`, `seat_status`) VALUES ('2025-05-01 01:06:45.506256', 2, 5, 396, '2025-05-01 01:06:45.890638', NULL, NULL, 'BUS-52', 'AVAILABLE');
INSERT INTO `seat_reservations` (`created_date`, `fare_class_id`, `flight_id`, `id`, `modified_date`, `created_by`, `modified_by`, `seat_number`, `seat_status`) VALUES ('2025-05-01 01:06:45.508963', 2, 5, 397, '2025-05-01 01:06:45.890638', NULL, NULL, 'BUS-53', 'AVAILABLE');
INSERT INTO `seat_reservations` (`created_date`, `fare_class_id`, `flight_id`, `id`, `modified_date`, `created_by`, `modified_by`, `seat_number`, `seat_status`) VALUES ('2025-05-01 01:06:45.511722', 2, 5, 398, '2025-05-01 01:06:45.890638', NULL, NULL, 'BUS-54', 'AVAILABLE');
INSERT INTO `seat_reservations` (`created_date`, `fare_class_id`, `flight_id`, `id`, `modified_date`, `created_by`, `modified_by`, `seat_number`, `seat_status`) VALUES ('2025-05-01 01:06:45.514153', 2, 5, 399, '2025-05-01 01:06:45.890638', NULL, NULL, 'BUS-55', 'AVAILABLE');
INSERT INTO `seat_reservations` (`created_date`, `fare_class_id`, `flight_id`, `id`, `modified_date`, `created_by`, `modified_by`, `seat_number`, `seat_status`) VALUES ('2025-05-01 01:06:45.516623', 2, 5, 400, '2025-05-01 01:06:45.890638', NULL, NULL, 'BUS-56', 'AVAILABLE');
INSERT INTO `seat_reservations` (`created_date`, `fare_class_id`, `flight_id`, `id`, `modified_date`, `created_by`, `modified_by`, `seat_number`, `seat_status`) VALUES ('2025-05-01 01:06:45.518831', 2, 5, 401, '2025-05-01 01:06:45.890638', NULL, NULL, 'BUS-57', 'AVAILABLE');
INSERT INTO `seat_reservations` (`created_date`, `fare_class_id`, `flight_id`, `id`, `modified_date`, `created_by`, `modified_by`, `seat_number`, `seat_status`) VALUES ('2025-05-01 01:06:45.521027', 2, 5, 402, '2025-05-01 01:06:45.890638', NULL, NULL, 'BUS-58', 'AVAILABLE');
INSERT INTO `seat_reservations` (`created_date`, `fare_class_id`, `flight_id`, `id`, `modified_date`, `created_by`, `modified_by`, `seat_number`, `seat_status`) VALUES ('2025-05-01 01:06:45.523204', 2, 5, 403, '2025-05-01 01:06:45.890638', NULL, NULL, 'BUS-59', 'AVAILABLE');
INSERT INTO `seat_reservations` (`created_date`, `fare_class_id`, `flight_id`, `id`, `modified_date`, `created_by`, `modified_by`, `seat_number`, `seat_status`) VALUES ('2025-05-01 01:06:45.525358', 2, 5, 404, '2025-05-01 01:06:45.890638', NULL, NULL, 'BUS-60', 'AVAILABLE');
INSERT INTO `seat_reservations` (`created_date`, `fare_class_id`, `flight_id`, `id`, `modified_date`, `created_by`, `modified_by`, `seat_number`, `seat_status`) VALUES ('2025-05-01 01:06:45.527575', 2, 5, 405, '2025-05-01 01:06:45.890638', NULL, NULL, 'BUS-61', 'AVAILABLE');
INSERT INTO `seat_reservations` (`created_date`, `fare_class_id`, `flight_id`, `id`, `modified_date`, `created_by`, `modified_by`, `seat_number`, `seat_status`) VALUES ('2025-05-01 01:06:45.530425', 2, 5, 406, '2025-05-01 01:06:45.890638', NULL, NULL, 'BUS-62', 'AVAILABLE');
INSERT INTO `seat_reservations` (`created_date`, `fare_class_id`, `flight_id`, `id`, `modified_date`, `created_by`, `modified_by`, `seat_number`, `seat_status`) VALUES ('2025-05-01 01:06:45.533710', 2, 5, 407, '2025-05-01 01:06:45.890638', NULL, NULL, 'BUS-63', 'AVAILABLE');
INSERT INTO `seat_reservations` (`created_date`, `fare_class_id`, `flight_id`, `id`, `modified_date`, `created_by`, `modified_by`, `seat_number`, `seat_status`) VALUES ('2025-05-01 01:06:45.535910', 2, 5, 408, '2025-05-01 01:06:45.890638', NULL, NULL, 'BUS-64', 'AVAILABLE');
INSERT INTO `seat_reservations` (`created_date`, `fare_class_id`, `flight_id`, `id`, `modified_date`, `created_by`, `modified_by`, `seat_number`, `seat_status`) VALUES ('2025-05-01 01:06:45.538662', 2, 5, 409, '2025-05-01 01:06:45.890638', NULL, NULL, 'BUS-65', 'AVAILABLE');
INSERT INTO `seat_reservations` (`created_date`, `fare_class_id`, `flight_id`, `id`, `modified_date`, `created_by`, `modified_by`, `seat_number`, `seat_status`) VALUES ('2025-05-01 01:06:45.540859', 2, 5, 410, '2025-05-01 01:06:45.890638', NULL, NULL, 'BUS-66', 'AVAILABLE');
INSERT INTO `seat_reservations` (`created_date`, `fare_class_id`, `flight_id`, `id`, `modified_date`, `created_by`, `modified_by`, `seat_number`, `seat_status`) VALUES ('2025-05-01 01:06:45.543563', 2, 5, 411, '2025-05-01 01:06:45.890638', NULL, NULL, 'BUS-67', 'AVAILABLE');
INSERT INTO `seat_reservations` (`created_date`, `fare_class_id`, `flight_id`, `id`, `modified_date`, `created_by`, `modified_by`, `seat_number`, `seat_status`) VALUES ('2025-05-01 01:06:45.545850', 2, 5, 412, '2025-05-01 01:06:45.890638', NULL, NULL, 'BUS-68', 'AVAILABLE');
INSERT INTO `seat_reservations` (`created_date`, `fare_class_id`, `flight_id`, `id`, `modified_date`, `created_by`, `modified_by`, `seat_number`, `seat_status`) VALUES ('2025-05-01 01:06:45.548010', 2, 5, 413, '2025-05-01 01:06:45.890638', NULL, NULL, 'BUS-69', 'AVAILABLE');
INSERT INTO `seat_reservations` (`created_date`, `fare_class_id`, `flight_id`, `id`, `modified_date`, `created_by`, `modified_by`, `seat_number`, `seat_status`) VALUES ('2025-05-01 01:06:45.550718', 2, 5, 414, '2025-05-01 01:06:45.890638', NULL, NULL, 'BUS-70', 'AVAILABLE');
INSERT INTO `seat_reservations` (`created_date`, `fare_class_id`, `flight_id`, `id`, `modified_date`, `created_by`, `modified_by`, `seat_number`, `seat_status`) VALUES ('2025-05-01 01:06:45.552921', 2, 5, 415, '2025-05-01 01:06:45.890638', NULL, NULL, 'BUS-71', 'AVAILABLE');
INSERT INTO `seat_reservations` (`created_date`, `fare_class_id`, `flight_id`, `id`, `modified_date`, `created_by`, `modified_by`, `seat_number`, `seat_status`) VALUES ('2025-05-01 01:06:45.555652', 2, 5, 416, '2025-05-01 01:06:45.890638', NULL, NULL, 'BUS-72', 'AVAILABLE');
INSERT INTO `seat_reservations` (`created_date`, `fare_class_id`, `flight_id`, `id`, `modified_date`, `created_by`, `modified_by`, `seat_number`, `seat_status`) VALUES ('2025-05-01 01:06:45.557905', 2, 5, 417, '2025-05-01 01:06:45.890638', NULL, NULL, 'BUS-73', 'AVAILABLE');
INSERT INTO `seat_reservations` (`created_date`, `fare_class_id`, `flight_id`, `id`, `modified_date`, `created_by`, `modified_by`, `seat_number`, `seat_status`) VALUES ('2025-05-01 01:06:45.560736', 2, 5, 418, '2025-05-01 01:06:45.890638', NULL, NULL, 'BUS-74', 'AVAILABLE');
INSERT INTO `seat_reservations` (`created_date`, `fare_class_id`, `flight_id`, `id`, `modified_date`, `created_by`, `modified_by`, `seat_number`, `seat_status`) VALUES ('2025-05-01 01:06:45.563991', 2, 5, 419, '2025-05-01 01:06:45.890638', NULL, NULL, 'BUS-75', 'AVAILABLE');
INSERT INTO `seat_reservations` (`created_date`, `fare_class_id`, `flight_id`, `id`, `modified_date`, `created_by`, `modified_by`, `seat_number`, `seat_status`) VALUES ('2025-05-01 01:06:45.566538', 2, 5, 420, '2025-05-01 01:06:45.890638', NULL, NULL, 'BUS-76', 'AVAILABLE');
INSERT INTO `seat_reservations` (`created_date`, `fare_class_id`, `flight_id`, `id`, `modified_date`, `created_by`, `modified_by`, `seat_number`, `seat_status`) VALUES ('2025-05-01 01:06:45.569048', 2, 5, 421, '2025-05-01 01:06:45.890638', NULL, NULL, 'BUS-77', 'AVAILABLE');
INSERT INTO `seat_reservations` (`created_date`, `fare_class_id`, `flight_id`, `id`, `modified_date`, `created_by`, `modified_by`, `seat_number`, `seat_status`) VALUES ('2025-05-01 01:06:45.571895', 2, 5, 422, '2025-05-01 01:06:45.890638', NULL, NULL, 'BUS-78', 'AVAILABLE');
INSERT INTO `seat_reservations` (`created_date`, `fare_class_id`, `flight_id`, `id`, `modified_date`, `created_by`, `modified_by`, `seat_number`, `seat_status`) VALUES ('2025-05-01 01:06:45.575122', 2, 5, 423, '2025-05-01 01:06:45.890638', NULL, NULL, 'BUS-79', 'AVAILABLE');
INSERT INTO `seat_reservations` (`created_date`, `fare_class_id`, `flight_id`, `id`, `modified_date`, `created_by`, `modified_by`, `seat_number`, `seat_status`) VALUES ('2025-05-01 01:06:45.578593', 2, 5, 424, '2025-05-01 01:06:45.890638', NULL, NULL, 'BUS-80', 'AVAILABLE');
INSERT INTO `seat_reservations` (`created_date`, `fare_class_id`, `flight_id`, `id`, `modified_date`, `created_by`, `modified_by`, `seat_number`, `seat_status`) VALUES ('2025-05-01 01:06:45.581268', 2, 5, 425, '2025-05-01 01:06:45.890638', NULL, NULL, 'BUS-81', 'AVAILABLE');
INSERT INTO `seat_reservations` (`created_date`, `fare_class_id`, `flight_id`, `id`, `modified_date`, `created_by`, `modified_by`, `seat_number`, `seat_status`) VALUES ('2025-05-01 01:06:45.584533', 2, 5, 426, '2025-05-01 01:06:45.890638', NULL, NULL, 'BUS-82', 'AVAILABLE');
INSERT INTO `seat_reservations` (`created_date`, `fare_class_id`, `flight_id`, `id`, `modified_date`, `created_by`, `modified_by`, `seat_number`, `seat_status`) VALUES ('2025-05-01 01:06:45.587406', 2, 5, 427, '2025-05-01 01:06:45.890638', NULL, NULL, 'BUS-83', 'AVAILABLE');
INSERT INTO `seat_reservations` (`created_date`, `fare_class_id`, `flight_id`, `id`, `modified_date`, `created_by`, `modified_by`, `seat_number`, `seat_status`) VALUES ('2025-05-01 01:06:45.589987', 2, 5, 428, '2025-05-01 01:06:45.890638', NULL, NULL, 'BUS-84', 'AVAILABLE');
INSERT INTO `seat_reservations` (`created_date`, `fare_class_id`, `flight_id`, `id`, `modified_date`, `created_by`, `modified_by`, `seat_number`, `seat_status`) VALUES ('2025-05-01 01:06:45.594440', 2, 5, 429, '2025-05-01 01:06:45.890638', NULL, NULL, 'BUS-85', 'AVAILABLE');
INSERT INTO `seat_reservations` (`created_date`, `fare_class_id`, `flight_id`, `id`, `modified_date`, `created_by`, `modified_by`, `seat_number`, `seat_status`) VALUES ('2025-05-01 01:06:45.597167', 2, 5, 430, '2025-05-01 01:06:45.890638', NULL, NULL, 'BUS-86', 'AVAILABLE');
INSERT INTO `seat_reservations` (`created_date`, `fare_class_id`, `flight_id`, `id`, `modified_date`, `created_by`, `modified_by`, `seat_number`, `seat_status`) VALUES ('2025-05-01 01:06:45.600456', 2, 5, 431, '2025-05-01 01:06:45.890638', NULL, NULL, 'BUS-87', 'AVAILABLE');
INSERT INTO `seat_reservations` (`created_date`, `fare_class_id`, `flight_id`, `id`, `modified_date`, `created_by`, `modified_by`, `seat_number`, `seat_status`) VALUES ('2025-05-01 01:06:45.602666', 2, 5, 432, '2025-05-01 01:06:45.890638', NULL, NULL, 'BUS-88', 'AVAILABLE');
INSERT INTO `seat_reservations` (`created_date`, `fare_class_id`, `flight_id`, `id`, `modified_date`, `created_by`, `modified_by`, `seat_number`, `seat_status`) VALUES ('2025-05-01 01:06:45.606218', 2, 5, 433, '2025-05-01 01:06:45.890638', NULL, NULL, 'BUS-89', 'AVAILABLE');
INSERT INTO `seat_reservations` (`created_date`, `fare_class_id`, `flight_id`, `id`, `modified_date`, `created_by`, `modified_by`, `seat_number`, `seat_status`) VALUES ('2025-05-01 01:06:45.609012', 2, 5, 434, '2025-05-01 01:06:45.890638', NULL, NULL, 'BUS-90', 'AVAILABLE');
INSERT INTO `seat_reservations` (`created_date`, `fare_class_id`, `flight_id`, `id`, `modified_date`, `created_by`, `modified_by`, `seat_number`, `seat_status`) VALUES ('2025-05-01 01:06:45.613735', 2, 5, 435, '2025-05-01 01:06:45.890638', NULL, NULL, 'BUS-91', 'AVAILABLE');
INSERT INTO `seat_reservations` (`created_date`, `fare_class_id`, `flight_id`, `id`, `modified_date`, `created_by`, `modified_by`, `seat_number`, `seat_status`) VALUES ('2025-05-01 01:06:45.617191', 2, 5, 436, '2025-05-01 01:06:45.891177', NULL, NULL, 'BUS-92', 'AVAILABLE');
INSERT INTO `seat_reservations` (`created_date`, `fare_class_id`, `flight_id`, `id`, `modified_date`, `created_by`, `modified_by`, `seat_number`, `seat_status`) VALUES ('2025-05-01 01:06:45.620068', 2, 5, 437, '2025-05-01 01:06:45.891177', NULL, NULL, 'BUS-93', 'AVAILABLE');
INSERT INTO `seat_reservations` (`created_date`, `fare_class_id`, `flight_id`, `id`, `modified_date`, `created_by`, `modified_by`, `seat_number`, `seat_status`) VALUES ('2025-05-01 01:06:45.624175', 2, 5, 438, '2025-05-01 01:06:45.891177', NULL, NULL, 'BUS-94', 'AVAILABLE');
INSERT INTO `seat_reservations` (`created_date`, `fare_class_id`, `flight_id`, `id`, `modified_date`, `created_by`, `modified_by`, `seat_number`, `seat_status`) VALUES ('2025-05-01 01:06:45.628134', 2, 5, 439, '2025-05-01 01:06:45.891177', NULL, NULL, 'BUS-95', 'AVAILABLE');
INSERT INTO `seat_reservations` (`created_date`, `fare_class_id`, `flight_id`, `id`, `modified_date`, `created_by`, `modified_by`, `seat_number`, `seat_status`) VALUES ('2025-05-01 01:06:45.631494', 2, 5, 440, '2025-05-01 01:06:45.891177', NULL, NULL, 'BUS-96', 'AVAILABLE');
INSERT INTO `seat_reservations` (`created_date`, `fare_class_id`, `flight_id`, `id`, `modified_date`, `created_by`, `modified_by`, `seat_number`, `seat_status`) VALUES ('2025-05-01 01:06:45.635406', 3, 5, 441, '2025-05-01 01:06:45.891177', NULL, NULL, 'STD-1', 'AVAILABLE');
INSERT INTO `seat_reservations` (`created_date`, `fare_class_id`, `flight_id`, `id`, `modified_date`, `created_by`, `modified_by`, `seat_number`, `seat_status`) VALUES ('2025-05-01 01:06:45.638841', 3, 5, 442, '2025-05-01 01:06:45.891177', NULL, NULL, 'STD-2', 'AVAILABLE');
INSERT INTO `seat_reservations` (`created_date`, `fare_class_id`, `flight_id`, `id`, `modified_date`, `created_by`, `modified_by`, `seat_number`, `seat_status`) VALUES ('2025-05-01 01:06:45.641563', 3, 5, 443, '2025-05-01 01:06:45.891177', NULL, NULL, 'STD-3', 'AVAILABLE');
INSERT INTO `seat_reservations` (`created_date`, `fare_class_id`, `flight_id`, `id`, `modified_date`, `created_by`, `modified_by`, `seat_number`, `seat_status`) VALUES ('2025-05-01 01:06:45.645451', 3, 5, 444, '2025-05-01 01:06:45.891177', NULL, NULL, 'STD-4', 'AVAILABLE');
INSERT INTO `seat_reservations` (`created_date`, `fare_class_id`, `flight_id`, `id`, `modified_date`, `created_by`, `modified_by`, `seat_number`, `seat_status`) VALUES ('2025-05-01 01:06:45.648774', 3, 5, 445, '2025-05-01 01:06:45.891177', NULL, NULL, 'STD-5', 'AVAILABLE');
INSERT INTO `seat_reservations` (`created_date`, `fare_class_id`, `flight_id`, `id`, `modified_date`, `created_by`, `modified_by`, `seat_number`, `seat_status`) VALUES ('2025-05-01 01:06:45.651643', 3, 5, 446, '2025-05-01 01:06:45.891177', NULL, NULL, 'STD-6', 'AVAILABLE');
INSERT INTO `seat_reservations` (`created_date`, `fare_class_id`, `flight_id`, `id`, `modified_date`, `created_by`, `modified_by`, `seat_number`, `seat_status`) VALUES ('2025-05-01 01:06:45.654966', 3, 5, 447, '2025-05-01 01:06:45.891177', NULL, NULL, 'STD-7', 'AVAILABLE');
INSERT INTO `seat_reservations` (`created_date`, `fare_class_id`, `flight_id`, `id`, `modified_date`, `created_by`, `modified_by`, `seat_number`, `seat_status`) VALUES ('2025-05-01 01:06:45.658241', 3, 5, 448, '2025-05-01 01:06:45.891177', NULL, NULL, 'STD-8', 'AVAILABLE');
INSERT INTO `seat_reservations` (`created_date`, `fare_class_id`, `flight_id`, `id`, `modified_date`, `created_by`, `modified_by`, `seat_number`, `seat_status`) VALUES ('2025-05-01 01:06:45.662218', 3, 5, 449, '2025-05-01 01:06:45.891177', NULL, NULL, 'STD-9', 'AVAILABLE');
INSERT INTO `seat_reservations` (`created_date`, `fare_class_id`, `flight_id`, `id`, `modified_date`, `created_by`, `modified_by`, `seat_number`, `seat_status`) VALUES ('2025-05-01 01:06:45.664996', 3, 5, 450, '2025-05-01 01:06:45.891177', NULL, NULL, 'STD-10', 'AVAILABLE');
INSERT INTO `seat_reservations` (`created_date`, `fare_class_id`, `flight_id`, `id`, `modified_date`, `created_by`, `modified_by`, `seat_number`, `seat_status`) VALUES ('2025-05-01 01:06:45.668430', 3, 5, 451, '2025-05-01 01:06:45.891177', NULL, NULL, 'STD-11', 'AVAILABLE');
INSERT INTO `seat_reservations` (`created_date`, `fare_class_id`, `flight_id`, `id`, `modified_date`, `created_by`, `modified_by`, `seat_number`, `seat_status`) VALUES ('2025-05-01 01:06:45.672342', 3, 5, 452, '2025-05-01 01:06:45.891177', NULL, NULL, 'STD-12', 'AVAILABLE');
INSERT INTO `seat_reservations` (`created_date`, `fare_class_id`, `flight_id`, `id`, `modified_date`, `created_by`, `modified_by`, `seat_number`, `seat_status`) VALUES ('2025-05-01 01:06:45.676153', 3, 5, 453, '2025-05-01 01:06:45.891177', NULL, NULL, 'STD-13', 'AVAILABLE');
INSERT INTO `seat_reservations` (`created_date`, `fare_class_id`, `flight_id`, `id`, `modified_date`, `created_by`, `modified_by`, `seat_number`, `seat_status`) VALUES ('2025-05-01 01:06:45.679404', 3, 5, 454, '2025-05-01 01:06:45.891177', NULL, NULL, 'STD-14', 'AVAILABLE');
INSERT INTO `seat_reservations` (`created_date`, `fare_class_id`, `flight_id`, `id`, `modified_date`, `created_by`, `modified_by`, `seat_number`, `seat_status`) VALUES ('2025-05-01 01:06:45.682271', 3, 5, 455, '2025-05-01 01:06:45.891177', NULL, NULL, 'STD-15', 'AVAILABLE');
INSERT INTO `seat_reservations` (`created_date`, `fare_class_id`, `flight_id`, `id`, `modified_date`, `created_by`, `modified_by`, `seat_number`, `seat_status`) VALUES ('2025-05-01 01:06:45.684407', 3, 5, 456, '2025-05-01 01:06:45.891177', NULL, NULL, 'STD-16', 'AVAILABLE');
INSERT INTO `seat_reservations` (`created_date`, `fare_class_id`, `flight_id`, `id`, `modified_date`, `created_by`, `modified_by`, `seat_number`, `seat_status`) VALUES ('2025-05-01 01:06:45.686699', 3, 5, 457, '2025-05-01 01:06:45.891177', NULL, NULL, 'STD-17', 'AVAILABLE');
INSERT INTO `seat_reservations` (`created_date`, `fare_class_id`, `flight_id`, `id`, `modified_date`, `created_by`, `modified_by`, `seat_number`, `seat_status`) VALUES ('2025-05-01 01:06:45.689767', 3, 5, 458, '2025-05-01 01:06:45.891177', NULL, NULL, 'STD-18', 'AVAILABLE');
INSERT INTO `seat_reservations` (`created_date`, `fare_class_id`, `flight_id`, `id`, `modified_date`, `created_by`, `modified_by`, `seat_number`, `seat_status`) VALUES ('2025-05-01 01:06:45.691974', 3, 5, 459, '2025-05-01 01:06:45.891177', NULL, NULL, 'STD-19', 'AVAILABLE');
INSERT INTO `seat_reservations` (`created_date`, `fare_class_id`, `flight_id`, `id`, `modified_date`, `created_by`, `modified_by`, `seat_number`, `seat_status`) VALUES ('2025-05-01 01:06:45.694708', 3, 5, 460, '2025-05-01 01:06:45.891177', NULL, NULL, 'STD-20', 'AVAILABLE');
INSERT INTO `seat_reservations` (`created_date`, `fare_class_id`, `flight_id`, `id`, `modified_date`, `created_by`, `modified_by`, `seat_number`, `seat_status`) VALUES ('2025-05-01 01:06:45.697012', 3, 5, 461, '2025-05-01 01:06:45.891177', NULL, NULL, 'STD-21', 'AVAILABLE');
INSERT INTO `seat_reservations` (`created_date`, `fare_class_id`, `flight_id`, `id`, `modified_date`, `created_by`, `modified_by`, `seat_number`, `seat_status`) VALUES ('2025-05-01 01:06:45.700350', 3, 5, 462, '2025-05-01 01:06:45.891177', NULL, NULL, 'STD-22', 'AVAILABLE');
INSERT INTO `seat_reservations` (`created_date`, `fare_class_id`, `flight_id`, `id`, `modified_date`, `created_by`, `modified_by`, `seat_number`, `seat_status`) VALUES ('2025-05-01 01:06:45.702495', 3, 5, 463, '2025-05-01 01:06:45.891177', NULL, NULL, 'STD-23', 'AVAILABLE');
INSERT INTO `seat_reservations` (`created_date`, `fare_class_id`, `flight_id`, `id`, `modified_date`, `created_by`, `modified_by`, `seat_number`, `seat_status`) VALUES ('2025-05-01 01:06:45.705277', 3, 5, 464, '2025-05-01 01:06:45.891177', NULL, NULL, 'STD-24', 'AVAILABLE');
INSERT INTO `seat_reservations` (`created_date`, `fare_class_id`, `flight_id`, `id`, `modified_date`, `created_by`, `modified_by`, `seat_number`, `seat_status`) VALUES ('2025-05-01 01:06:45.708003', 3, 5, 465, '2025-05-01 01:06:45.891177', NULL, NULL, 'STD-25', 'AVAILABLE');
INSERT INTO `seat_reservations` (`created_date`, `fare_class_id`, `flight_id`, `id`, `modified_date`, `created_by`, `modified_by`, `seat_number`, `seat_status`) VALUES ('2025-05-01 01:06:45.710713', 3, 5, 466, '2025-05-01 01:06:45.891177', NULL, NULL, 'STD-26', 'AVAILABLE');
INSERT INTO `seat_reservations` (`created_date`, `fare_class_id`, `flight_id`, `id`, `modified_date`, `created_by`, `modified_by`, `seat_number`, `seat_status`) VALUES ('2025-05-01 01:06:45.713498', 3, 5, 467, '2025-05-01 01:06:45.891177', NULL, NULL, 'STD-27', 'AVAILABLE');
INSERT INTO `seat_reservations` (`created_date`, `fare_class_id`, `flight_id`, `id`, `modified_date`, `created_by`, `modified_by`, `seat_number`, `seat_status`) VALUES ('2025-05-01 01:06:45.715631', 3, 5, 468, '2025-05-01 01:06:45.891177', NULL, NULL, 'STD-28', 'AVAILABLE');
INSERT INTO `seat_reservations` (`created_date`, `fare_class_id`, `flight_id`, `id`, `modified_date`, `created_by`, `modified_by`, `seat_number`, `seat_status`) VALUES ('2025-05-01 01:06:45.718344', 3, 5, 469, '2025-05-01 01:06:45.891177', NULL, NULL, 'STD-29', 'AVAILABLE');
INSERT INTO `seat_reservations` (`created_date`, `fare_class_id`, `flight_id`, `id`, `modified_date`, `created_by`, `modified_by`, `seat_number`, `seat_status`) VALUES ('2025-05-01 01:06:45.720388', 3, 5, 470, '2025-05-01 01:06:45.891177', NULL, NULL, 'STD-30', 'AVAILABLE');
INSERT INTO `seat_reservations` (`created_date`, `fare_class_id`, `flight_id`, `id`, `modified_date`, `created_by`, `modified_by`, `seat_number`, `seat_status`) VALUES ('2025-05-01 01:06:45.723371', 3, 5, 471, '2025-05-01 01:06:45.891177', NULL, NULL, 'STD-31', 'AVAILABLE');
INSERT INTO `seat_reservations` (`created_date`, `fare_class_id`, `flight_id`, `id`, `modified_date`, `created_by`, `modified_by`, `seat_number`, `seat_status`) VALUES ('2025-05-01 01:06:45.726086', 3, 5, 472, '2025-05-01 01:06:45.891177', NULL, NULL, 'STD-32', 'AVAILABLE');
INSERT INTO `seat_reservations` (`created_date`, `fare_class_id`, `flight_id`, `id`, `modified_date`, `created_by`, `modified_by`, `seat_number`, `seat_status`) VALUES ('2025-05-01 01:06:45.728372', 3, 5, 473, '2025-05-01 01:06:45.891177', NULL, NULL, 'STD-33', 'AVAILABLE');
INSERT INTO `seat_reservations` (`created_date`, `fare_class_id`, `flight_id`, `id`, `modified_date`, `created_by`, `modified_by`, `seat_number`, `seat_status`) VALUES ('2025-05-01 01:06:45.731106', 3, 5, 474, '2025-05-01 01:06:45.891177', NULL, NULL, 'STD-34', 'AVAILABLE');
INSERT INTO `seat_reservations` (`created_date`, `fare_class_id`, `flight_id`, `id`, `modified_date`, `created_by`, `modified_by`, `seat_number`, `seat_status`) VALUES ('2025-05-01 01:06:45.733814', 3, 5, 475, '2025-05-01 01:06:45.891177', NULL, NULL, 'STD-35', 'AVAILABLE');
INSERT INTO `seat_reservations` (`created_date`, `fare_class_id`, `flight_id`, `id`, `modified_date`, `created_by`, `modified_by`, `seat_number`, `seat_status`) VALUES ('2025-05-01 01:06:45.736567', 3, 5, 476, '2025-05-01 01:06:45.891177', NULL, NULL, 'STD-36', 'AVAILABLE');
INSERT INTO `seat_reservations` (`created_date`, `fare_class_id`, `flight_id`, `id`, `modified_date`, `created_by`, `modified_by`, `seat_number`, `seat_status`) VALUES ('2025-05-01 01:06:45.739227', 3, 5, 477, '2025-05-01 01:06:45.891177', NULL, NULL, 'STD-37', 'AVAILABLE');
INSERT INTO `seat_reservations` (`created_date`, `fare_class_id`, `flight_id`, `id`, `modified_date`, `created_by`, `modified_by`, `seat_number`, `seat_status`) VALUES ('2025-05-01 01:06:45.741880', 3, 5, 478, '2025-05-01 01:06:45.891177', NULL, NULL, 'STD-38', 'AVAILABLE');
INSERT INTO `seat_reservations` (`created_date`, `fare_class_id`, `flight_id`, `id`, `modified_date`, `created_by`, `modified_by`, `seat_number`, `seat_status`) VALUES ('2025-05-01 01:06:45.744755', 3, 5, 479, '2025-05-01 01:06:45.891722', NULL, NULL, 'STD-39', 'AVAILABLE');
INSERT INTO `seat_reservations` (`created_date`, `fare_class_id`, `flight_id`, `id`, `modified_date`, `created_by`, `modified_by`, `seat_number`, `seat_status`) VALUES ('2025-05-01 01:06:45.748097', 3, 5, 480, '2025-05-01 01:06:45.891722', NULL, NULL, 'STD-40', 'AVAILABLE');
INSERT INTO `seat_reservations` (`created_date`, `fare_class_id`, `flight_id`, `id`, `modified_date`, `created_by`, `modified_by`, `seat_number`, `seat_status`) VALUES ('2025-05-01 01:06:45.750758', 3, 5, 481, '2025-05-01 01:06:45.891722', NULL, NULL, 'STD-41', 'AVAILABLE');
INSERT INTO `seat_reservations` (`created_date`, `fare_class_id`, `flight_id`, `id`, `modified_date`, `created_by`, `modified_by`, `seat_number`, `seat_status`) VALUES ('2025-05-01 01:06:45.753476', 3, 5, 482, '2025-05-01 01:06:45.891722', NULL, NULL, 'STD-42', 'AVAILABLE');
INSERT INTO `seat_reservations` (`created_date`, `fare_class_id`, `flight_id`, `id`, `modified_date`, `created_by`, `modified_by`, `seat_number`, `seat_status`) VALUES ('2025-05-01 01:06:45.756139', 3, 5, 483, '2025-05-01 01:06:45.891722', NULL, NULL, 'STD-43', 'AVAILABLE');
INSERT INTO `seat_reservations` (`created_date`, `fare_class_id`, `flight_id`, `id`, `modified_date`, `created_by`, `modified_by`, `seat_number`, `seat_status`) VALUES ('2025-05-01 01:06:45.758962', 3, 5, 484, '2025-05-01 01:06:45.891722', NULL, NULL, 'STD-44', 'AVAILABLE');
INSERT INTO `seat_reservations` (`created_date`, `fare_class_id`, `flight_id`, `id`, `modified_date`, `created_by`, `modified_by`, `seat_number`, `seat_status`) VALUES ('2025-05-01 01:06:45.761759', 3, 5, 485, '2025-05-01 01:06:45.891722', NULL, NULL, 'STD-45', 'AVAILABLE');
INSERT INTO `seat_reservations` (`created_date`, `fare_class_id`, `flight_id`, `id`, `modified_date`, `created_by`, `modified_by`, `seat_number`, `seat_status`) VALUES ('2025-05-01 01:06:45.764586', 3, 5, 486, '2025-05-01 01:06:45.891722', NULL, NULL, 'STD-46', 'AVAILABLE');
INSERT INTO `seat_reservations` (`created_date`, `fare_class_id`, `flight_id`, `id`, `modified_date`, `created_by`, `modified_by`, `seat_number`, `seat_status`) VALUES ('2025-05-01 01:06:45.767772', 3, 5, 487, '2025-05-01 01:06:45.891722', NULL, NULL, 'STD-47', 'AVAILABLE');
INSERT INTO `seat_reservations` (`created_date`, `fare_class_id`, `flight_id`, `id`, `modified_date`, `created_by`, `modified_by`, `seat_number`, `seat_status`) VALUES ('2025-05-01 01:06:45.771012', 3, 5, 488, '2025-05-01 01:06:45.891722', NULL, NULL, 'STD-48', 'AVAILABLE');
INSERT INTO `seat_reservations` (`created_date`, `fare_class_id`, `flight_id`, `id`, `modified_date`, `created_by`, `modified_by`, `seat_number`, `seat_status`) VALUES ('2025-05-01 01:06:45.773374', 3, 5, 489, '2025-05-01 01:06:45.891722', NULL, NULL, 'STD-49', 'AVAILABLE');
INSERT INTO `seat_reservations` (`created_date`, `fare_class_id`, `flight_id`, `id`, `modified_date`, `created_by`, `modified_by`, `seat_number`, `seat_status`) VALUES ('2025-05-01 01:06:45.776181', 3, 5, 490, '2025-05-01 01:06:45.891722', NULL, NULL, 'STD-50', 'AVAILABLE');
INSERT INTO `seat_reservations` (`created_date`, `fare_class_id`, `flight_id`, `id`, `modified_date`, `created_by`, `modified_by`, `seat_number`, `seat_status`) VALUES ('2025-05-01 01:06:45.779438', 3, 5, 491, '2025-05-01 01:06:45.891722', NULL, NULL, 'STD-51', 'AVAILABLE');
INSERT INTO `seat_reservations` (`created_date`, `fare_class_id`, `flight_id`, `id`, `modified_date`, `created_by`, `modified_by`, `seat_number`, `seat_status`) VALUES ('2025-05-01 01:06:45.783101', 3, 5, 492, '2025-05-01 01:06:45.891722', NULL, NULL, 'STD-52', 'AVAILABLE');
INSERT INTO `seat_reservations` (`created_date`, `fare_class_id`, `flight_id`, `id`, `modified_date`, `created_by`, `modified_by`, `seat_number`, `seat_status`) VALUES ('2025-05-01 01:06:45.785925', 3, 5, 493, '2025-05-01 01:06:45.891722', NULL, NULL, 'STD-53', 'AVAILABLE');
INSERT INTO `seat_reservations` (`created_date`, `fare_class_id`, `flight_id`, `id`, `modified_date`, `created_by`, `modified_by`, `seat_number`, `seat_status`) VALUES ('2025-05-01 01:06:45.788813', 3, 5, 494, '2025-05-01 01:06:45.891722', NULL, NULL, 'STD-54', 'AVAILABLE');
INSERT INTO `seat_reservations` (`created_date`, `fare_class_id`, `flight_id`, `id`, `modified_date`, `created_by`, `modified_by`, `seat_number`, `seat_status`) VALUES ('2025-05-01 01:06:45.794068', 3, 5, 495, '2025-05-01 01:06:45.891722', NULL, NULL, 'STD-55', 'AVAILABLE');
INSERT INTO `seat_reservations` (`created_date`, `fare_class_id`, `flight_id`, `id`, `modified_date`, `created_by`, `modified_by`, `seat_number`, `seat_status`) VALUES ('2025-05-01 01:06:45.797803', 3, 5, 496, '2025-05-01 01:06:45.891722', NULL, NULL, 'STD-56', 'AVAILABLE');
INSERT INTO `seat_reservations` (`created_date`, `fare_class_id`, `flight_id`, `id`, `modified_date`, `created_by`, `modified_by`, `seat_number`, `seat_status`) VALUES ('2025-05-01 01:06:45.801082', 3, 5, 497, '2025-05-01 01:06:45.891722', NULL, NULL, 'STD-57', 'AVAILABLE');
INSERT INTO `seat_reservations` (`created_date`, `fare_class_id`, `flight_id`, `id`, `modified_date`, `created_by`, `modified_by`, `seat_number`, `seat_status`) VALUES ('2025-05-01 01:06:45.804025', 3, 5, 498, '2025-05-01 01:06:45.891722', NULL, NULL, 'STD-58', 'AVAILABLE');
INSERT INTO `seat_reservations` (`created_date`, `fare_class_id`, `flight_id`, `id`, `modified_date`, `created_by`, `modified_by`, `seat_number`, `seat_status`) VALUES ('2025-05-01 01:06:45.806820', 3, 5, 499, '2025-05-01 01:06:45.891722', NULL, NULL, 'STD-59', 'AVAILABLE');
INSERT INTO `seat_reservations` (`created_date`, `fare_class_id`, `flight_id`, `id`, `modified_date`, `created_by`, `modified_by`, `seat_number`, `seat_status`) VALUES ('2025-05-01 01:06:45.811909', 3, 5, 500, '2025-05-01 01:06:45.891722', NULL, NULL, 'STD-60', 'AVAILABLE');
INSERT INTO `seat_reservations` (`created_date`, `fare_class_id`, `flight_id`, `id`, `modified_date`, `created_by`, `modified_by`, `seat_number`, `seat_status`) VALUES ('2025-05-01 01:06:45.819267', 3, 5, 501, '2025-05-01 01:06:45.891722', NULL, NULL, 'STD-61', 'AVAILABLE');
INSERT INTO `seat_reservations` (`created_date`, `fare_class_id`, `flight_id`, `id`, `modified_date`, `created_by`, `modified_by`, `seat_number`, `seat_status`) VALUES ('2025-05-01 01:06:45.822541', 3, 5, 502, '2025-05-01 01:06:45.891722', NULL, NULL, 'STD-62', 'AVAILABLE');
INSERT INTO `seat_reservations` (`created_date`, `fare_class_id`, `flight_id`, `id`, `modified_date`, `created_by`, `modified_by`, `seat_number`, `seat_status`) VALUES ('2025-05-01 01:06:45.826565', 3, 5, 503, '2025-05-01 01:06:45.891722', NULL, NULL, 'STD-63', 'AVAILABLE');
INSERT INTO `seat_reservations` (`created_date`, `fare_class_id`, `flight_id`, `id`, `modified_date`, `created_by`, `modified_by`, `seat_number`, `seat_status`) VALUES ('2025-05-01 01:06:45.830539', 3, 5, 504, '2025-05-01 01:06:45.891722', NULL, NULL, 'STD-64', 'AVAILABLE');
INSERT INTO `seat_reservations` (`created_date`, `fare_class_id`, `flight_id`, `id`, `modified_date`, `created_by`, `modified_by`, `seat_number`, `seat_status`) VALUES ('2025-05-01 01:06:45.834670', 3, 5, 505, '2025-05-01 01:06:45.891722', NULL, NULL, 'STD-65', 'AVAILABLE');
INSERT INTO `seat_reservations` (`created_date`, `fare_class_id`, `flight_id`, `id`, `modified_date`, `created_by`, `modified_by`, `seat_number`, `seat_status`) VALUES ('2025-05-01 01:06:45.839261', 3, 5, 506, '2025-05-01 01:06:45.891722', NULL, NULL, 'STD-66', 'AVAILABLE');
INSERT INTO `seat_reservations` (`created_date`, `fare_class_id`, `flight_id`, `id`, `modified_date`, `created_by`, `modified_by`, `seat_number`, `seat_status`) VALUES ('2025-05-01 01:06:45.843358', 3, 5, 507, '2025-05-01 01:06:45.891722', NULL, NULL, 'STD-67', 'AVAILABLE');
INSERT INTO `seat_reservations` (`created_date`, `fare_class_id`, `flight_id`, `id`, `modified_date`, `created_by`, `modified_by`, `seat_number`, `seat_status`) VALUES ('2025-05-01 01:06:45.846764', 3, 5, 508, '2025-05-01 01:06:45.891722', NULL, NULL, 'STD-68', 'AVAILABLE');
INSERT INTO `seat_reservations` (`created_date`, `fare_class_id`, `flight_id`, `id`, `modified_date`, `created_by`, `modified_by`, `seat_number`, `seat_status`) VALUES ('2025-05-01 01:06:45.850152', 3, 5, 509, '2025-05-01 01:06:45.891722', NULL, NULL, 'STD-69', 'AVAILABLE');
INSERT INTO `seat_reservations` (`created_date`, `fare_class_id`, `flight_id`, `id`, `modified_date`, `created_by`, `modified_by`, `seat_number`, `seat_status`) VALUES ('2025-05-01 01:06:45.854853', 3, 5, 510, '2025-05-01 01:06:45.891722', NULL, NULL, 'STD-70', 'AVAILABLE');
INSERT INTO `seat_reservations` (`created_date`, `fare_class_id`, `flight_id`, `id`, `modified_date`, `created_by`, `modified_by`, `seat_number`, `seat_status`) VALUES ('2025-05-01 01:06:45.857589', 3, 5, 511, '2025-05-01 01:06:45.891722', NULL, NULL, 'STD-71', 'AVAILABLE');
INSERT INTO `seat_reservations` (`created_date`, `fare_class_id`, `flight_id`, `id`, `modified_date`, `created_by`, `modified_by`, `seat_number`, `seat_status`) VALUES ('2025-05-01 01:06:45.862084', 3, 5, 512, '2025-05-01 01:06:45.891722', NULL, NULL, 'STD-72', 'AVAILABLE');
INSERT INTO `seat_reservations` (`created_date`, `fare_class_id`, `flight_id`, `id`, `modified_date`, `created_by`, `modified_by`, `seat_number`, `seat_status`) VALUES ('2025-05-01 01:06:45.864970', 3, 5, 513, '2025-05-01 01:06:45.891722', NULL, NULL, 'STD-73', 'AVAILABLE');
INSERT INTO `seat_reservations` (`created_date`, `fare_class_id`, `flight_id`, `id`, `modified_date`, `created_by`, `modified_by`, `seat_number`, `seat_status`) VALUES ('2025-05-01 01:06:45.867729', 3, 5, 514, '2025-05-01 01:06:45.891722', NULL, NULL, 'STD-74', 'AVAILABLE');
INSERT INTO `seat_reservations` (`created_date`, `fare_class_id`, `flight_id`, `id`, `modified_date`, `created_by`, `modified_by`, `seat_number`, `seat_status`) VALUES ('2025-05-01 01:06:45.870493', 3, 5, 515, '2025-05-01 01:06:45.891722', NULL, NULL, 'STD-75', 'AVAILABLE');
INSERT INTO `seat_reservations` (`created_date`, `fare_class_id`, `flight_id`, `id`, `modified_date`, `created_by`, `modified_by`, `seat_number`, `seat_status`) VALUES ('2025-05-01 01:06:46.514514', 2, 6, 516, '2025-05-01 01:06:46.624958', NULL, NULL, 'BUS-1', 'AVAILABLE');
INSERT INTO `seat_reservations` (`created_date`, `fare_class_id`, `flight_id`, `id`, `modified_date`, `created_by`, `modified_by`, `seat_number`, `seat_status`) VALUES ('2025-05-01 01:06:46.517247', 2, 6, 517, '2025-05-01 01:06:46.624958', NULL, NULL, 'BUS-2', 'AVAILABLE');
INSERT INTO `seat_reservations` (`created_date`, `fare_class_id`, `flight_id`, `id`, `modified_date`, `created_by`, `modified_by`, `seat_number`, `seat_status`) VALUES ('2025-05-01 01:06:46.519933', 2, 6, 518, '2025-05-01 01:06:46.624958', NULL, NULL, 'BUS-3', 'AVAILABLE');
INSERT INTO `seat_reservations` (`created_date`, `fare_class_id`, `flight_id`, `id`, `modified_date`, `created_by`, `modified_by`, `seat_number`, `seat_status`) VALUES ('2025-05-01 01:06:46.522666', 2, 6, 519, '2025-05-01 01:06:46.624958', NULL, NULL, 'BUS-4', 'AVAILABLE');
INSERT INTO `seat_reservations` (`created_date`, `fare_class_id`, `flight_id`, `id`, `modified_date`, `created_by`, `modified_by`, `seat_number`, `seat_status`) VALUES ('2025-05-01 01:06:46.524981', 2, 6, 520, '2025-05-01 01:06:46.624958', NULL, NULL, 'BUS-5', 'AVAILABLE');
INSERT INTO `seat_reservations` (`created_date`, `fare_class_id`, `flight_id`, `id`, `modified_date`, `created_by`, `modified_by`, `seat_number`, `seat_status`) VALUES ('2025-05-01 01:06:46.527877', 2, 6, 521, '2025-05-01 01:06:46.624958', NULL, NULL, 'BUS-6', 'AVAILABLE');
INSERT INTO `seat_reservations` (`created_date`, `fare_class_id`, `flight_id`, `id`, `modified_date`, `created_by`, `modified_by`, `seat_number`, `seat_status`) VALUES ('2025-05-01 01:06:46.530048', 2, 6, 522, '2025-05-01 01:06:46.624958', NULL, NULL, 'BUS-7', 'AVAILABLE');
INSERT INTO `seat_reservations` (`created_date`, `fare_class_id`, `flight_id`, `id`, `modified_date`, `created_by`, `modified_by`, `seat_number`, `seat_status`) VALUES ('2025-05-01 01:06:46.532745', 2, 6, 523, '2025-05-01 01:06:46.624958', NULL, NULL, 'BUS-8', 'AVAILABLE');
INSERT INTO `seat_reservations` (`created_date`, `fare_class_id`, `flight_id`, `id`, `modified_date`, `created_by`, `modified_by`, `seat_number`, `seat_status`) VALUES ('2025-05-01 01:06:46.534932', 2, 6, 524, '2025-05-01 01:06:46.624958', NULL, NULL, 'BUS-9', 'AVAILABLE');
INSERT INTO `seat_reservations` (`created_date`, `fare_class_id`, `flight_id`, `id`, `modified_date`, `created_by`, `modified_by`, `seat_number`, `seat_status`) VALUES ('2025-05-01 01:06:46.537118', 2, 6, 525, '2025-05-01 01:06:46.624958', NULL, NULL, 'BUS-10', 'AVAILABLE');
INSERT INTO `seat_reservations` (`created_date`, `fare_class_id`, `flight_id`, `id`, `modified_date`, `created_by`, `modified_by`, `seat_number`, `seat_status`) VALUES ('2025-05-01 01:06:46.539423', 2, 6, 526, '2025-05-01 01:06:46.624958', NULL, NULL, 'BUS-11', 'AVAILABLE');
INSERT INTO `seat_reservations` (`created_date`, `fare_class_id`, `flight_id`, `id`, `modified_date`, `created_by`, `modified_by`, `seat_number`, `seat_status`) VALUES ('2025-05-01 01:06:46.542052', 2, 6, 527, '2025-05-01 01:06:46.624958', NULL, NULL, 'BUS-12', 'AVAILABLE');
INSERT INTO `seat_reservations` (`created_date`, `fare_class_id`, `flight_id`, `id`, `modified_date`, `created_by`, `modified_by`, `seat_number`, `seat_status`) VALUES ('2025-05-01 01:06:46.544263', 3, 6, 528, '2025-05-01 01:06:46.624958', NULL, NULL, 'STD-1', 'AVAILABLE');
INSERT INTO `seat_reservations` (`created_date`, `fare_class_id`, `flight_id`, `id`, `modified_date`, `created_by`, `modified_by`, `seat_number`, `seat_status`) VALUES ('2025-05-01 01:06:46.547001', 3, 6, 529, '2025-05-01 01:06:46.624958', NULL, NULL, 'STD-2', 'AVAILABLE');
INSERT INTO `seat_reservations` (`created_date`, `fare_class_id`, `flight_id`, `id`, `modified_date`, `created_by`, `modified_by`, `seat_number`, `seat_status`) VALUES ('2025-05-01 01:06:46.549160', 3, 6, 530, '2025-05-01 01:06:46.624958', NULL, NULL, 'STD-3', 'AVAILABLE');
INSERT INTO `seat_reservations` (`created_date`, `fare_class_id`, `flight_id`, `id`, `modified_date`, `created_by`, `modified_by`, `seat_number`, `seat_status`) VALUES ('2025-05-01 01:06:46.550781', 3, 6, 531, '2025-05-01 01:06:46.624958', NULL, NULL, 'STD-4', 'AVAILABLE');
INSERT INTO `seat_reservations` (`created_date`, `fare_class_id`, `flight_id`, `id`, `modified_date`, `created_by`, `modified_by`, `seat_number`, `seat_status`) VALUES ('2025-05-01 01:06:46.553426', 3, 6, 532, '2025-05-01 01:06:46.624958', NULL, NULL, 'STD-5', 'AVAILABLE');
INSERT INTO `seat_reservations` (`created_date`, `fare_class_id`, `flight_id`, `id`, `modified_date`, `created_by`, `modified_by`, `seat_number`, `seat_status`) VALUES ('2025-05-01 01:06:46.556247', 3, 6, 533, '2025-05-01 01:06:46.624958', NULL, NULL, 'STD-6', 'AVAILABLE');
INSERT INTO `seat_reservations` (`created_date`, `fare_class_id`, `flight_id`, `id`, `modified_date`, `created_by`, `modified_by`, `seat_number`, `seat_status`) VALUES ('2025-05-01 01:06:46.558948', 3, 6, 534, '2025-05-01 01:06:46.624958', NULL, NULL, 'STD-7', 'AVAILABLE');
INSERT INTO `seat_reservations` (`created_date`, `fare_class_id`, `flight_id`, `id`, `modified_date`, `created_by`, `modified_by`, `seat_number`, `seat_status`) VALUES ('2025-05-01 01:06:46.561574', 3, 6, 535, '2025-05-01 01:06:46.624958', NULL, NULL, 'STD-8', 'AVAILABLE');
INSERT INTO `seat_reservations` (`created_date`, `fare_class_id`, `flight_id`, `id`, `modified_date`, `created_by`, `modified_by`, `seat_number`, `seat_status`) VALUES ('2025-05-01 01:06:46.563994', 3, 6, 536, '2025-05-01 01:06:46.624958', NULL, NULL, 'STD-9', 'AVAILABLE');
INSERT INTO `seat_reservations` (`created_date`, `fare_class_id`, `flight_id`, `id`, `modified_date`, `created_by`, `modified_by`, `seat_number`, `seat_status`) VALUES ('2025-05-01 01:06:46.566090', 3, 6, 537, '2025-05-01 01:06:46.624958', NULL, NULL, 'STD-10', 'AVAILABLE');
INSERT INTO `seat_reservations` (`created_date`, `fare_class_id`, `flight_id`, `id`, `modified_date`, `created_by`, `modified_by`, `seat_number`, `seat_status`) VALUES ('2025-05-01 01:06:46.569484', 3, 6, 538, '2025-05-01 01:06:46.624958', NULL, NULL, 'STD-11', 'AVAILABLE');
INSERT INTO `seat_reservations` (`created_date`, `fare_class_id`, `flight_id`, `id`, `modified_date`, `created_by`, `modified_by`, `seat_number`, `seat_status`) VALUES ('2025-05-01 01:06:46.572351', 3, 6, 539, '2025-05-01 01:06:46.624958', NULL, NULL, 'STD-12', 'AVAILABLE');
INSERT INTO `seat_reservations` (`created_date`, `fare_class_id`, `flight_id`, `id`, `modified_date`, `created_by`, `modified_by`, `seat_number`, `seat_status`) VALUES ('2025-05-01 01:06:46.574598', 3, 6, 540, '2025-05-01 01:06:46.624958', NULL, NULL, 'STD-13', 'AVAILABLE');
INSERT INTO `seat_reservations` (`created_date`, `fare_class_id`, `flight_id`, `id`, `modified_date`, `created_by`, `modified_by`, `seat_number`, `seat_status`) VALUES ('2025-05-01 01:06:46.577389', 3, 6, 541, '2025-05-01 01:06:46.624958', NULL, NULL, 'STD-14', 'AVAILABLE');
INSERT INTO `seat_reservations` (`created_date`, `fare_class_id`, `flight_id`, `id`, `modified_date`, `created_by`, `modified_by`, `seat_number`, `seat_status`) VALUES ('2025-05-01 01:06:46.580036', 3, 6, 542, '2025-05-01 01:06:46.624958', NULL, NULL, 'STD-15', 'AVAILABLE');
INSERT INTO `seat_reservations` (`created_date`, `fare_class_id`, `flight_id`, `id`, `modified_date`, `created_by`, `modified_by`, `seat_number`, `seat_status`) VALUES ('2025-05-01 01:06:46.582760', 3, 6, 543, '2025-05-01 01:06:46.624958', NULL, NULL, 'STD-16', 'AVAILABLE');
INSERT INTO `seat_reservations` (`created_date`, `fare_class_id`, `flight_id`, `id`, `modified_date`, `created_by`, `modified_by`, `seat_number`, `seat_status`) VALUES ('2025-05-01 01:06:46.586334', 3, 6, 544, '2025-05-01 01:06:46.624958', NULL, NULL, 'STD-17', 'AVAILABLE');
INSERT INTO `seat_reservations` (`created_date`, `fare_class_id`, `flight_id`, `id`, `modified_date`, `created_by`, `modified_by`, `seat_number`, `seat_status`) VALUES ('2025-05-01 01:06:46.589732', 3, 6, 545, '2025-05-01 01:06:46.624958', NULL, NULL, 'STD-18', 'AVAILABLE');
INSERT INTO `seat_reservations` (`created_date`, `fare_class_id`, `flight_id`, `id`, `modified_date`, `created_by`, `modified_by`, `seat_number`, `seat_status`) VALUES ('2025-05-01 01:06:46.592418', 3, 6, 546, '2025-05-01 01:06:46.624958', NULL, NULL, 'STD-19', 'AVAILABLE');
INSERT INTO `seat_reservations` (`created_date`, `fare_class_id`, `flight_id`, `id`, `modified_date`, `created_by`, `modified_by`, `seat_number`, `seat_status`) VALUES ('2025-05-01 01:06:46.594975', 3, 6, 547, '2025-05-01 01:06:46.624958', NULL, NULL, 'STD-20', 'AVAILABLE');
INSERT INTO `seat_reservations` (`created_date`, `fare_class_id`, `flight_id`, `id`, `modified_date`, `created_by`, `modified_by`, `seat_number`, `seat_status`) VALUES ('2025-05-01 01:06:46.598257', 3, 6, 548, '2025-05-01 01:06:46.624958', NULL, NULL, 'STD-21', 'AVAILABLE');
INSERT INTO `seat_reservations` (`created_date`, `fare_class_id`, `flight_id`, `id`, `modified_date`, `created_by`, `modified_by`, `seat_number`, `seat_status`) VALUES ('2025-05-01 01:06:46.601342', 3, 6, 549, '2025-05-01 01:06:46.624958', NULL, NULL, 'STD-22', 'AVAILABLE');
INSERT INTO `seat_reservations` (`created_date`, `fare_class_id`, `flight_id`, `id`, `modified_date`, `created_by`, `modified_by`, `seat_number`, `seat_status`) VALUES ('2025-05-01 01:06:46.603920', 3, 6, 550, '2025-05-01 01:06:46.624958', NULL, NULL, 'STD-23', 'AVAILABLE');
INSERT INTO `seat_reservations` (`created_date`, `fare_class_id`, `flight_id`, `id`, `modified_date`, `created_by`, `modified_by`, `seat_number`, `seat_status`) VALUES ('2025-05-01 01:06:46.606939', 3, 6, 551, '2025-05-01 01:06:46.624958', NULL, NULL, 'STD-24', 'AVAILABLE');
INSERT INTO `seat_reservations` (`created_date`, `fare_class_id`, `flight_id`, `id`, `modified_date`, `created_by`, `modified_by`, `seat_number`, `seat_status`) VALUES ('2025-05-01 01:06:46.610026', 3, 6, 552, '2025-05-01 01:06:46.624958', NULL, NULL, 'STD-25', 'AVAILABLE');
INSERT INTO `seat_reservations` (`created_date`, `fare_class_id`, `flight_id`, `id`, `modified_date`, `created_by`, `modified_by`, `seat_number`, `seat_status`) VALUES ('2025-05-01 01:06:46.835765', 1, 7, 553, '2025-05-01 01:06:47.197786', NULL, NULL, 'PRM-1', 'AVAILABLE');
INSERT INTO `seat_reservations` (`created_date`, `fare_class_id`, `flight_id`, `id`, `modified_date`, `created_by`, `modified_by`, `seat_number`, `seat_status`) VALUES ('2025-05-01 01:06:46.838626', 1, 7, 554, '2025-05-01 01:06:47.197786', NULL, NULL, 'PRM-2', 'AVAILABLE');
INSERT INTO `seat_reservations` (`created_date`, `fare_class_id`, `flight_id`, `id`, `modified_date`, `created_by`, `modified_by`, `seat_number`, `seat_status`) VALUES ('2025-05-01 01:06:46.841975', 1, 7, 555, '2025-05-01 01:06:47.197786', NULL, NULL, 'PRM-3', 'AVAILABLE');
INSERT INTO `seat_reservations` (`created_date`, `fare_class_id`, `flight_id`, `id`, `modified_date`, `created_by`, `modified_by`, `seat_number`, `seat_status`) VALUES ('2025-05-01 01:06:46.846553', 1, 7, 556, '2025-05-01 01:06:47.197786', NULL, NULL, 'PRM-4', 'AVAILABLE');
INSERT INTO `seat_reservations` (`created_date`, `fare_class_id`, `flight_id`, `id`, `modified_date`, `created_by`, `modified_by`, `seat_number`, `seat_status`) VALUES ('2025-05-01 01:06:46.849314', 1, 7, 557, '2025-05-01 01:06:47.197786', NULL, NULL, 'PRM-5', 'AVAILABLE');
INSERT INTO `seat_reservations` (`created_date`, `fare_class_id`, `flight_id`, `id`, `modified_date`, `created_by`, `modified_by`, `seat_number`, `seat_status`) VALUES ('2025-05-01 01:06:46.851519', 1, 7, 558, '2025-05-01 01:06:47.197786', NULL, NULL, 'PRM-6', 'AVAILABLE');
INSERT INTO `seat_reservations` (`created_date`, `fare_class_id`, `flight_id`, `id`, `modified_date`, `created_by`, `modified_by`, `seat_number`, `seat_status`) VALUES ('2025-05-01 01:06:46.855360', 1, 7, 559, '2025-05-01 01:06:47.197786', NULL, NULL, 'PRM-7', 'AVAILABLE');
INSERT INTO `seat_reservations` (`created_date`, `fare_class_id`, `flight_id`, `id`, `modified_date`, `created_by`, `modified_by`, `seat_number`, `seat_status`) VALUES ('2025-05-01 01:06:46.858650', 1, 7, 560, '2025-05-01 01:06:47.197786', NULL, NULL, 'PRM-8', 'AVAILABLE');
INSERT INTO `seat_reservations` (`created_date`, `fare_class_id`, `flight_id`, `id`, `modified_date`, `created_by`, `modified_by`, `seat_number`, `seat_status`) VALUES ('2025-05-01 01:06:46.862306', 1, 7, 561, '2025-05-01 01:06:47.197786', NULL, NULL, 'PRM-9', 'AVAILABLE');
INSERT INTO `seat_reservations` (`created_date`, `fare_class_id`, `flight_id`, `id`, `modified_date`, `created_by`, `modified_by`, `seat_number`, `seat_status`) VALUES ('2025-05-01 01:06:46.865615', 1, 7, 562, '2025-05-01 01:06:47.197786', NULL, NULL, 'PRM-10', 'AVAILABLE');
INSERT INTO `seat_reservations` (`created_date`, `fare_class_id`, `flight_id`, `id`, `modified_date`, `created_by`, `modified_by`, `seat_number`, `seat_status`) VALUES ('2025-05-01 01:06:46.868329', 1, 7, 563, '2025-05-01 01:06:47.197786', NULL, NULL, 'PRM-11', 'AVAILABLE');
INSERT INTO `seat_reservations` (`created_date`, `fare_class_id`, `flight_id`, `id`, `modified_date`, `created_by`, `modified_by`, `seat_number`, `seat_status`) VALUES ('2025-05-01 01:06:46.871066', 1, 7, 564, '2025-05-01 01:06:47.197786', NULL, NULL, 'PRM-12', 'AVAILABLE');
INSERT INTO `seat_reservations` (`created_date`, `fare_class_id`, `flight_id`, `id`, `modified_date`, `created_by`, `modified_by`, `seat_number`, `seat_status`) VALUES ('2025-05-01 01:06:46.874488', 1, 7, 565, '2025-05-01 01:06:47.197786', NULL, NULL, 'PRM-13', 'AVAILABLE');
INSERT INTO `seat_reservations` (`created_date`, `fare_class_id`, `flight_id`, `id`, `modified_date`, `created_by`, `modified_by`, `seat_number`, `seat_status`) VALUES ('2025-05-01 01:06:46.878120', 1, 7, 566, '2025-05-01 01:06:47.197786', NULL, NULL, 'PRM-14', 'AVAILABLE');
INSERT INTO `seat_reservations` (`created_date`, `fare_class_id`, `flight_id`, `id`, `modified_date`, `created_by`, `modified_by`, `seat_number`, `seat_status`) VALUES ('2025-05-01 01:06:46.880960', 1, 7, 567, '2025-05-01 01:06:47.198322', NULL, NULL, 'PRM-15', 'AVAILABLE');
INSERT INTO `seat_reservations` (`created_date`, `fare_class_id`, `flight_id`, `id`, `modified_date`, `created_by`, `modified_by`, `seat_number`, `seat_status`) VALUES ('2025-05-01 01:06:46.884223', 1, 7, 568, '2025-05-01 01:06:47.198322', NULL, NULL, 'PRM-16', 'AVAILABLE');
INSERT INTO `seat_reservations` (`created_date`, `fare_class_id`, `flight_id`, `id`, `modified_date`, `created_by`, `modified_by`, `seat_number`, `seat_status`) VALUES ('2025-05-01 01:06:46.886939', 1, 7, 569, '2025-05-01 01:06:47.198322', NULL, NULL, 'PRM-17', 'AVAILABLE');
INSERT INTO `seat_reservations` (`created_date`, `fare_class_id`, `flight_id`, `id`, `modified_date`, `created_by`, `modified_by`, `seat_number`, `seat_status`) VALUES ('2025-05-01 01:06:46.889103', 1, 7, 570, '2025-05-01 01:06:47.198322', NULL, NULL, 'PRM-18', 'AVAILABLE');
INSERT INTO `seat_reservations` (`created_date`, `fare_class_id`, `flight_id`, `id`, `modified_date`, `created_by`, `modified_by`, `seat_number`, `seat_status`) VALUES ('2025-05-01 01:06:46.892680', 1, 7, 571, '2025-05-01 01:06:47.198322', NULL, NULL, 'PRM-19', 'AVAILABLE');
INSERT INTO `seat_reservations` (`created_date`, `fare_class_id`, `flight_id`, `id`, `modified_date`, `created_by`, `modified_by`, `seat_number`, `seat_status`) VALUES ('2025-05-01 01:06:46.896035', 1, 7, 572, '2025-05-01 01:06:47.198322', NULL, NULL, 'PRM-20', 'AVAILABLE');
INSERT INTO `seat_reservations` (`created_date`, `fare_class_id`, `flight_id`, `id`, `modified_date`, `created_by`, `modified_by`, `seat_number`, `seat_status`) VALUES ('2025-05-01 01:06:46.898198', 1, 7, 573, '2025-05-01 01:06:47.198322', NULL, NULL, 'PRM-21', 'AVAILABLE');
INSERT INTO `seat_reservations` (`created_date`, `fare_class_id`, `flight_id`, `id`, `modified_date`, `created_by`, `modified_by`, `seat_number`, `seat_status`) VALUES ('2025-05-01 01:06:46.911699', 2, 7, 574, '2025-05-01 01:06:47.198322', NULL, NULL, 'BUS-1', 'AVAILABLE');
INSERT INTO `seat_reservations` (`created_date`, `fare_class_id`, `flight_id`, `id`, `modified_date`, `created_by`, `modified_by`, `seat_number`, `seat_status`) VALUES ('2025-05-01 01:06:46.915214', 2, 7, 575, '2025-05-01 01:06:47.198322', NULL, NULL, 'BUS-2', 'AVAILABLE');
INSERT INTO `seat_reservations` (`created_date`, `fare_class_id`, `flight_id`, `id`, `modified_date`, `created_by`, `modified_by`, `seat_number`, `seat_status`) VALUES ('2025-05-01 01:06:46.917400', 2, 7, 576, '2025-05-01 01:06:47.198322', NULL, NULL, 'BUS-3', 'AVAILABLE');
INSERT INTO `seat_reservations` (`created_date`, `fare_class_id`, `flight_id`, `id`, `modified_date`, `created_by`, `modified_by`, `seat_number`, `seat_status`) VALUES ('2025-05-01 01:06:46.920072', 2, 7, 577, '2025-05-01 01:06:47.198322', NULL, NULL, 'BUS-4', 'AVAILABLE');
INSERT INTO `seat_reservations` (`created_date`, `fare_class_id`, `flight_id`, `id`, `modified_date`, `created_by`, `modified_by`, `seat_number`, `seat_status`) VALUES ('2025-05-01 01:06:46.922356', 2, 7, 578, '2025-05-01 01:06:47.198322', NULL, NULL, 'BUS-5', 'AVAILABLE');
INSERT INTO `seat_reservations` (`created_date`, `fare_class_id`, `flight_id`, `id`, `modified_date`, `created_by`, `modified_by`, `seat_number`, `seat_status`) VALUES ('2025-05-01 01:06:46.925027', 2, 7, 579, '2025-05-01 01:06:47.198322', NULL, NULL, 'BUS-6', 'AVAILABLE');
INSERT INTO `seat_reservations` (`created_date`, `fare_class_id`, `flight_id`, `id`, `modified_date`, `created_by`, `modified_by`, `seat_number`, `seat_status`) VALUES ('2025-05-01 01:06:46.928320', 2, 7, 580, '2025-05-01 01:06:47.198322', NULL, NULL, 'BUS-7', 'AVAILABLE');
INSERT INTO `seat_reservations` (`created_date`, `fare_class_id`, `flight_id`, `id`, `modified_date`, `created_by`, `modified_by`, `seat_number`, `seat_status`) VALUES ('2025-05-01 01:06:46.930246', 2, 7, 581, '2025-05-01 01:06:47.198322', NULL, NULL, 'BUS-8', 'AVAILABLE');
INSERT INTO `seat_reservations` (`created_date`, `fare_class_id`, `flight_id`, `id`, `modified_date`, `created_by`, `modified_by`, `seat_number`, `seat_status`) VALUES ('2025-05-01 01:06:46.932374', 2, 7, 582, '2025-05-01 01:06:47.198322', NULL, NULL, 'BUS-9', 'AVAILABLE');
INSERT INTO `seat_reservations` (`created_date`, `fare_class_id`, `flight_id`, `id`, `modified_date`, `created_by`, `modified_by`, `seat_number`, `seat_status`) VALUES ('2025-05-01 01:06:46.935145', 2, 7, 583, '2025-05-01 01:06:47.198322', NULL, NULL, 'BUS-10', 'AVAILABLE');
INSERT INTO `seat_reservations` (`created_date`, `fare_class_id`, `flight_id`, `id`, `modified_date`, `created_by`, `modified_by`, `seat_number`, `seat_status`) VALUES ('2025-05-01 01:06:46.938037', 2, 7, 584, '2025-05-01 01:06:47.198322', NULL, NULL, 'BUS-11', 'AVAILABLE');
INSERT INTO `seat_reservations` (`created_date`, `fare_class_id`, `flight_id`, `id`, `modified_date`, `created_by`, `modified_by`, `seat_number`, `seat_status`) VALUES ('2025-05-01 01:06:46.940774', 2, 7, 585, '2025-05-01 01:06:47.198322', NULL, NULL, 'BUS-12', 'AVAILABLE');
INSERT INTO `seat_reservations` (`created_date`, `fare_class_id`, `flight_id`, `id`, `modified_date`, `created_by`, `modified_by`, `seat_number`, `seat_status`) VALUES ('2025-05-01 01:06:46.943487', 2, 7, 586, '2025-05-01 01:06:47.198322', NULL, NULL, 'BUS-13', 'AVAILABLE');
INSERT INTO `seat_reservations` (`created_date`, `fare_class_id`, `flight_id`, `id`, `modified_date`, `created_by`, `modified_by`, `seat_number`, `seat_status`) VALUES ('2025-05-01 01:06:46.945702', 2, 7, 587, '2025-05-01 01:06:47.198322', NULL, NULL, 'BUS-14', 'AVAILABLE');
INSERT INTO `seat_reservations` (`created_date`, `fare_class_id`, `flight_id`, `id`, `modified_date`, `created_by`, `modified_by`, `seat_number`, `seat_status`) VALUES ('2025-05-01 01:06:46.947847', 2, 7, 588, '2025-05-01 01:06:47.198322', NULL, NULL, 'BUS-15', 'AVAILABLE');
INSERT INTO `seat_reservations` (`created_date`, `fare_class_id`, `flight_id`, `id`, `modified_date`, `created_by`, `modified_by`, `seat_number`, `seat_status`) VALUES ('2025-05-01 01:06:46.950459', 2, 7, 589, '2025-05-01 01:06:47.198322', NULL, NULL, 'BUS-16', 'AVAILABLE');
INSERT INTO `seat_reservations` (`created_date`, `fare_class_id`, `flight_id`, `id`, `modified_date`, `created_by`, `modified_by`, `seat_number`, `seat_status`) VALUES ('2025-05-01 01:06:46.952730', 2, 7, 590, '2025-05-01 01:06:47.198322', NULL, NULL, 'BUS-17', 'AVAILABLE');
INSERT INTO `seat_reservations` (`created_date`, `fare_class_id`, `flight_id`, `id`, `modified_date`, `created_by`, `modified_by`, `seat_number`, `seat_status`) VALUES ('2025-05-01 01:06:46.954919', 2, 7, 591, '2025-05-01 01:06:47.198322', NULL, NULL, 'BUS-18', 'AVAILABLE');
INSERT INTO `seat_reservations` (`created_date`, `fare_class_id`, `flight_id`, `id`, `modified_date`, `created_by`, `modified_by`, `seat_number`, `seat_status`) VALUES ('2025-05-01 01:06:46.957105', 2, 7, 592, '2025-05-01 01:06:47.198322', NULL, NULL, 'BUS-19', 'AVAILABLE');
INSERT INTO `seat_reservations` (`created_date`, `fare_class_id`, `flight_id`, `id`, `modified_date`, `created_by`, `modified_by`, `seat_number`, `seat_status`) VALUES ('2025-05-01 01:06:46.959774', 2, 7, 593, '2025-05-01 01:06:47.198322', NULL, NULL, 'BUS-20', 'AVAILABLE');
INSERT INTO `seat_reservations` (`created_date`, `fare_class_id`, `flight_id`, `id`, `modified_date`, `created_by`, `modified_by`, `seat_number`, `seat_status`) VALUES ('2025-05-01 01:06:46.962034', 2, 7, 594, '2025-05-01 01:06:47.198322', NULL, NULL, 'BUS-21', 'AVAILABLE');
INSERT INTO `seat_reservations` (`created_date`, `fare_class_id`, `flight_id`, `id`, `modified_date`, `created_by`, `modified_by`, `seat_number`, `seat_status`) VALUES ('2025-05-01 01:06:46.964296', 2, 7, 595, '2025-05-01 01:06:47.198322', NULL, NULL, 'BUS-22', 'AVAILABLE');
INSERT INTO `seat_reservations` (`created_date`, `fare_class_id`, `flight_id`, `id`, `modified_date`, `created_by`, `modified_by`, `seat_number`, `seat_status`) VALUES ('2025-05-01 01:06:46.967099', 2, 7, 596, '2025-05-01 01:06:47.198322', NULL, NULL, 'BUS-23', 'AVAILABLE');
INSERT INTO `seat_reservations` (`created_date`, `fare_class_id`, `flight_id`, `id`, `modified_date`, `created_by`, `modified_by`, `seat_number`, `seat_status`) VALUES ('2025-05-01 01:06:46.969295', 2, 7, 597, '2025-05-01 01:06:47.198322', NULL, NULL, 'BUS-24', 'AVAILABLE');
INSERT INTO `seat_reservations` (`created_date`, `fare_class_id`, `flight_id`, `id`, `modified_date`, `created_by`, `modified_by`, `seat_number`, `seat_status`) VALUES ('2025-05-01 01:06:46.971998', 2, 7, 598, '2025-05-01 01:06:47.198322', NULL, NULL, 'BUS-25', 'AVAILABLE');
INSERT INTO `seat_reservations` (`created_date`, `fare_class_id`, `flight_id`, `id`, `modified_date`, `created_by`, `modified_by`, `seat_number`, `seat_status`) VALUES ('2025-05-01 01:06:46.976396', 2, 7, 599, '2025-05-01 01:06:47.198322', NULL, NULL, 'BUS-26', 'AVAILABLE');
INSERT INTO `seat_reservations` (`created_date`, `fare_class_id`, `flight_id`, `id`, `modified_date`, `created_by`, `modified_by`, `seat_number`, `seat_status`) VALUES ('2025-05-01 01:06:46.979085', 2, 7, 600, '2025-05-01 01:06:47.198322', NULL, NULL, 'BUS-27', 'AVAILABLE');
INSERT INTO `seat_reservations` (`created_date`, `fare_class_id`, `flight_id`, `id`, `modified_date`, `created_by`, `modified_by`, `seat_number`, `seat_status`) VALUES ('2025-05-01 01:06:46.981241', 2, 7, 601, '2025-05-01 01:06:47.198322', NULL, NULL, 'BUS-28', 'AVAILABLE');
INSERT INTO `seat_reservations` (`created_date`, `fare_class_id`, `flight_id`, `id`, `modified_date`, `created_by`, `modified_by`, `seat_number`, `seat_status`) VALUES ('2025-05-01 01:06:46.984227', 2, 7, 602, '2025-05-01 01:06:47.198322', NULL, NULL, 'BUS-29', 'AVAILABLE');
INSERT INTO `seat_reservations` (`created_date`, `fare_class_id`, `flight_id`, `id`, `modified_date`, `created_by`, `modified_by`, `seat_number`, `seat_status`) VALUES ('2025-05-01 01:06:46.986343', 2, 7, 603, '2025-05-01 01:06:47.198322', NULL, NULL, 'BUS-30', 'AVAILABLE');
INSERT INTO `seat_reservations` (`created_date`, `fare_class_id`, `flight_id`, `id`, `modified_date`, `created_by`, `modified_by`, `seat_number`, `seat_status`) VALUES ('2025-05-01 01:06:46.988511', 2, 7, 604, '2025-05-01 01:06:47.198322', NULL, NULL, 'BUS-31', 'AVAILABLE');
INSERT INTO `seat_reservations` (`created_date`, `fare_class_id`, `flight_id`, `id`, `modified_date`, `created_by`, `modified_by`, `seat_number`, `seat_status`) VALUES ('2025-05-01 01:06:46.991239', 2, 7, 605, '2025-05-01 01:06:47.198322', NULL, NULL, 'BUS-32', 'AVAILABLE');
INSERT INTO `seat_reservations` (`created_date`, `fare_class_id`, `flight_id`, `id`, `modified_date`, `created_by`, `modified_by`, `seat_number`, `seat_status`) VALUES ('2025-05-01 01:06:46.993999', 2, 7, 606, '2025-05-01 01:06:47.198322', NULL, NULL, 'BUS-33', 'AVAILABLE');
INSERT INTO `seat_reservations` (`created_date`, `fare_class_id`, `flight_id`, `id`, `modified_date`, `created_by`, `modified_by`, `seat_number`, `seat_status`) VALUES ('2025-05-01 01:06:46.996199', 2, 7, 607, '2025-05-01 01:06:47.198322', NULL, NULL, 'BUS-34', 'AVAILABLE');
INSERT INTO `seat_reservations` (`created_date`, `fare_class_id`, `flight_id`, `id`, `modified_date`, `created_by`, `modified_by`, `seat_number`, `seat_status`) VALUES ('2025-05-01 01:06:46.999025', 2, 7, 608, '2025-05-01 01:06:47.198322', NULL, NULL, 'BUS-35', 'AVAILABLE');
INSERT INTO `seat_reservations` (`created_date`, `fare_class_id`, `flight_id`, `id`, `modified_date`, `created_by`, `modified_by`, `seat_number`, `seat_status`) VALUES ('2025-05-01 01:06:47.001821', 2, 7, 609, '2025-05-01 01:06:47.198322', NULL, NULL, 'BUS-36', 'AVAILABLE');
INSERT INTO `seat_reservations` (`created_date`, `fare_class_id`, `flight_id`, `id`, `modified_date`, `created_by`, `modified_by`, `seat_number`, `seat_status`) VALUES ('2025-05-01 01:06:47.005093', 2, 7, 610, '2025-05-01 01:06:47.198322', NULL, NULL, 'BUS-37', 'AVAILABLE');
INSERT INTO `seat_reservations` (`created_date`, `fare_class_id`, `flight_id`, `id`, `modified_date`, `created_by`, `modified_by`, `seat_number`, `seat_status`) VALUES ('2025-05-01 01:06:47.007815', 2, 7, 611, '2025-05-01 01:06:47.198322', NULL, NULL, 'BUS-38', 'AVAILABLE');
INSERT INTO `seat_reservations` (`created_date`, `fare_class_id`, `flight_id`, `id`, `modified_date`, `created_by`, `modified_by`, `seat_number`, `seat_status`) VALUES ('2025-05-01 01:06:47.011646', 2, 7, 612, '2025-05-01 01:06:47.198322', NULL, NULL, 'BUS-39', 'AVAILABLE');
INSERT INTO `seat_reservations` (`created_date`, `fare_class_id`, `flight_id`, `id`, `modified_date`, `created_by`, `modified_by`, `seat_number`, `seat_status`) VALUES ('2025-05-01 01:06:47.014420', 2, 7, 613, '2025-05-01 01:06:47.198322', NULL, NULL, 'BUS-40', 'AVAILABLE');
INSERT INTO `seat_reservations` (`created_date`, `fare_class_id`, `flight_id`, `id`, `modified_date`, `created_by`, `modified_by`, `seat_number`, `seat_status`) VALUES ('2025-05-01 01:06:47.016990', 2, 7, 614, '2025-05-01 01:06:47.198322', NULL, NULL, 'BUS-41', 'AVAILABLE');
INSERT INTO `seat_reservations` (`created_date`, `fare_class_id`, `flight_id`, `id`, `modified_date`, `created_by`, `modified_by`, `seat_number`, `seat_status`) VALUES ('2025-05-01 01:06:47.021553', 2, 7, 615, '2025-05-01 01:06:47.198322', NULL, NULL, 'BUS-42', 'AVAILABLE');
INSERT INTO `seat_reservations` (`created_date`, `fare_class_id`, `flight_id`, `id`, `modified_date`, `created_by`, `modified_by`, `seat_number`, `seat_status`) VALUES ('2025-05-01 01:06:47.029685', 2, 7, 616, '2025-05-01 01:06:47.198322', NULL, NULL, 'BUS-43', 'AVAILABLE');
INSERT INTO `seat_reservations` (`created_date`, `fare_class_id`, `flight_id`, `id`, `modified_date`, `created_by`, `modified_by`, `seat_number`, `seat_status`) VALUES ('2025-05-01 01:06:47.032364', 2, 7, 617, '2025-05-01 01:06:47.198322', NULL, NULL, 'BUS-44', 'AVAILABLE');
INSERT INTO `seat_reservations` (`created_date`, `fare_class_id`, `flight_id`, `id`, `modified_date`, `created_by`, `modified_by`, `seat_number`, `seat_status`) VALUES ('2025-05-01 01:06:47.035175', 2, 7, 618, '2025-05-01 01:06:47.198322', NULL, NULL, 'BUS-45', 'AVAILABLE');
INSERT INTO `seat_reservations` (`created_date`, `fare_class_id`, `flight_id`, `id`, `modified_date`, `created_by`, `modified_by`, `seat_number`, `seat_status`) VALUES ('2025-05-01 01:06:47.037376', 2, 7, 619, '2025-05-01 01:06:47.198322', NULL, NULL, 'BUS-46', 'AVAILABLE');
INSERT INTO `seat_reservations` (`created_date`, `fare_class_id`, `flight_id`, `id`, `modified_date`, `created_by`, `modified_by`, `seat_number`, `seat_status`) VALUES ('2025-05-01 01:06:47.040703', 2, 7, 620, '2025-05-01 01:06:47.198322', NULL, NULL, 'BUS-47', 'AVAILABLE');
INSERT INTO `seat_reservations` (`created_date`, `fare_class_id`, `flight_id`, `id`, `modified_date`, `created_by`, `modified_by`, `seat_number`, `seat_status`) VALUES ('2025-05-01 01:06:47.044143', 2, 7, 621, '2025-05-01 01:06:47.198322', NULL, NULL, 'BUS-48', 'AVAILABLE');
INSERT INTO `seat_reservations` (`created_date`, `fare_class_id`, `flight_id`, `id`, `modified_date`, `created_by`, `modified_by`, `seat_number`, `seat_status`) VALUES ('2025-05-01 01:06:47.046930', 3, 7, 622, '2025-05-01 01:06:47.198899', NULL, NULL, 'STD-1', 'AVAILABLE');
INSERT INTO `seat_reservations` (`created_date`, `fare_class_id`, `flight_id`, `id`, `modified_date`, `created_by`, `modified_by`, `seat_number`, `seat_status`) VALUES ('2025-05-01 01:06:47.049658', 3, 7, 623, '2025-05-01 01:06:47.198899', NULL, NULL, 'STD-2', 'AVAILABLE');
INSERT INTO `seat_reservations` (`created_date`, `fare_class_id`, `flight_id`, `id`, `modified_date`, `created_by`, `modified_by`, `seat_number`, `seat_status`) VALUES ('2025-05-01 01:06:47.053021', 3, 7, 624, '2025-05-01 01:06:47.198899', NULL, NULL, 'STD-3', 'AVAILABLE');
INSERT INTO `seat_reservations` (`created_date`, `fare_class_id`, `flight_id`, `id`, `modified_date`, `created_by`, `modified_by`, `seat_number`, `seat_status`) VALUES ('2025-05-01 01:06:47.055733', 3, 7, 625, '2025-05-01 01:06:47.198899', NULL, NULL, 'STD-4', 'AVAILABLE');
INSERT INTO `seat_reservations` (`created_date`, `fare_class_id`, `flight_id`, `id`, `modified_date`, `created_by`, `modified_by`, `seat_number`, `seat_status`) VALUES ('2025-05-01 01:06:47.058949', 3, 7, 626, '2025-05-01 01:06:47.198899', NULL, NULL, 'STD-5', 'AVAILABLE');
INSERT INTO `seat_reservations` (`created_date`, `fare_class_id`, `flight_id`, `id`, `modified_date`, `created_by`, `modified_by`, `seat_number`, `seat_status`) VALUES ('2025-05-01 01:06:47.063599', 3, 7, 627, '2025-05-01 01:06:47.198899', NULL, NULL, 'STD-6', 'AVAILABLE');
INSERT INTO `seat_reservations` (`created_date`, `fare_class_id`, `flight_id`, `id`, `modified_date`, `created_by`, `modified_by`, `seat_number`, `seat_status`) VALUES ('2025-05-01 01:06:47.066294', 3, 7, 628, '2025-05-01 01:06:47.198899', NULL, NULL, 'STD-7', 'AVAILABLE');
INSERT INTO `seat_reservations` (`created_date`, `fare_class_id`, `flight_id`, `id`, `modified_date`, `created_by`, `modified_by`, `seat_number`, `seat_status`) VALUES ('2025-05-01 01:06:47.069070', 3, 7, 629, '2025-05-01 01:06:47.198899', NULL, NULL, 'STD-8', 'AVAILABLE');
INSERT INTO `seat_reservations` (`created_date`, `fare_class_id`, `flight_id`, `id`, `modified_date`, `created_by`, `modified_by`, `seat_number`, `seat_status`) VALUES ('2025-05-01 01:06:47.072416', 3, 7, 630, '2025-05-01 01:06:47.198899', NULL, NULL, 'STD-9', 'AVAILABLE');
INSERT INTO `seat_reservations` (`created_date`, `fare_class_id`, `flight_id`, `id`, `modified_date`, `created_by`, `modified_by`, `seat_number`, `seat_status`) VALUES ('2025-05-01 01:06:47.075833', 3, 7, 631, '2025-05-01 01:06:47.198899', NULL, NULL, 'STD-10', 'AVAILABLE');
INSERT INTO `seat_reservations` (`created_date`, `fare_class_id`, `flight_id`, `id`, `modified_date`, `created_by`, `modified_by`, `seat_number`, `seat_status`) VALUES ('2025-05-01 01:06:47.081200', 3, 7, 632, '2025-05-01 01:06:47.198899', NULL, NULL, 'STD-11', 'AVAILABLE');
INSERT INTO `seat_reservations` (`created_date`, `fare_class_id`, `flight_id`, `id`, `modified_date`, `created_by`, `modified_by`, `seat_number`, `seat_status`) VALUES ('2025-05-01 01:06:47.083416', 3, 7, 633, '2025-05-01 01:06:47.198899', NULL, NULL, 'STD-12', 'AVAILABLE');
INSERT INTO `seat_reservations` (`created_date`, `fare_class_id`, `flight_id`, `id`, `modified_date`, `created_by`, `modified_by`, `seat_number`, `seat_status`) VALUES ('2025-05-01 01:06:47.086241', 3, 7, 634, '2025-05-01 01:06:47.198899', NULL, NULL, 'STD-13', 'AVAILABLE');
INSERT INTO `seat_reservations` (`created_date`, `fare_class_id`, `flight_id`, `id`, `modified_date`, `created_by`, `modified_by`, `seat_number`, `seat_status`) VALUES ('2025-05-01 01:06:47.089714', 3, 7, 635, '2025-05-01 01:06:47.198899', NULL, NULL, 'STD-14', 'AVAILABLE');
INSERT INTO `seat_reservations` (`created_date`, `fare_class_id`, `flight_id`, `id`, `modified_date`, `created_by`, `modified_by`, `seat_number`, `seat_status`) VALUES ('2025-05-01 01:06:47.093177', 3, 7, 636, '2025-05-01 01:06:47.198899', NULL, NULL, 'STD-15', 'AVAILABLE');
INSERT INTO `seat_reservations` (`created_date`, `fare_class_id`, `flight_id`, `id`, `modified_date`, `created_by`, `modified_by`, `seat_number`, `seat_status`) VALUES ('2025-05-01 01:06:47.095851', 3, 7, 637, '2025-05-01 01:06:47.198899', NULL, NULL, 'STD-16', 'AVAILABLE');
INSERT INTO `seat_reservations` (`created_date`, `fare_class_id`, `flight_id`, `id`, `modified_date`, `created_by`, `modified_by`, `seat_number`, `seat_status`) VALUES ('2025-05-01 01:06:47.099179', 3, 7, 638, '2025-05-01 01:06:47.198899', NULL, NULL, 'STD-17', 'AVAILABLE');
INSERT INTO `seat_reservations` (`created_date`, `fare_class_id`, `flight_id`, `id`, `modified_date`, `created_by`, `modified_by`, `seat_number`, `seat_status`) VALUES ('2025-05-01 01:06:47.101860', 3, 7, 639, '2025-05-01 01:06:47.198899', NULL, NULL, 'STD-18', 'AVAILABLE');
INSERT INTO `seat_reservations` (`created_date`, `fare_class_id`, `flight_id`, `id`, `modified_date`, `created_by`, `modified_by`, `seat_number`, `seat_status`) VALUES ('2025-05-01 01:06:47.105762', 3, 7, 640, '2025-05-01 01:06:47.198899', NULL, NULL, 'STD-19', 'AVAILABLE');
INSERT INTO `seat_reservations` (`created_date`, `fare_class_id`, `flight_id`, `id`, `modified_date`, `created_by`, `modified_by`, `seat_number`, `seat_status`) VALUES ('2025-05-01 01:06:47.107928', 3, 7, 641, '2025-05-01 01:06:47.198899', NULL, NULL, 'STD-20', 'AVAILABLE');
INSERT INTO `seat_reservations` (`created_date`, `fare_class_id`, `flight_id`, `id`, `modified_date`, `created_by`, `modified_by`, `seat_number`, `seat_status`) VALUES ('2025-05-01 01:06:47.111294', 3, 7, 642, '2025-05-01 01:06:47.198899', NULL, NULL, 'STD-21', 'AVAILABLE');
INSERT INTO `seat_reservations` (`created_date`, `fare_class_id`, `flight_id`, `id`, `modified_date`, `created_by`, `modified_by`, `seat_number`, `seat_status`) VALUES ('2025-05-01 01:06:47.113427', 3, 7, 643, '2025-05-01 01:06:47.198899', NULL, NULL, 'STD-22', 'AVAILABLE');
INSERT INTO `seat_reservations` (`created_date`, `fare_class_id`, `flight_id`, `id`, `modified_date`, `created_by`, `modified_by`, `seat_number`, `seat_status`) VALUES ('2025-05-01 01:06:47.116136', 3, 7, 644, '2025-05-01 01:06:47.198899', NULL, NULL, 'STD-23', 'AVAILABLE');
INSERT INTO `seat_reservations` (`created_date`, `fare_class_id`, `flight_id`, `id`, `modified_date`, `created_by`, `modified_by`, `seat_number`, `seat_status`) VALUES ('2025-05-01 01:06:47.118776', 3, 7, 645, '2025-05-01 01:06:47.198899', NULL, NULL, 'STD-24', 'AVAILABLE');
INSERT INTO `seat_reservations` (`created_date`, `fare_class_id`, `flight_id`, `id`, `modified_date`, `created_by`, `modified_by`, `seat_number`, `seat_status`) VALUES ('2025-05-01 01:06:47.121118', 3, 7, 646, '2025-05-01 01:06:47.198899', NULL, NULL, 'STD-25', 'AVAILABLE');
INSERT INTO `seat_reservations` (`created_date`, `fare_class_id`, `flight_id`, `id`, `modified_date`, `created_by`, `modified_by`, `seat_number`, `seat_status`) VALUES ('2025-05-01 01:06:47.123270', 3, 7, 647, '2025-05-01 01:06:47.198899', NULL, NULL, 'STD-26', 'AVAILABLE');
INSERT INTO `seat_reservations` (`created_date`, `fare_class_id`, `flight_id`, `id`, `modified_date`, `created_by`, `modified_by`, `seat_number`, `seat_status`) VALUES ('2025-05-01 01:06:47.126129', 3, 7, 648, '2025-05-01 01:06:47.198899', NULL, NULL, 'STD-27', 'AVAILABLE');
INSERT INTO `seat_reservations` (`created_date`, `fare_class_id`, `flight_id`, `id`, `modified_date`, `created_by`, `modified_by`, `seat_number`, `seat_status`) VALUES ('2025-05-01 01:06:47.128852', 3, 7, 649, '2025-05-01 01:06:47.198899', NULL, NULL, 'STD-28', 'AVAILABLE');
INSERT INTO `seat_reservations` (`created_date`, `fare_class_id`, `flight_id`, `id`, `modified_date`, `created_by`, `modified_by`, `seat_number`, `seat_status`) VALUES ('2025-05-01 01:06:47.131065', 3, 7, 650, '2025-05-01 01:06:47.198899', NULL, NULL, 'STD-29', 'AVAILABLE');
INSERT INTO `seat_reservations` (`created_date`, `fare_class_id`, `flight_id`, `id`, `modified_date`, `created_by`, `modified_by`, `seat_number`, `seat_status`) VALUES ('2025-05-01 01:06:47.133759', 3, 7, 651, '2025-05-01 01:06:47.198899', NULL, NULL, 'STD-30', 'AVAILABLE');
INSERT INTO `seat_reservations` (`created_date`, `fare_class_id`, `flight_id`, `id`, `modified_date`, `created_by`, `modified_by`, `seat_number`, `seat_status`) VALUES ('2025-05-01 01:06:47.136649', 3, 7, 652, '2025-05-01 01:06:47.198899', NULL, NULL, 'STD-31', 'AVAILABLE');
INSERT INTO `seat_reservations` (`created_date`, `fare_class_id`, `flight_id`, `id`, `modified_date`, `created_by`, `modified_by`, `seat_number`, `seat_status`) VALUES ('2025-05-01 01:06:47.138833', 3, 7, 653, '2025-05-01 01:06:47.198899', NULL, NULL, 'STD-32', 'AVAILABLE');
INSERT INTO `seat_reservations` (`created_date`, `fare_class_id`, `flight_id`, `id`, `modified_date`, `created_by`, `modified_by`, `seat_number`, `seat_status`) VALUES ('2025-05-01 01:06:47.142218', 3, 7, 654, '2025-05-01 01:06:47.198899', NULL, NULL, 'STD-33', 'AVAILABLE');
INSERT INTO `seat_reservations` (`created_date`, `fare_class_id`, `flight_id`, `id`, `modified_date`, `created_by`, `modified_by`, `seat_number`, `seat_status`) VALUES ('2025-05-01 01:06:47.145218', 3, 7, 655, '2025-05-01 01:06:47.198899', NULL, NULL, 'STD-34', 'AVAILABLE');
INSERT INTO `seat_reservations` (`created_date`, `fare_class_id`, `flight_id`, `id`, `modified_date`, `created_by`, `modified_by`, `seat_number`, `seat_status`) VALUES ('2025-05-01 01:06:47.147420', 3, 7, 656, '2025-05-01 01:06:47.198899', NULL, NULL, 'STD-35', 'AVAILABLE');
INSERT INTO `seat_reservations` (`created_date`, `fare_class_id`, `flight_id`, `id`, `modified_date`, `created_by`, `modified_by`, `seat_number`, `seat_status`) VALUES ('2025-05-01 01:06:47.149537', 3, 7, 657, '2025-05-01 01:06:47.198899', NULL, NULL, 'STD-36', 'AVAILABLE');
INSERT INTO `seat_reservations` (`created_date`, `fare_class_id`, `flight_id`, `id`, `modified_date`, `created_by`, `modified_by`, `seat_number`, `seat_status`) VALUES ('2025-05-01 01:06:47.152368', 3, 7, 658, '2025-05-01 01:06:47.198899', NULL, NULL, 'STD-37', 'AVAILABLE');
INSERT INTO `seat_reservations` (`created_date`, `fare_class_id`, `flight_id`, `id`, `modified_date`, `created_by`, `modified_by`, `seat_number`, `seat_status`) VALUES ('2025-05-01 01:06:47.154568', 3, 7, 659, '2025-05-01 01:06:47.198899', NULL, NULL, 'STD-38', 'AVAILABLE');
INSERT INTO `seat_reservations` (`created_date`, `fare_class_id`, `flight_id`, `id`, `modified_date`, `created_by`, `modified_by`, `seat_number`, `seat_status`) VALUES ('2025-05-01 01:06:47.157301', 3, 7, 660, '2025-05-01 01:06:47.198899', NULL, NULL, 'STD-39', 'AVAILABLE');
INSERT INTO `seat_reservations` (`created_date`, `fare_class_id`, `flight_id`, `id`, `modified_date`, `created_by`, `modified_by`, `seat_number`, `seat_status`) VALUES ('2025-05-01 01:06:47.159999', 3, 7, 661, '2025-05-01 01:06:47.198899', NULL, NULL, 'STD-40', 'AVAILABLE');
INSERT INTO `seat_reservations` (`created_date`, `fare_class_id`, `flight_id`, `id`, `modified_date`, `created_by`, `modified_by`, `seat_number`, `seat_status`) VALUES ('2025-05-01 01:06:47.162179', 3, 7, 662, '2025-05-01 01:06:47.198899', NULL, NULL, 'STD-41', 'AVAILABLE');
INSERT INTO `seat_reservations` (`created_date`, `fare_class_id`, `flight_id`, `id`, `modified_date`, `created_by`, `modified_by`, `seat_number`, `seat_status`) VALUES ('2025-05-01 01:06:47.164912', 3, 7, 663, '2025-05-01 01:06:47.198899', NULL, NULL, 'STD-42', 'AVAILABLE');
INSERT INTO `seat_reservations` (`created_date`, `fare_class_id`, `flight_id`, `id`, `modified_date`, `created_by`, `modified_by`, `seat_number`, `seat_status`) VALUES ('2025-05-01 01:06:47.167493', 3, 7, 664, '2025-05-01 01:06:47.198899', NULL, NULL, 'STD-43', 'AVAILABLE');
INSERT INTO `seat_reservations` (`created_date`, `fare_class_id`, `flight_id`, `id`, `modified_date`, `created_by`, `modified_by`, `seat_number`, `seat_status`) VALUES ('2025-05-01 01:06:47.169664', 3, 7, 665, '2025-05-01 01:06:47.198899', NULL, NULL, 'STD-44', 'AVAILABLE');
INSERT INTO `seat_reservations` (`created_date`, `fare_class_id`, `flight_id`, `id`, `modified_date`, `created_by`, `modified_by`, `seat_number`, `seat_status`) VALUES ('2025-05-01 01:06:47.172374', 3, 7, 666, '2025-05-01 01:06:47.198899', NULL, NULL, 'STD-45', 'AVAILABLE');
INSERT INTO `seat_reservations` (`created_date`, `fare_class_id`, `flight_id`, `id`, `modified_date`, `created_by`, `modified_by`, `seat_number`, `seat_status`) VALUES ('2025-05-01 01:06:47.174627', 3, 7, 667, '2025-05-01 01:06:47.198899', NULL, NULL, 'STD-46', 'AVAILABLE');
INSERT INTO `seat_reservations` (`created_date`, `fare_class_id`, `flight_id`, `id`, `modified_date`, `created_by`, `modified_by`, `seat_number`, `seat_status`) VALUES ('2025-05-01 01:06:47.176747', 3, 7, 668, '2025-05-01 01:06:47.198899', NULL, NULL, 'STD-47', 'AVAILABLE');
INSERT INTO `seat_reservations` (`created_date`, `fare_class_id`, `flight_id`, `id`, `modified_date`, `created_by`, `modified_by`, `seat_number`, `seat_status`) VALUES ('2025-05-01 01:06:47.179503', 3, 7, 669, '2025-05-01 01:06:47.198899', NULL, NULL, 'STD-48', 'AVAILABLE');
INSERT INTO `seat_reservations` (`created_date`, `fare_class_id`, `flight_id`, `id`, `modified_date`, `created_by`, `modified_by`, `seat_number`, `seat_status`) VALUES ('2025-05-01 01:06:47.182377', 3, 7, 670, '2025-05-01 01:06:47.198899', NULL, NULL, 'STD-49', 'AVAILABLE');
INSERT INTO `seat_reservations` (`created_date`, `fare_class_id`, `flight_id`, `id`, `modified_date`, `created_by`, `modified_by`, `seat_number`, `seat_status`) VALUES ('2025-05-01 01:06:47.184522', 3, 7, 671, '2025-05-01 01:06:47.198899', NULL, NULL, 'STD-50', 'AVAILABLE');

-- INSERT statements for table: booking_details

-- No data found in table booking_details

-- INSERT statements for table: booking_addons

-- No data found in table booking_addons

-- INSERT statements for table: booking_payments

-- No data found in table booking_payments

-- INSERT statements for table: flight_fare_availability

INSERT INTO `flight_fare_availability` (`available_seats`, `base_price`, `created_date`, `fare_class_id`, `flight_id`, `id`, `modified_date`, `created_by`, `modified_by`) VALUES (21, '10000000.00', '2025-05-01 01:06:43.041583', 1, 1, 1, '2025-05-01 01:06:43.041583', NULL, NULL);
INSERT INTO `flight_fare_availability` (`available_seats`, `base_price`, `created_date`, `fare_class_id`, `flight_id`, `id`, `modified_date`, `created_by`, `modified_by`) VALUES (48, '8000000.00', '2025-05-01 01:06:43.050863', 2, 1, 2, '2025-05-01 01:06:43.050863', NULL, NULL);
INSERT INTO `flight_fare_availability` (`available_seats`, `base_price`, `created_date`, `fare_class_id`, `flight_id`, `id`, `modified_date`, `created_by`, `modified_by`) VALUES (50, '5000000.00', '2025-05-01 01:06:43.057427', 3, 1, 3, '2025-05-01 01:06:43.057427', NULL, NULL);
INSERT INTO `flight_fare_availability` (`available_seats`, `base_price`, `created_date`, `fare_class_id`, `flight_id`, `id`, `modified_date`, `created_by`, `modified_by`) VALUES (24, '9000000.00', '2025-05-01 01:06:43.902686', 1, 2, 4, '2025-05-01 01:06:43.902686', NULL, NULL);
INSERT INTO `flight_fare_availability` (`available_seats`, `base_price`, `created_date`, `fare_class_id`, `flight_id`, `id`, `modified_date`, `created_by`, `modified_by`) VALUES (12, '7000000.00', '2025-05-01 01:06:43.907406', 2, 2, 5, '2025-05-01 01:06:43.907406', NULL, NULL);
INSERT INTO `flight_fare_availability` (`available_seats`, `base_price`, `created_date`, `fare_class_id`, `flight_id`, `id`, `modified_date`, `created_by`, `modified_by`) VALUES (30, '4500000.00', '2025-05-01 01:06:43.911303', 3, 2, 6, '2025-05-01 01:06:43.911303', NULL, NULL);
INSERT INTO `flight_fare_availability` (`available_seats`, `base_price`, `created_date`, `fare_class_id`, `flight_id`, `id`, `modified_date`, `created_by`, `modified_by`) VALUES (30, '8500000.00', '2025-05-01 01:06:44.651569', 1, 3, 7, '2025-05-01 01:06:44.651569', NULL, NULL);
INSERT INTO `flight_fare_availability` (`available_seats`, `base_price`, `created_date`, `fare_class_id`, `flight_id`, `id`, `modified_date`, `created_by`, `modified_by`) VALUES (20, '6500000.00', '2025-05-01 01:06:44.655636', 2, 3, 8, '2025-05-01 01:06:44.655636', NULL, NULL);
INSERT INTO `flight_fare_availability` (`available_seats`, `base_price`, `created_date`, `fare_class_id`, `flight_id`, `id`, `modified_date`, `created_by`, `modified_by`) VALUES (30, '4000000.00', '2025-05-01 01:06:44.659602', 3, 3, 9, '2025-05-01 01:06:44.659602', NULL, NULL);
INSERT INTO `flight_fare_availability` (`available_seats`, `base_price`, `created_date`, `fare_class_id`, `flight_id`, `id`, `modified_date`, `created_by`, `modified_by`) VALUES (21, '12000000.00', '2025-05-01 01:06:45.257058', 1, 4, 10, '2025-05-01 01:06:45.257058', NULL, NULL);
INSERT INTO `flight_fare_availability` (`available_seats`, `base_price`, `created_date`, `fare_class_id`, `flight_id`, `id`, `modified_date`, `created_by`, `modified_by`) VALUES (28, '9500000.00', '2025-05-01 01:06:45.261348', 2, 4, 11, '2025-05-01 01:06:45.261348', NULL, NULL);
INSERT INTO `flight_fare_availability` (`available_seats`, `base_price`, `created_date`, `fare_class_id`, `flight_id`, `id`, `modified_date`, `created_by`, `modified_by`) VALUES (30, '6000000.00', '2025-05-01 01:06:45.265284', 3, 4, 12, '2025-05-01 01:06:45.265284', NULL, NULL);
INSERT INTO `flight_fare_availability` (`available_seats`, `base_price`, `created_date`, `fare_class_id`, `flight_id`, `id`, `modified_date`, `created_by`, `modified_by`) VALUES (0, '15000000.00', '2025-05-01 01:06:46.420221', 1, 5, 13, '2025-05-01 01:06:46.420221', NULL, NULL);
INSERT INTO `flight_fare_availability` (`available_seats`, `base_price`, `created_date`, `fare_class_id`, `flight_id`, `id`, `modified_date`, `created_by`, `modified_by`) VALUES (96, '11000000.00', '2025-05-01 01:06:46.424844', 2, 5, 14, '2025-05-01 01:06:46.424844', NULL, NULL);
INSERT INTO `flight_fare_availability` (`available_seats`, `base_price`, `created_date`, `fare_class_id`, `flight_id`, `id`, `modified_date`, `created_by`, `modified_by`) VALUES (75, '7500000.00', '2025-05-01 01:06:46.429921', 3, 5, 15, '2025-05-01 01:06:46.429921', NULL, NULL);
INSERT INTO `flight_fare_availability` (`available_seats`, `base_price`, `created_date`, `fare_class_id`, `flight_id`, `id`, `modified_date`, `created_by`, `modified_by`) VALUES (0, '8000000.00', '2025-05-01 01:06:46.747513', 1, 6, 16, '2025-05-01 01:06:46.747513', NULL, NULL);
INSERT INTO `flight_fare_availability` (`available_seats`, `base_price`, `created_date`, `fare_class_id`, `flight_id`, `id`, `modified_date`, `created_by`, `modified_by`) VALUES (12, '6000000.00', '2025-05-01 01:06:46.750913', 2, 6, 17, '2025-05-01 01:06:46.750913', NULL, NULL);
INSERT INTO `flight_fare_availability` (`available_seats`, `base_price`, `created_date`, `fare_class_id`, `flight_id`, `id`, `modified_date`, `created_by`, `modified_by`) VALUES (25, '3500000.00', '2025-05-01 01:06:46.753849', 3, 6, 18, '2025-05-01 01:06:46.753849', NULL, NULL);
INSERT INTO `flight_fare_availability` (`available_seats`, `base_price`, `created_date`, `fare_class_id`, `flight_id`, `id`, `modified_date`, `created_by`, `modified_by`) VALUES (21, '11000000.00', '2025-05-01 01:06:47.585104', 1, 7, 19, '2025-05-01 01:06:47.585104', NULL, NULL);
INSERT INTO `flight_fare_availability` (`available_seats`, `base_price`, `created_date`, `fare_class_id`, `flight_id`, `id`, `modified_date`, `created_by`, `modified_by`) VALUES (48, '8500000.00', '2025-05-01 01:06:47.587779', 2, 7, 20, '2025-05-01 01:06:47.587779', NULL, NULL);
INSERT INTO `flight_fare_availability` (`available_seats`, `base_price`, `created_date`, `fare_class_id`, `flight_id`, `id`, `modified_date`, `created_by`, `modified_by`) VALUES (50, '5500000.00', '2025-05-01 01:06:47.590031', 3, 7, 21, '2025-05-01 01:06:47.590031', NULL, NULL);

