-- Generated INSERT statements
-- Generated on 2025-05-14 22:22:58

SET NAMES utf8mb4;
SET FOREIGN_KEY_CHECKS = 0;

INSERT INTO `addon_type` (`created_date`, `id`, `modified_date`, `addon_name`, `created_by`, `modified_by`, `addon_code`) VALUES ('2025-05-03 01:01:18', 1, '2025-05-03 01:01:18', 'Hành lý', NULL, NULL, 'LUGGAGE');
INSERT INTO `addon_type` (`created_date`, `id`, `modified_date`, `addon_name`, `created_by`, `modified_by`, `addon_code`) VALUES ('2025-05-03 01:01:18', 2, '2025-05-03 01:01:18', 'Bữa ăn', NULL, NULL, 'MEAL');
INSERT INTO `addon_type` (`created_date`, `id`, `modified_date`, `addon_name`, `created_by`, `modified_by`, `addon_code`) VALUES ('2025-05-03 01:01:18', 3, '2025-05-03 01:01:18', 'Bảo hiểm', NULL, NULL, 'INSURANCE');
INSERT INTO `addon_type` (`created_date`, `id`, `modified_date`, `addon_name`, `created_by`, `modified_by`, `addon_code`) VALUES ('2025-05-03 01:01:18', 4, '2025-05-03 01:01:18', 'Nước uống', NULL, NULL, 'DRINK');
INSERT INTO `addon_type` (`created_date`, `id`, `modified_date`, `addon_name`, `created_by`, `modified_by`, `addon_code`) VALUES ('2025-05-03 01:01:18', 5, '2025-05-03 01:01:18', 'Khác', NULL, NULL, 'OTHER');

INSERT INTO `addons` (`is_active`, `is_free`, `max_quantity`, `price`, `addon_type_id`, `created_date`, `id`, `modified_date`, `created_by`, `description`, `img_url`, `modified_by`, `name`, `currency`) VALUES (1, 0, 1, '30000.00', 4, '2025-05-03 01:01:19', 1, '2025-05-03 01:01:19', NULL, NULL, 'https://res.cloudinary.com/dfjqteia2/image/upload/v1744313692/pkvbu2trv1ptl7vfhmsh.jpg', NULL, 'Nước suối', 'VND');
INSERT INTO `addons` (`is_active`, `is_free`, `max_quantity`, `price`, `addon_type_id`, `created_date`, `id`, `modified_date`, `created_by`, `description`, `img_url`, `modified_by`, `name`, `currency`) VALUES (1, 0, 1, '30000.00', 4, '2025-05-03 01:01:19', 2, '2025-05-03 01:01:19', NULL, NULL, 'https://res.cloudinary.com/dfjqteia2/image/upload/v1744313693/l65lkgqcs5wws9k8jl8e.jpg', NULL, 'Sữa tươi (có đường)', 'VND');
INSERT INTO `addons` (`is_active`, `is_free`, `max_quantity`, `price`, `addon_type_id`, `created_date`, `id`, `modified_date`, `created_by`, `description`, `img_url`, `modified_by`, `name`, `currency`) VALUES (1, 0, 1, '30000.00', 4, '2025-05-03 01:01:19', 3, '2025-05-03 01:01:19', NULL, NULL, 'https://res.cloudinary.com/dfjqteia2/image/upload/v1744313694/edcc8tunznpvuel3gyzt.jpg', NULL, 'Trà đen', 'VND');
INSERT INTO `addons` (`is_active`, `is_free`, `max_quantity`, `price`, `addon_type_id`, `created_date`, `id`, `modified_date`, `created_by`, `description`, `img_url`, `modified_by`, `name`, `currency`) VALUES (1, 0, 1, '30000.00', 4, '2025-05-03 01:01:19', 4, '2025-05-03 01:01:19', NULL, NULL, 'https://res.cloudinary.com/dfjqteia2/image/upload/v1744313695/eko1fcjdt6zwkqm3rutf.jpg', NULL, 'Trà gừng', 'VND');
INSERT INTO `addons` (`is_active`, `is_free`, `max_quantity`, `price`, `addon_type_id`, `created_date`, `id`, `modified_date`, `created_by`, `description`, `img_url`, `modified_by`, `name`, `currency`) VALUES (1, 0, 1, '30000.00', 4, '2025-05-03 01:01:19', 5, '2025-05-03 01:01:19', NULL, NULL, 'https://res.cloudinary.com/dfjqteia2/image/upload/v1744313696/p69xddnuxctz5wut1hai.jpg', NULL, 'Trà xanh', 'VND');
INSERT INTO `addons` (`is_active`, `is_free`, `max_quantity`, `price`, `addon_type_id`, `created_date`, `id`, `modified_date`, `created_by`, `description`, `img_url`, `modified_by`, `name`, `currency`) VALUES (1, 0, 1, '50000.00', 4, '2025-05-03 01:01:19', 6, '2025-05-03 01:01:19', NULL, NULL, 'https://res.cloudinary.com/dfjqteia2/image/upload/v1744313696/b6liw4otuhvoveqqcdax.jpg', NULL, 'Milo dầm', 'VND');
INSERT INTO `addons` (`is_active`, `is_free`, `max_quantity`, `price`, `addon_type_id`, `created_date`, `id`, `modified_date`, `created_by`, `description`, `img_url`, `modified_by`, `name`, `currency`) VALUES (1, 0, 1, '50000.00', 4, '2025-05-03 01:01:19', 7, '2025-05-03 01:01:19', NULL, NULL, 'https://res.cloudinary.com/dfjqteia2/image/upload/v1744313697/h3l9adfctfcbf5tcrhy9.jpg', NULL, 'Trà sữa trân châu', 'VND');
INSERT INTO `addons` (`is_active`, `is_free`, `max_quantity`, `price`, `addon_type_id`, `created_date`, `id`, `modified_date`, `created_by`, `description`, `img_url`, `modified_by`, `name`, `currency`) VALUES (1, 0, 1, '35000.00', 4, '2025-05-03 01:01:19', 8, '2025-05-03 01:01:19', NULL, NULL, 'https://res.cloudinary.com/dfjqteia2/image/upload/v1744313698/hdkbpp2jbbzgmnp5nw9e.jpg', NULL, 'Cacao uống liền', 'VND');
INSERT INTO `addons` (`is_active`, `is_free`, `max_quantity`, `price`, `addon_type_id`, `created_date`, `id`, `modified_date`, `created_by`, `description`, `img_url`, `modified_by`, `name`, `currency`) VALUES (1, 0, 1, '35000.00', 4, '2025-05-03 01:01:19', 9, '2025-05-03 01:01:19', NULL, NULL, 'https://res.cloudinary.com/dfjqteia2/image/upload/v1744313699/kccytglth23j9wozsryr.jpg', NULL, 'Cà phê không đường', 'VND');
INSERT INTO `addons` (`is_active`, `is_free`, `max_quantity`, `price`, `addon_type_id`, `created_date`, `id`, `modified_date`, `created_by`, `description`, `img_url`, `modified_by`, `name`, `currency`) VALUES (1, 0, 1, '35000.00', 4, '2025-05-03 01:01:19', 10, '2025-05-03 01:01:19', NULL, NULL, 'https://res.cloudinary.com/dfjqteia2/image/upload/v1744313699/qp1xnyoutxggdho6zgx5.jpg', NULL, 'Cà phê đen', 'VND');
INSERT INTO `addons` (`is_active`, `is_free`, `max_quantity`, `price`, `addon_type_id`, `created_date`, `id`, `modified_date`, `created_by`, `description`, `img_url`, `modified_by`, `name`, `currency`) VALUES (1, 0, 1, '35000.00', 4, '2025-05-03 01:01:19', 11, '2025-05-03 01:01:19', NULL, NULL, 'https://res.cloudinary.com/dfjqteia2/image/upload/v1744313700/xba4fmzgnhgcoje2vs4v.jpg', NULL, 'Cà phê sữa', 'VND');
INSERT INTO `addons` (`is_active`, `is_free`, `max_quantity`, `price`, `addon_type_id`, `created_date`, `id`, `modified_date`, `created_by`, `description`, `img_url`, `modified_by`, `name`, `currency`) VALUES (1, 0, 1, '150000.00', 4, '2025-05-03 01:01:19', 12, '2025-05-03 01:01:19', NULL, NULL, 'https://res.cloudinary.com/dfjqteia2/image/upload/v1744313701/alnicgq2tofane5rbv7c.jpg', NULL, 'Rượu vang đỏ', 'VND');
INSERT INTO `addons` (`is_active`, `is_free`, `max_quantity`, `price`, `addon_type_id`, `created_date`, `id`, `modified_date`, `created_by`, `description`, `img_url`, `modified_by`, `name`, `currency`) VALUES (1, 0, 1, '50000.00', 4, '2025-05-03 01:01:19', 13, '2025-05-03 01:01:19', NULL, NULL, 'https://res.cloudinary.com/dfjqteia2/image/upload/v1744313702/wkbzjtpwrnqykosyguxx.jpg', NULL, 'Bia', 'VND');
INSERT INTO `addons` (`is_active`, `is_free`, `max_quantity`, `price`, `addon_type_id`, `created_date`, `id`, `modified_date`, `created_by`, `description`, `img_url`, `modified_by`, `name`, `currency`) VALUES (1, 0, 1, '35000.00', 4, '2025-05-03 01:01:19', 14, '2025-05-03 01:01:19', NULL, NULL, 'https://res.cloudinary.com/dfjqteia2/image/upload/v1744313702/afgyzcixx3njpllzzo4x.jpg', NULL, 'Red Bull', 'VND');
INSERT INTO `addons` (`is_active`, `is_free`, `max_quantity`, `price`, `addon_type_id`, `created_date`, `id`, `modified_date`, `created_by`, `description`, `img_url`, `modified_by`, `name`, `currency`) VALUES (1, 0, 1, '35000.00', 4, '2025-05-03 01:01:19', 15, '2025-05-03 01:01:19', NULL, NULL, 'https://res.cloudinary.com/dfjqteia2/image/upload/v1744313703/gzvaoygnckeeetsb2l8l.jpg', NULL, 'Nước cam Teppy', 'VND');
INSERT INTO `addons` (`is_active`, `is_free`, `max_quantity`, `price`, `addon_type_id`, `created_date`, `id`, `modified_date`, `created_by`, `description`, `img_url`, `modified_by`, `name`, `currency`) VALUES (1, 0, 1, '35000.00', 4, '2025-05-03 01:01:19', 16, '2025-05-03 01:01:19', NULL, NULL, 'https://res.cloudinary.com/dfjqteia2/image/upload/v1744313704/d9ijshywynxxrcumy5br.jpg', NULL, 'Trà đào hạt chia', 'VND');
INSERT INTO `addons` (`is_active`, `is_free`, `max_quantity`, `price`, `addon_type_id`, `created_date`, `id`, `modified_date`, `created_by`, `description`, `img_url`, `modified_by`, `name`, `currency`) VALUES (1, 0, 1, '35000.00', 4, '2025-05-03 01:01:19', 17, '2025-05-03 01:01:19', NULL, NULL, 'https://res.cloudinary.com/dfjqteia2/image/upload/v1744313705/zh43a9djj7rpuhczl8pb.jpg', NULL, 'Sprite', 'VND');
INSERT INTO `addons` (`is_active`, `is_free`, `max_quantity`, `price`, `addon_type_id`, `created_date`, `id`, `modified_date`, `created_by`, `description`, `img_url`, `modified_by`, `name`, `currency`) VALUES (1, 0, 1, '35000.00', 4, '2025-05-03 01:01:19', 18, '2025-05-03 01:01:19', NULL, NULL, 'https://res.cloudinary.com/dfjqteia2/image/upload/v1744313706/yoymwdhajmfetxgi9s5m.jpg', NULL, 'Coca Cola Zero', 'VND');
INSERT INTO `addons` (`is_active`, `is_free`, `max_quantity`, `price`, `addon_type_id`, `created_date`, `id`, `modified_date`, `created_by`, `description`, `img_url`, `modified_by`, `name`, `currency`) VALUES (1, 0, 1, '35000.00', 4, '2025-05-03 01:01:19', 19, '2025-05-03 01:01:19', NULL, NULL, 'https://res.cloudinary.com/dfjqteia2/image/upload/v1744313706/opakbyqsu9tar6yle9rl.jpg', NULL, 'Coca Cola', 'VND');
INSERT INTO `addons` (`is_active`, `is_free`, `max_quantity`, `price`, `addon_type_id`, `created_date`, `id`, `modified_date`, `created_by`, `description`, `img_url`, `modified_by`, `name`, `currency`) VALUES (1, 0, 1, '30000.00', 4, '2025-05-03 01:01:19', 20, '2025-05-03 01:01:19', NULL, NULL, 'https://res.cloudinary.com/dfjqteia2/image/upload/v1744313707/iwtf3zwdrx67xngchx2q.jpg', NULL, 'Trà thanh giải', 'VND');
INSERT INTO `addons` (`is_active`, `is_free`, `max_quantity`, `price`, `addon_type_id`, `created_date`, `id`, `modified_date`, `created_by`, `description`, `img_url`, `modified_by`, `name`, `currency`) VALUES (1, 0, 2, '35000.00', 2, '2025-05-03 01:01:19', 21, '2025-05-03 01:01:19', NULL, NULL, 'https://res.cloudinary.com/dfjqteia2/image/upload/v1744313708/ajykwkothzjtq89d8z57.jpg', NULL, 'Hạt macca', 'VND');
INSERT INTO `addons` (`is_active`, `is_free`, `max_quantity`, `price`, `addon_type_id`, `created_date`, `id`, `modified_date`, `created_by`, `description`, `img_url`, `modified_by`, `name`, `currency`) VALUES (1, 1, 1, '0.00', 2, '2025-05-03 01:01:19', 22, '2025-05-03 01:01:19', NULL, NULL, 'https://res.cloudinary.com/dfjqteia2/image/upload/v1744313708/u0ffam6ekmd4hmcqworz.jpg', NULL, 'Phở với thịt bò nguyên miếng', 'VND');
INSERT INTO `addons` (`is_active`, `is_free`, `max_quantity`, `price`, `addon_type_id`, `created_date`, `id`, `modified_date`, `created_by`, `description`, `img_url`, `modified_by`, `name`, `currency`) VALUES (1, 1, 1, '0.00', 2, '2025-05-03 01:01:19', 23, '2025-05-03 01:01:19', NULL, NULL, 'https://res.cloudinary.com/dfjqteia2/image/upload/v1744313709/hwq7a8il0kayxjj60hf4.jpg', NULL, 'Miến gà hầm măng', 'VND');
INSERT INTO `addons` (`is_active`, `is_free`, `max_quantity`, `price`, `addon_type_id`, `created_date`, `id`, `modified_date`, `created_by`, `description`, `img_url`, `modified_by`, `name`, `currency`) VALUES (1, 1, 1, '0.00', 2, '2025-05-03 01:01:19', 24, '2025-05-03 01:01:19', NULL, NULL, 'https://res.cloudinary.com/dfjqteia2/image/upload/v1744313710/icab9gveg1dgekcnbnyd.jpg', NULL, 'Cháo chay', 'VND');
INSERT INTO `addons` (`is_active`, `is_free`, `max_quantity`, `price`, `addon_type_id`, `created_date`, `id`, `modified_date`, `created_by`, `description`, `img_url`, `modified_by`, `name`, `currency`) VALUES (1, 1, 1, '0.00', 2, '2025-05-03 01:01:19', 25, '2025-05-03 01:01:19', NULL, NULL, 'https://res.cloudinary.com/dfjqteia2/image/upload/v1744313711/ctauwyclezs1ytirvin1.jpg', NULL, 'Mì chay', 'VND');
INSERT INTO `addons` (`is_active`, `is_free`, `max_quantity`, `price`, `addon_type_id`, `created_date`, `id`, `modified_date`, `created_by`, `description`, `img_url`, `modified_by`, `name`, `currency`) VALUES (1, 0, 2, '15000.00', 2, '2025-05-03 01:01:19', 26, '2025-05-03 01:01:19', NULL, NULL, 'https://res.cloudinary.com/dfjqteia2/image/upload/v1744313712/sx26d78wptlksvbxpprl.jpg', NULL, 'Kẹo dẻo', 'VND');
INSERT INTO `addons` (`is_active`, `is_free`, `max_quantity`, `price`, `addon_type_id`, `created_date`, `id`, `modified_date`, `created_by`, `description`, `img_url`, `modified_by`, `name`, `currency`) VALUES (1, 0, 2, '30000.00', 2, '2025-05-03 01:01:19', 27, '2025-05-03 01:01:19', NULL, NULL, 'https://res.cloudinary.com/dfjqteia2/image/upload/v1744313713/hj9hc1xqv4twfpts02zi.jpg', NULL, 'Bánh que Sô-cô-la', 'VND');
INSERT INTO `addons` (`is_active`, `is_free`, `max_quantity`, `price`, `addon_type_id`, `created_date`, `id`, `modified_date`, `created_by`, `description`, `img_url`, `modified_by`, `name`, `currency`) VALUES (1, 0, 2, '30000.00', 2, '2025-05-03 01:01:19', 28, '2025-05-03 01:01:19', NULL, NULL, 'https://res.cloudinary.com/dfjqteia2/image/upload/v1744313714/tpjroyvswaiddn62nbdp.jpg', NULL, 'Hạt điều', 'VND');
INSERT INTO `addons` (`is_active`, `is_free`, `max_quantity`, `price`, `addon_type_id`, `created_date`, `id`, `modified_date`, `created_by`, `description`, `img_url`, `modified_by`, `name`, `currency`) VALUES (1, 0, 2, '55000.00', 2, '2025-05-03 01:01:19', 29, '2025-05-03 01:01:19', NULL, NULL, 'https://res.cloudinary.com/dfjqteia2/image/upload/v1744313715/fdzlvwml1cnicfbfrpix.jpg', NULL, 'Bánh khoai tây chiên', 'VND');
INSERT INTO `addons` (`is_active`, `is_free`, `max_quantity`, `price`, `addon_type_id`, `created_date`, `id`, `modified_date`, `created_by`, `description`, `img_url`, `modified_by`, `name`, `currency`) VALUES (1, 0, 2, '25000.00', 2, '2025-05-03 01:01:19', 30, '2025-05-03 01:01:19', NULL, NULL, 'https://res.cloudinary.com/dfjqteia2/image/upload/v1744313716/lfxrlv8gcf256kllzrem.jpg', NULL, 'Kẹo dừa nguyên chất', 'VND');
INSERT INTO `addons` (`is_active`, `is_free`, `max_quantity`, `price`, `addon_type_id`, `created_date`, `id`, `modified_date`, `created_by`, `description`, `img_url`, `modified_by`, `name`, `currency`) VALUES (1, 0, 2, '35000.00', 2, '2025-05-03 01:01:19', 31, '2025-05-03 01:01:19', NULL, NULL, 'https://res.cloudinary.com/dfjqteia2/image/upload/v1744313716/zvj58ebklzndnyu8zv6x.jpg', NULL, 'Sô-cô-la thanh', 'VND');
INSERT INTO `addons` (`is_active`, `is_free`, `max_quantity`, `price`, `addon_type_id`, `created_date`, `id`, `modified_date`, `created_by`, `description`, `img_url`, `modified_by`, `name`, `currency`) VALUES (1, 0, 2, '50000.00', 2, '2025-05-03 01:01:19', 32, '2025-05-03 01:01:19', NULL, NULL, 'https://res.cloudinary.com/dfjqteia2/image/upload/v1744313717/rlcmp6d3lxqeekcr0n8m.jpg', NULL, 'Snack chả giò', 'VND');
INSERT INTO `addons` (`is_active`, `is_free`, `max_quantity`, `price`, `addon_type_id`, `created_date`, `id`, `modified_date`, `created_by`, `description`, `img_url`, `modified_by`, `name`, `currency`) VALUES (1, 0, 2, '50000.00', 2, '2025-05-03 01:01:19', 33, '2025-05-03 01:01:19', NULL, NULL, 'https://res.cloudinary.com/dfjqteia2/image/upload/v1744313718/jmieg8fq36nrhggwp96l.jpg', NULL, 'Xoài lắc muối ớt', 'VND');
INSERT INTO `addons` (`is_active`, `is_free`, `max_quantity`, `price`, `addon_type_id`, `created_date`, `id`, `modified_date`, `created_by`, `description`, `img_url`, `modified_by`, `name`, `currency`) VALUES (1, 0, 2, '50000.00', 2, '2025-05-03 01:01:19', 34, '2025-05-03 01:01:19', NULL, NULL, 'https://res.cloudinary.com/dfjqteia2/image/upload/v1744313719/uaavchpl1t4h7neonomz.jpg', NULL, 'Trái cây sấy', 'VND');
INSERT INTO `addons` (`is_active`, `is_free`, `max_quantity`, `price`, `addon_type_id`, `created_date`, `id`, `modified_date`, `created_by`, `description`, `img_url`, `modified_by`, `name`, `currency`) VALUES (1, 0, 2, '40000.00', 2, '2025-05-03 01:01:19', 35, '2025-05-03 01:01:19', NULL, NULL, 'https://res.cloudinary.com/dfjqteia2/image/upload/v1744313719/itaddbext85yt9rki9xa.jpg', NULL, 'Khô gà lá chanh', 'VND');
INSERT INTO `addons` (`is_active`, `is_free`, `max_quantity`, `price`, `addon_type_id`, `created_date`, `id`, `modified_date`, `created_by`, `description`, `img_url`, `modified_by`, `name`, `currency`) VALUES (1, 0, 2, '120000.00', 2, '2025-05-03 01:01:19', 36, '2025-05-03 01:01:19', NULL, NULL, 'https://res.cloudinary.com/dfjqteia2/image/upload/v1744313721/jr2rx7pmmdce9oqkbnu2.jpg', NULL, 'Combo Mỳ Ý và Nước suối và Hạt điều', 'VND');
INSERT INTO `addons` (`is_active`, `is_free`, `max_quantity`, `price`, `addon_type_id`, `created_date`, `id`, `modified_date`, `created_by`, `description`, `img_url`, `modified_by`, `name`, `currency`) VALUES (1, 0, 2, '80000.00', 2, '2025-05-03 01:01:19', 37, '2025-05-03 01:01:19', NULL, NULL, 'https://res.cloudinary.com/dfjqteia2/image/upload/v1744313721/dxlsst8fphztsrdeoibv.jpg', NULL, 'Phở Thìn Đặc Biệt', 'VND');
INSERT INTO `addons` (`is_active`, `is_free`, `max_quantity`, `price`, `addon_type_id`, `created_date`, `id`, `modified_date`, `created_by`, `description`, `img_url`, `modified_by`, `name`, `currency`) VALUES (1, 0, 2, '80000.00', 2, '2025-05-03 01:01:19', 38, '2025-05-03 01:01:19', NULL, NULL, 'https://res.cloudinary.com/dfjqteia2/image/upload/v1744313722/a50pqpoosgwihs2kifye.jpg', NULL, 'Dimsum Tam Bảo', 'VND');
INSERT INTO `addons` (`is_active`, `is_free`, `max_quantity`, `price`, `addon_type_id`, `created_date`, `id`, `modified_date`, `created_by`, `description`, `img_url`, `modified_by`, `name`, `currency`) VALUES (1, 0, 2, '80000.00', 2, '2025-05-03 01:01:19', 39, '2025-05-03 01:01:19', NULL, NULL, 'https://res.cloudinary.com/dfjqteia2/image/upload/v1744313723/seyicpivqe2a76awkd15.jpg', NULL, 'Cơm chiên Thái', 'VND');
INSERT INTO `addons` (`is_active`, `is_free`, `max_quantity`, `price`, `addon_type_id`, `created_date`, `id`, `modified_date`, `created_by`, `description`, `img_url`, `modified_by`, `name`, `currency`) VALUES (1, 0, 2, '80000.00', 2, '2025-05-03 01:01:19', 40, '2025-05-03 01:01:19', NULL, NULL, 'https://res.cloudinary.com/dfjqteia2/image/upload/v1744313724/qz4yxjkbuzzusxq97q1t.jpg', NULL, 'Bún xào Singapore', 'VND');
INSERT INTO `addons` (`is_active`, `is_free`, `max_quantity`, `price`, `addon_type_id`, `created_date`, `id`, `modified_date`, `created_by`, `description`, `img_url`, `modified_by`, `name`, `currency`) VALUES (1, 0, 2, '80000.00', 2, '2025-05-03 01:01:19', 41, '2025-05-03 01:01:19', NULL, NULL, 'https://res.cloudinary.com/dfjqteia2/image/upload/v1744313725/xgllpbwaosylzxldilgr.jpg', NULL, 'Mì ý', 'VND');
INSERT INTO `addons` (`is_active`, `is_free`, `max_quantity`, `price`, `addon_type_id`, `created_date`, `id`, `modified_date`, `created_by`, `description`, `img_url`, `modified_by`, `name`, `currency`) VALUES (1, 0, 2, '80000.00', 2, '2025-05-03 01:01:19', 42, '2025-05-03 01:01:19', NULL, NULL, 'https://res.cloudinary.com/dfjqteia2/image/upload/v1744313726/qroix6ce9kcbybfk17fy.jpg', NULL, 'Bánh chưng chà bông', 'VND');
INSERT INTO `addons` (`is_active`, `is_free`, `max_quantity`, `price`, `addon_type_id`, `created_date`, `id`, `modified_date`, `created_by`, `description`, `img_url`, `modified_by`, `name`, `currency`) VALUES (1, 0, 2, '80000.00', 2, '2025-05-03 01:01:19', 43, '2025-05-03 01:01:19', NULL, NULL, 'https://res.cloudinary.com/dfjqteia2/image/upload/v1744313728/rxefubfbrageztphhvli.jpg', NULL, 'Xôi khúc giò', 'VND');
INSERT INTO `addons` (`is_active`, `is_free`, `max_quantity`, `price`, `addon_type_id`, `created_date`, `id`, `modified_date`, `created_by`, `description`, `img_url`, `modified_by`, `name`, `currency`) VALUES (1, 0, 2, '80000.00', 2, '2025-05-03 01:01:19', 44, '2025-05-03 01:01:19', NULL, NULL, 'https://res.cloudinary.com/dfjqteia2/image/upload/v1744313729/h03ksqle4ot5ihvjdvsn.jpg', NULL, 'Xôi mặn', 'VND');
INSERT INTO `addons` (`is_active`, `is_free`, `max_quantity`, `price`, `addon_type_id`, `created_date`, `id`, `modified_date`, `created_by`, `description`, `img_url`, `modified_by`, `name`, `currency`) VALUES (1, 0, 2, '80000.00', 2, '2025-05-03 01:01:19', 45, '2025-05-03 01:01:19', NULL, NULL, 'https://res.cloudinary.com/dfjqteia2/image/upload/v1744313730/qdpk6uxgvp0xvxz6s0qh.jpg', NULL, 'Cơm dừa Malaysia', 'VND');
INSERT INTO `addons` (`is_active`, `is_free`, `max_quantity`, `price`, `addon_type_id`, `created_date`, `id`, `modified_date`, `created_by`, `description`, `img_url`, `modified_by`, `name`, `currency`) VALUES (1, 0, 2, '80000.00', 2, '2025-05-03 01:01:19', 46, '2025-05-03 01:01:19', NULL, NULL, 'https://res.cloudinary.com/dfjqteia2/image/upload/v1744313730/n2yoli2akpvejfolmcah.jpg', NULL, 'Cơm thịt bò', 'VND');
INSERT INTO `addons` (`is_active`, `is_free`, `max_quantity`, `price`, `addon_type_id`, `created_date`, `id`, `modified_date`, `created_by`, `description`, `img_url`, `modified_by`, `name`, `currency`) VALUES (1, 0, 2, '80000.00', 2, '2025-05-03 01:01:19', 47, '2025-05-03 01:01:19', NULL, NULL, 'https://res.cloudinary.com/dfjqteia2/image/upload/v1744313732/d20abl035znsq2utk1i5.jpg', NULL, 'Miến xào tôm cua', 'VND');
INSERT INTO `addons` (`is_active`, `is_free`, `max_quantity`, `price`, `addon_type_id`, `created_date`, `id`, `modified_date`, `created_by`, `description`, `img_url`, `modified_by`, `name`, `currency`) VALUES (1, 0, 2, '50000.00', 2, '2025-05-03 01:01:19', 48, '2025-05-03 01:01:19', NULL, NULL, 'https://res.cloudinary.com/dfjqteia2/image/upload/v1744313733/uklze1zww3sjmawdramy.jpg', NULL, 'Bánh mì', 'VND');
INSERT INTO `addons` (`is_active`, `is_free`, `max_quantity`, `price`, `addon_type_id`, `created_date`, `id`, `modified_date`, `created_by`, `description`, `img_url`, `modified_by`, `name`, `currency`) VALUES (1, 0, 2, '15000.00', 2, '2025-05-03 01:01:19', 49, '2025-05-03 01:01:19', NULL, NULL, 'https://res.cloudinary.com/dfjqteia2/image/upload/v1744313734/dizfq85ot2tu7b8rgmcj.jpg', NULL, 'Trứng luộc', 'VND');
INSERT INTO `addons` (`is_active`, `is_free`, `max_quantity`, `price`, `addon_type_id`, `created_date`, `id`, `modified_date`, `created_by`, `description`, `img_url`, `modified_by`, `name`, `currency`) VALUES (1, 0, 2, '100000.00', 2, '2025-05-03 01:01:19', 50, '2025-05-03 01:01:19', NULL, NULL, 'https://res.cloudinary.com/dfjqteia2/image/upload/v1744313735/wsx6usoy4w7x5rnekvc8.jpg', NULL, 'Combo Cơm chiên dương châu chay và Nước suối và Hạt điều', 'VND');
INSERT INTO `addons` (`is_active`, `is_free`, `max_quantity`, `price`, `addon_type_id`, `created_date`, `id`, `modified_date`, `created_by`, `description`, `img_url`, `modified_by`, `name`, `currency`) VALUES (1, 0, 2, '150000.00', 2, '2025-05-03 01:01:19', 51, '2025-05-03 01:01:19', NULL, NULL, 'https://res.cloudinary.com/dfjqteia2/image/upload/v1744313740/fbrn1tti9n2dloy7s2m8.png', NULL, 'Cơm basmati cari chay và Nước suối và Hạt điều', 'VND');
INSERT INTO `addons` (`is_active`, `is_free`, `max_quantity`, `price`, `addon_type_id`, `created_date`, `id`, `modified_date`, `created_by`, `description`, `img_url`, `modified_by`, `name`, `currency`) VALUES (1, 0, 2, '120000.00', 2, '2025-05-03 01:01:19', 52, '2025-05-03 01:01:19', NULL, NULL, 'https://res.cloudinary.com/dfjqteia2/image/upload/v1744313742/btw7kwd6v2yxcbrbr7kv.jpg', NULL, 'Xôi mặn + hạt điều + nước', 'VND');
INSERT INTO `addons` (`is_active`, `is_free`, `max_quantity`, `price`, `addon_type_id`, `created_date`, `id`, `modified_date`, `created_by`, `description`, `img_url`, `modified_by`, `name`, `currency`) VALUES (1, 0, 2, '120000.00', 2, '2025-05-03 01:01:19', 53, '2025-05-03 01:01:19', NULL, NULL, 'https://res.cloudinary.com/dfjqteia2/image/upload/v1744313743/ovprw7vw3ynmyddzl5ha.jpg', NULL, 'Cơm thịt bò + hạt điều + nước', 'VND');
INSERT INTO `addons` (`is_active`, `is_free`, `max_quantity`, `price`, `addon_type_id`, `created_date`, `id`, `modified_date`, `created_by`, `description`, `img_url`, `modified_by`, `name`, `currency`) VALUES (1, 0, 2, '120000.00', 2, '2025-05-03 01:01:19', 54, '2025-05-03 01:01:19', NULL, NULL, 'https://res.cloudinary.com/dfjqteia2/image/upload/v1744313744/bfwgwi9c91ontncb3nqs.jpg', NULL, 'Phở Thìn Đặc Biệt  + Bánh que Sô-cô-la + Coca Cola', 'VND');
INSERT INTO `addons` (`is_active`, `is_free`, `max_quantity`, `price`, `addon_type_id`, `created_date`, `id`, `modified_date`, `created_by`, `description`, `img_url`, `modified_by`, `name`, `currency`) VALUES (1, 0, 2, '120000.00', 2, '2025-05-03 01:01:19', 55, '2025-05-03 01:01:19', NULL, NULL, 'https://res.cloudinary.com/dfjqteia2/image/upload/v1744313745/r1p1bevdb8dc9diczvmy.jpg', NULL, 'Dimsum Tam Bảo  + Bánh que Sô-cô-la + Coca Cola', 'VND');
INSERT INTO `addons` (`is_active`, `is_free`, `max_quantity`, `price`, `addon_type_id`, `created_date`, `id`, `modified_date`, `created_by`, `description`, `img_url`, `modified_by`, `name`, `currency`) VALUES (1, 0, 2, '120000.00', 2, '2025-05-03 01:01:19', 56, '2025-05-03 01:01:19', NULL, NULL, 'https://res.cloudinary.com/dfjqteia2/image/upload/v1744313746/ddm1qcrsrcm3uvsemy2f.jpg', NULL, 'Bún xào Singapore  + Bánh que Sô-cô-la + Coca Cola', 'VND');
INSERT INTO `addons` (`is_active`, `is_free`, `max_quantity`, `price`, `addon_type_id`, `created_date`, `id`, `modified_date`, `created_by`, `description`, `img_url`, `modified_by`, `name`, `currency`) VALUES (1, 0, 2, '120000.00', 2, '2025-05-03 01:01:19', 57, '2025-05-03 01:01:19', NULL, NULL, 'https://res.cloudinary.com/dfjqteia2/image/upload/v1744313747/w2vw7lvzidnghk15bfa0.jpg', NULL, 'Mì ý  + Bánh que Sô-cô-la + Coca Cola', 'VND');
INSERT INTO `addons` (`is_active`, `is_free`, `max_quantity`, `price`, `addon_type_id`, `created_date`, `id`, `modified_date`, `created_by`, `description`, `img_url`, `modified_by`, `name`, `currency`) VALUES (1, 0, 2, '120000.00', 2, '2025-05-03 01:01:19', 58, '2025-05-03 01:01:19', NULL, NULL, 'https://res.cloudinary.com/dfjqteia2/image/upload/v1744313748/ptgpimpvwr2nbptx9ne3.jpg', NULL, 'Bánh chưng chà bông + Bánh que Sô cô la + Cocacola', 'VND');
INSERT INTO `addons` (`is_active`, `is_free`, `max_quantity`, `price`, `addon_type_id`, `created_date`, `id`, `modified_date`, `created_by`, `description`, `img_url`, `modified_by`, `name`, `currency`) VALUES (1, 0, 2, '120000.00', 2, '2025-05-03 01:01:19', 59, '2025-05-03 01:01:19', NULL, NULL, 'https://res.cloudinary.com/dfjqteia2/image/upload/v1744313748/sxw3ktcsannpinor0rfx.jpg', NULL, 'Xôi khúc giò + Bánh que Sô-cô-la + Coca Cola', 'VND');
INSERT INTO `addons` (`is_active`, `is_free`, `max_quantity`, `price`, `addon_type_id`, `created_date`, `id`, `modified_date`, `created_by`, `description`, `img_url`, `modified_by`, `name`, `currency`) VALUES (1, 0, 2, '120000.00', 2, '2025-05-03 01:01:19', 60, '2025-05-03 01:01:19', NULL, NULL, 'https://res.cloudinary.com/dfjqteia2/image/upload/v1744313749/hmj5fdwt0nzlr9p2auy2.jpg', NULL, 'Xôi mặn  + Bánh que Sô-cô-la + Coca Cola', 'VND');
INSERT INTO `addons` (`is_active`, `is_free`, `max_quantity`, `price`, `addon_type_id`, `created_date`, `id`, `modified_date`, `created_by`, `description`, `img_url`, `modified_by`, `name`, `currency`) VALUES (1, 0, 2, '120000.00', 2, '2025-05-03 01:01:19', 61, '2025-05-03 01:01:19', NULL, NULL, 'https://res.cloudinary.com/dfjqteia2/image/upload/v1744313750/q1brwhjmy0hhxt0wcpkv.jpg', NULL, 'Cơm dừa Malaysia + Bánh que Sô-cô-la + Coca Cola', 'VND');
INSERT INTO `addons` (`is_active`, `is_free`, `max_quantity`, `price`, `addon_type_id`, `created_date`, `id`, `modified_date`, `created_by`, `description`, `img_url`, `modified_by`, `name`, `currency`) VALUES (1, 0, 2, '120000.00', 2, '2025-05-03 01:01:19', 62, '2025-05-03 01:01:19', NULL, NULL, 'https://res.cloudinary.com/dfjqteia2/image/upload/v1744313751/zbrcjuacao7upo9b26dk.jpg', NULL, 'Cơm thịt bò + Bánh que Sô-cô-la + Coca Cola', 'VND');
INSERT INTO `addons` (`is_active`, `is_free`, `max_quantity`, `price`, `addon_type_id`, `created_date`, `id`, `modified_date`, `created_by`, `description`, `img_url`, `modified_by`, `name`, `currency`) VALUES (1, 0, 2, '120000.00', 2, '2025-05-03 01:01:19', 63, '2025-05-03 01:01:19', NULL, NULL, 'https://res.cloudinary.com/dfjqteia2/image/upload/v1744313751/xhmjrmsdlgzfdtzrme27.jpg', NULL, 'Miến xào tôm cua  + Bánh que Sô-cô-la + Coca Cola', 'VND');
INSERT INTO `addons` (`is_active`, `is_free`, `max_quantity`, `price`, `addon_type_id`, `created_date`, `id`, `modified_date`, `created_by`, `description`, `img_url`, `modified_by`, `name`, `currency`) VALUES (1, 0, 2, '120000.00', 2, '2025-05-03 01:01:19', 64, '2025-05-03 01:01:19', NULL, NULL, 'https://res.cloudinary.com/dfjqteia2/image/upload/v1744313753/hfux1vzrfdqlnieopuv2.jpg', NULL, 'Mì ý  + hạt điều + nước', 'VND');
INSERT INTO `addons` (`is_active`, `is_free`, `max_quantity`, `price`, `addon_type_id`, `created_date`, `id`, `modified_date`, `created_by`, `description`, `img_url`, `modified_by`, `name`, `currency`) VALUES (1, 0, 2, '60000.00', 2, '2025-05-03 01:01:19', 65, '2025-05-03 01:01:19', NULL, NULL, 'https://res.cloudinary.com/dfjqteia2/image/upload/v1744313753/hp9etefsditjkm9kwocm.jpg', NULL, 'Combo: Mì Hàn Quốc + Trứng luộc', 'VND');
INSERT INTO `addons` (`is_active`, `is_free`, `max_quantity`, `price`, `addon_type_id`, `created_date`, `id`, `modified_date`, `created_by`, `description`, `img_url`, `modified_by`, `name`, `currency`) VALUES (1, 0, 2, '60000.00', 2, '2025-05-03 01:01:19', 66, '2025-05-03 01:01:19', NULL, NULL, 'https://res.cloudinary.com/dfjqteia2/image/upload/v1744313754/fcez57lyzzuomufn989b.jpg', NULL, 'Combo: Mì xốt bò hầm + Trứng luộc', 'VND');
INSERT INTO `addons` (`is_active`, `is_free`, `max_quantity`, `price`, `addon_type_id`, `created_date`, `id`, `modified_date`, `created_by`, `description`, `img_url`, `modified_by`, `name`, `currency`) VALUES (1, 0, 2, '60000.00', 2, '2025-05-03 01:01:19', 67, '2025-05-03 01:01:19', NULL, NULL, 'https://res.cloudinary.com/dfjqteia2/image/upload/v1744313755/nnleaont6hcrrdify6ft.jpg', NULL, 'Combo: Mì Lẩu Thái + Trứng luộc', 'VND');
INSERT INTO `addons` (`is_active`, `is_free`, `max_quantity`, `price`, `addon_type_id`, `created_date`, `id`, `modified_date`, `created_by`, `description`, `img_url`, `modified_by`, `name`, `currency`) VALUES (1, 0, 2, '60000.00', 2, '2025-05-03 01:01:19', 68, '2025-05-03 01:01:19', NULL, NULL, 'https://res.cloudinary.com/dfjqteia2/image/upload/v1744313756/tjbi6uoizd69gbhgv93m.jpg', NULL, 'Combo: Mì Hàn Quốc + xúc xích', 'VND');
INSERT INTO `addons` (`is_active`, `is_free`, `max_quantity`, `price`, `addon_type_id`, `created_date`, `id`, `modified_date`, `created_by`, `description`, `img_url`, `modified_by`, `name`, `currency`) VALUES (1, 0, 2, '60000.00', 2, '2025-05-03 01:01:19', 69, '2025-05-03 01:01:19', NULL, NULL, 'https://res.cloudinary.com/dfjqteia2/image/upload/v1744313757/d0x6emij6jnsklvsyees.jpg', NULL, 'Combo: Mì xốt bò hầm + xúc xích', 'VND');
INSERT INTO `addons` (`is_active`, `is_free`, `max_quantity`, `price`, `addon_type_id`, `created_date`, `id`, `modified_date`, `created_by`, `description`, `img_url`, `modified_by`, `name`, `currency`) VALUES (1, 0, 2, '60000.00', 2, '2025-05-03 01:01:19', 70, '2025-05-03 01:01:19', NULL, NULL, 'https://res.cloudinary.com/dfjqteia2/image/upload/v1744313757/jpuvmapqnw0whidxeiou.jpg', NULL, 'Combo: Mì Lẩu Thái + xúc xích', 'VND');
INSERT INTO `addons` (`is_active`, `is_free`, `max_quantity`, `price`, `addon_type_id`, `created_date`, `id`, `modified_date`, `created_by`, `description`, `img_url`, `modified_by`, `name`, `currency`) VALUES (1, 0, 2, '90000.00', 2, '2025-05-03 01:01:19', 71, '2025-05-03 01:01:19', NULL, NULL, 'https://res.cloudinary.com/dfjqteia2/image/upload/v1744313758/au0dq0wk7r7isf62styt.jpg', NULL, 'Combo bánh mì + hạt điều + cà phê sữa', 'VND');
INSERT INTO `addons` (`is_active`, `is_free`, `max_quantity`, `price`, `addon_type_id`, `created_date`, `id`, `modified_date`, `created_by`, `description`, `img_url`, `modified_by`, `name`, `currency`) VALUES (1, 0, 2, '120000.00', 2, '2025-05-03 01:01:19', 72, '2025-05-03 01:01:19', NULL, NULL, 'https://res.cloudinary.com/dfjqteia2/image/upload/v1744313759/g0jsxe96zimluaiuskid.jpg', NULL, 'Cơm chiên Thái + hạt điều + nước', 'VND');
INSERT INTO `addons` (`is_active`, `is_free`, `max_quantity`, `price`, `addon_type_id`, `created_date`, `id`, `modified_date`, `created_by`, `description`, `img_url`, `modified_by`, `name`, `currency`) VALUES (1, 0, 2, '120000.00', 2, '2025-05-03 01:01:19', 73, '2025-05-03 01:01:19', NULL, NULL, 'https://res.cloudinary.com/dfjqteia2/image/upload/v1744313760/omsdsplwvmpeoyx5zslv.jpg', NULL, 'Dimsum Tam Bảo + hạt điều + nước', 'VND');
INSERT INTO `addons` (`is_active`, `is_free`, `max_quantity`, `price`, `addon_type_id`, `created_date`, `id`, `modified_date`, `created_by`, `description`, `img_url`, `modified_by`, `name`, `currency`) VALUES (1, 0, 2, '120000.00', 2, '2025-05-03 01:01:19', 74, '2025-05-03 01:01:19', NULL, NULL, 'https://res.cloudinary.com/dfjqteia2/image/upload/v1744313761/gyltpa3yhe7n64jbjfvi.jpg', NULL, 'Bún xào Singapore + hạt điều + nước', 'VND');
INSERT INTO `addons` (`is_active`, `is_free`, `max_quantity`, `price`, `addon_type_id`, `created_date`, `id`, `modified_date`, `created_by`, `description`, `img_url`, `modified_by`, `name`, `currency`) VALUES (1, 0, 2, '120000.00', 2, '2025-05-03 01:01:19', 75, '2025-05-03 01:01:19', NULL, NULL, 'https://res.cloudinary.com/dfjqteia2/image/upload/v1744313762/jwma2nj2ecfdmyt9a7cq.jpg', NULL, 'Phở Thìn Đặc Biệt + hạt điều + nước', 'VND');
INSERT INTO `addons` (`is_active`, `is_free`, `max_quantity`, `price`, `addon_type_id`, `created_date`, `id`, `modified_date`, `created_by`, `description`, `img_url`, `modified_by`, `name`, `currency`) VALUES (1, 0, 2, '85000.00', 2, '2025-05-03 01:01:19', 76, '2025-05-03 01:01:19', NULL, NULL, 'https://res.cloudinary.com/dfjqteia2/image/upload/v1744313762/eexhzwbg74duthr2x7ne.jpg', NULL, 'Happy Combo Bia + Khô gà', 'VND');
INSERT INTO `addons` (`is_active`, `is_free`, `max_quantity`, `price`, `addon_type_id`, `created_date`, `id`, `modified_date`, `created_by`, `description`, `img_url`, `modified_by`, `name`, `currency`) VALUES (1, 0, 2, '120000.00', 2, '2025-05-03 01:01:19', 77, '2025-05-03 01:01:19', NULL, NULL, 'https://res.cloudinary.com/dfjqteia2/image/upload/v1744313763/wtwtk4xjm1ajiiujrwxz.jpg', NULL, 'Cơm dừa Malaysia + hạt điều + nước', 'VND');
INSERT INTO `addons` (`is_active`, `is_free`, `max_quantity`, `price`, `addon_type_id`, `created_date`, `id`, `modified_date`, `created_by`, `description`, `img_url`, `modified_by`, `name`, `currency`) VALUES (1, 0, 2, '120000.00', 2, '2025-05-03 01:01:19', 78, '2025-05-03 01:01:19', NULL, NULL, 'https://res.cloudinary.com/dfjqteia2/image/upload/v1744313764/cqjnegx0ewvwhb8lbopt.jpg', NULL, 'Bánh chưng chà bông  + hạt điều + nước', 'VND');
INSERT INTO `addons` (`is_active`, `is_free`, `max_quantity`, `price`, `addon_type_id`, `created_date`, `id`, `modified_date`, `created_by`, `description`, `img_url`, `modified_by`, `name`, `currency`) VALUES (1, 0, 2, '120000.00', 2, '2025-05-03 01:01:19', 79, '2025-05-03 01:01:19', NULL, NULL, 'https://res.cloudinary.com/dfjqteia2/image/upload/v1744313765/n1saqt20ex8hyspsioeh.jpg', NULL, 'Xôi khúc giò + hạt điều + nước', 'VND');
INSERT INTO `addons` (`is_active`, `is_free`, `max_quantity`, `price`, `addon_type_id`, `created_date`, `id`, `modified_date`, `created_by`, `description`, `img_url`, `modified_by`, `name`, `currency`) VALUES (1, 0, 2, '120000.00', 2, '2025-05-03 01:01:19', 80, '2025-05-03 01:01:19', NULL, NULL, 'https://res.cloudinary.com/dfjqteia2/image/upload/v1744313766/mixwtxddc0a8cmtoctyl.jpg', NULL, 'Cơm chiên Thái + Bánh que Sô-cô-la + Coca Cola', 'VND');
INSERT INTO `addons` (`is_active`, `is_free`, `max_quantity`, `price`, `addon_type_id`, `created_date`, `id`, `modified_date`, `created_by`, `description`, `img_url`, `modified_by`, `name`, `currency`) VALUES (1, 0, 2, '90000.00', 2, '2025-05-03 01:01:19', 81, '2025-05-03 01:01:19', NULL, NULL, 'https://res.cloudinary.com/dfjqteia2/image/upload/v1744313768/otgorhddydk31c9rdcsu.jpg', NULL, 'Combo bánh mì + hạt điều + nước', 'VND');
INSERT INTO `addons` (`is_active`, `is_free`, `max_quantity`, `price`, `addon_type_id`, `created_date`, `id`, `modified_date`, `created_by`, `description`, `img_url`, `modified_by`, `name`, `currency`) VALUES (1, 0, 2, '120000.00', 2, '2025-05-03 01:01:19', 82, '2025-05-03 01:01:19', NULL, NULL, 'https://res.cloudinary.com/dfjqteia2/image/upload/v1744313769/veocybe7hugvhijm8myx.jpg', NULL, 'Miến xào tôm cua  + hạt điều + nước', 'VND');
INSERT INTO `addons` (`is_active`, `is_free`, `max_quantity`, `price`, `addon_type_id`, `created_date`, `id`, `modified_date`, `created_by`, `description`, `img_url`, `modified_by`, `name`, `currency`) VALUES (1, 0, 1, '250000.00', 1, '2025-05-03 01:01:19', 83, '2025-05-03 01:01:19', NULL, 'Thêm 10kg hành lý ký gửi cho chuyến bay của bạn.', NULL, NULL, 'Hành lý 10kg', 'VND');
INSERT INTO `addons` (`is_active`, `is_free`, `max_quantity`, `price`, `addon_type_id`, `created_date`, `id`, `modified_date`, `created_by`, `description`, `img_url`, `modified_by`, `name`, `currency`) VALUES (1, 0, 1, '450000.00', 1, '2025-05-03 01:01:19', 84, '2025-05-03 01:01:19', NULL, 'Thêm 20kg hành lý ký gửi để mang theo nhiều đồ hơn.', NULL, NULL, 'Hành lý 20kg', 'VND');
INSERT INTO `addons` (`is_active`, `is_free`, `max_quantity`, `price`, `addon_type_id`, `created_date`, `id`, `modified_date`, `created_by`, `description`, `img_url`, `modified_by`, `name`, `currency`) VALUES (1, 0, 1, '650000.00', 1, '2025-05-03 01:01:19', 85, '2025-05-03 01:01:19', NULL, 'Thêm 30kg hành lý ký gửi cho nhu cầu lớn hơn.', NULL, NULL, 'Hành lý 30kg', 'VND');
INSERT INTO `addons` (`is_active`, `is_free`, `max_quantity`, `price`, `addon_type_id`, `created_date`, `id`, `modified_date`, `created_by`, `description`, `img_url`, `modified_by`, `name`, `currency`) VALUES (1, 0, 1, '150000.00', 1, '2025-05-03 01:01:19', 86, '2025-05-03 01:01:19', NULL, 'Thêm 5kg hành lý xách tay bổ sung ngoài tiêu chuẩn.', NULL, NULL, 'Hành lý xách tay 5kg', 'VND');
INSERT INTO `addons` (`is_active`, `is_free`, `max_quantity`, `price`, `addon_type_id`, `created_date`, `id`, `modified_date`, `created_by`, `description`, `img_url`, `modified_by`, `name`, `currency`) VALUES (1, 0, 1, '800000.00', 1, '2025-05-03 01:01:19', 87, '2025-05-03 01:01:19', NULL, 'Mang theo dụng cụ thể thao như gậy golf, ván trượt.', NULL, NULL, 'Hành lý đặc biệt (Thể thao)', 'VND');
INSERT INTO `addons` (`is_active`, `is_free`, `max_quantity`, `price`, `addon_type_id`, `created_date`, `id`, `modified_date`, `created_by`, `description`, `img_url`, `modified_by`, `name`, `currency`) VALUES (1, 0, 1, '150000.00', 3, '2025-05-03 01:01:19', 88, '2025-05-03 01:01:19', NULL, 'Bồi thường nếu chuyến bay bị trễ quá 2 giờ.', NULL, NULL, 'Bảo hiểm trễ chuyến', 'VND');
INSERT INTO `addons` (`is_active`, `is_free`, `max_quantity`, `price`, `addon_type_id`, `created_date`, `id`, `modified_date`, `created_by`, `description`, `img_url`, `modified_by`, `name`, `currency`) VALUES (1, 0, 1, '200000.00', 3, '2025-05-03 01:01:19', 89, '2025-05-03 01:01:19', NULL, 'Hoàn tiền vé nếu hủy chuyến vì lý do cá nhân.', NULL, NULL, 'Bảo hiểm hủy chuyến', 'VND');
INSERT INTO `addons` (`is_active`, `is_free`, `max_quantity`, `price`, `addon_type_id`, `created_date`, `id`, `modified_date`, `created_by`, `description`, `img_url`, `modified_by`, `name`, `currency`) VALUES (1, 0, 1, '300000.00', 3, '2025-05-03 01:01:19', 90, '2025-05-03 01:01:19', NULL, 'Chi trả chi phí y tế trong chuyến đi.', NULL, NULL, 'Bảo hiểm y tế du lịch', 'VND');
INSERT INTO `addons` (`is_active`, `is_free`, `max_quantity`, `price`, `addon_type_id`, `created_date`, `id`, `modified_date`, `created_by`, `description`, `img_url`, `modified_by`, `name`, `currency`) VALUES (1, 0, 1, '250000.00', 3, '2025-05-03 01:01:19', 91, '2025-05-03 01:01:19', NULL, 'Bồi thường nếu hành lý bị mất trong chuyến bay.', NULL, NULL, 'Bảo hiểm mất hành lý', 'VND');
INSERT INTO `addons` (`is_active`, `is_free`, `max_quantity`, `price`, `addon_type_id`, `created_date`, `id`, `modified_date`, `created_by`, `description`, `img_url`, `modified_by`, `name`, `currency`) VALUES (1, 0, 1, '500000.00', 3, '2025-05-03 01:01:19', 92, '2025-05-03 01:01:19', NULL, 'Bao gồm trễ chuyến, hủy chuyến, y tế và mất hành lý.', NULL, NULL, 'Bảo hiểm toàn diện', 'VND');
INSERT INTO `addons` (`is_active`, `is_free`, `max_quantity`, `price`, `addon_type_id`, `created_date`, `id`, `modified_date`, `created_by`, `description`, `img_url`, `modified_by`, `name`, `currency`) VALUES (1, 0, 1, '150000.00', 5, '2025-05-03 01:01:19', 93, '2025-05-03 01:01:19', NULL, 'Gối cổ êm ái giúp bạn thư giãn trong suốt chuyến bay dài.', NULL, NULL, 'Gối cổ du lịch', 'VND');
INSERT INTO `addons` (`is_active`, `is_free`, `max_quantity`, `price`, `addon_type_id`, `created_date`, `id`, `modified_date`, `created_by`, `description`, `img_url`, `modified_by`, `name`, `currency`) VALUES (1, 0, 1, '200000.00', 5, '2025-05-03 01:01:19', 94, '2025-05-03 01:01:19', NULL, 'Truy cập internet nhanh chóng và tiện lợi trong suốt chuyến bay.', NULL, NULL, 'Dịch vụ Wi-Fi trên máy bay', 'VND');
INSERT INTO `addons` (`is_active`, `is_free`, `max_quantity`, `price`, `addon_type_id`, `created_date`, `id`, `modified_date`, `created_by`, `description`, `img_url`, `modified_by`, `name`, `currency`) VALUES (1, 0, 1, '300000.00', 5, '2025-05-03 01:01:19', 95, '2025-05-03 01:01:19', NULL, 'Tai nghe chất lượng cao giúp giảm tiếng ồn và mang lại trải nghiệm âm thanh tuyệt vời.', NULL, NULL, 'Bộ tai nghe chống ồn', 'VND');
INSERT INTO `addons` (`is_active`, `is_free`, `max_quantity`, `price`, `addon_type_id`, `created_date`, `id`, `modified_date`, `created_by`, `description`, `img_url`, `modified_by`, `name`, `currency`) VALUES (1, 0, 1, '400000.00', 5, '2025-05-03 01:01:19', 96, '2025-05-03 01:01:19', NULL, 'Dịch vụ chuyển hành lý của bạn đến điểm đến nhanh chóng, thuận tiện mà không cần phải đợi tại sân bay.', NULL, NULL, 'Dịch vụ chuyển phát nhanh hành lý', 'VND');

INSERT INTO `aircraft` (`airline_id`, `created_date`, `id`, `manufacture_date`, `model_id`, `modified_date`, `created_by`, `modified_by`, `registration_number`) VALUES (1, '2025-05-03 01:01:11', 1, '2019-04-15 00:00:00', 1, '2025-05-03 01:01:11', NULL, NULL, 'VN-A350');
INSERT INTO `aircraft` (`airline_id`, `created_date`, `id`, `manufacture_date`, `model_id`, `modified_date`, `created_by`, `modified_by`, `registration_number`) VALUES (1, '2025-05-03 01:01:11', 2, '2019-04-15 00:00:00', 1, '2025-05-03 01:01:11', NULL, NULL, 'VN-A312');
INSERT INTO `aircraft` (`airline_id`, `created_date`, `id`, `manufacture_date`, `model_id`, `modified_date`, `created_by`, `modified_by`, `registration_number`) VALUES (1, '2025-05-03 01:01:11', 3, '2021-06-20 00:00:00', 2, '2025-05-03 01:01:11', NULL, NULL, 'VN-A351');
INSERT INTO `aircraft` (`airline_id`, `created_date`, `id`, `manufacture_date`, `model_id`, `modified_date`, `created_by`, `modified_by`, `registration_number`) VALUES (1, '2025-05-03 01:01:11', 4, '2018-12-10 00:00:00', 3, '2025-05-03 01:01:11', NULL, NULL, 'VN-A380');
INSERT INTO `aircraft` (`airline_id`, `created_date`, `id`, `manufacture_date`, `model_id`, `modified_date`, `created_by`, `modified_by`, `registration_number`) VALUES (1, '2025-05-03 01:01:11', 5, '2020-09-05 00:00:00', 4, '2025-05-03 01:01:11', NULL, NULL, 'VN-A330');
INSERT INTO `aircraft` (`airline_id`, `created_date`, `id`, `manufacture_date`, `model_id`, `modified_date`, `created_by`, `modified_by`, `registration_number`) VALUES (1, '2025-05-03 01:01:11', 6, '2022-01-22 00:00:00', 5, '2025-05-03 01:01:11', NULL, NULL, 'VN-A220');
INSERT INTO `aircraft` (`airline_id`, `created_date`, `id`, `manufacture_date`, `model_id`, `modified_date`, `created_by`, `modified_by`, `registration_number`) VALUES (1, '2025-05-03 01:01:11', 7, '2017-07-14 00:00:00', 6, '2025-05-03 01:01:11', NULL, NULL, 'VN-A320');
INSERT INTO `aircraft` (`airline_id`, `created_date`, `id`, `manufacture_date`, `model_id`, `modified_date`, `created_by`, `modified_by`, `registration_number`) VALUES (1, '2025-05-03 01:01:11', 8, '2023-02-18 00:00:00', 7, '2025-05-03 01:01:11', NULL, NULL, 'VN-A321');
INSERT INTO `aircraft` (`airline_id`, `created_date`, `id`, `manufacture_date`, `model_id`, `modified_date`, `created_by`, `modified_by`, `registration_number`) VALUES (1, '2025-05-03 01:01:11', 9, '2016-05-30 00:00:00', 8, '2025-05-03 01:01:11', NULL, NULL, 'VN-A333');
INSERT INTO `aircraft` (`airline_id`, `created_date`, `id`, `manufacture_date`, `model_id`, `modified_date`, `created_by`, `modified_by`, `registration_number`) VALUES (1, '2025-05-03 01:01:11', 10, '2015-08-08 00:00:00', 9, '2025-05-03 01:01:11', NULL, NULL, 'VN-A346');

INSERT INTO `aircraft_model` (`business_capacity`, `capacity`, `premium_capacity`, `standard_capacity`, `created_date`, `id`, `modified_date`, `created_by`, `model_code`, `model_name`, `modified_by`) VALUES (48, 119, 21, 50, '2025-05-03 01:01:10', 1, '2025-05-03 01:01:10', NULL, 'A350-900', 'Airbus A350-900', NULL);
INSERT INTO `aircraft_model` (`business_capacity`, `capacity`, `premium_capacity`, `standard_capacity`, `created_date`, `id`, `modified_date`, `created_by`, `model_code`, `model_name`, `modified_by`) VALUES (54, 150, 21, 75, '2025-05-03 01:01:10', 2, '2025-05-03 01:01:10', NULL, 'A350-1000', 'Airbus A350-1000', NULL);
INSERT INTO `aircraft_model` (`business_capacity`, `capacity`, `premium_capacity`, `standard_capacity`, `created_date`, `id`, `modified_date`, `created_by`, `model_code`, `model_name`, `modified_by`) VALUES (96, 171, 0, 75, '2025-05-03 01:01:10', 3, '2025-05-03 01:01:10', NULL, 'A380-800', 'Airbus A380-800', NULL);
INSERT INTO `aircraft_model` (`business_capacity`, `capacity`, `premium_capacity`, `standard_capacity`, `created_date`, `id`, `modified_date`, `created_by`, `model_code`, `model_name`, `modified_by`) VALUES (28, 79, 21, 30, '2025-05-03 01:01:10', 4, '2025-05-03 01:01:10', NULL, 'A330-900neo', 'Airbus A330-900neo', NULL);
INSERT INTO `aircraft_model` (`business_capacity`, `capacity`, `premium_capacity`, `standard_capacity`, `created_date`, `id`, `modified_date`, `created_by`, `model_code`, `model_name`, `modified_by`) VALUES (12, 37, 0, 25, '2025-05-03 01:01:11', 5, '2025-05-03 01:01:11', NULL, 'A220-300', 'Airbus A220-300', NULL);
INSERT INTO `aircraft_model` (`business_capacity`, `capacity`, `premium_capacity`, `standard_capacity`, `created_date`, `id`, `modified_date`, `created_by`, `model_code`, `model_name`, `modified_by`) VALUES (12, 66, 24, 30, '2025-05-03 01:01:11', 6, '2025-05-03 01:01:11', NULL, 'A320neo', 'Airbus A320neo', NULL);
INSERT INTO `aircraft_model` (`business_capacity`, `capacity`, `premium_capacity`, `standard_capacity`, `created_date`, `id`, `modified_date`, `created_by`, `model_code`, `model_name`, `modified_by`) VALUES (20, 80, 30, 30, '2025-05-03 01:01:11', 7, '2025-05-03 01:01:11', NULL, 'A321XLR', 'Airbus A321XLR', NULL);
INSERT INTO `aircraft_model` (`business_capacity`, `capacity`, `premium_capacity`, `standard_capacity`, `created_date`, `id`, `modified_date`, `created_by`, `model_code`, `model_name`, `modified_by`) VALUES (36, 94, 28, 30, '2025-05-03 01:01:11', 8, '2025-05-03 01:01:11', NULL, 'A330-300', 'Airbus A330-300', NULL);
INSERT INTO `aircraft_model` (`business_capacity`, `capacity`, `premium_capacity`, `standard_capacity`, `created_date`, `id`, `modified_date`, `created_by`, `model_code`, `model_name`, `modified_by`) VALUES (50, 114, 32, 32, '2025-05-03 01:01:11', 9, '2025-05-03 01:01:11', NULL, 'A340-600', 'Airbus A340-600', NULL);

INSERT INTO `airlines` (`created_date`, `id`, `modified_date`, `airline_code`, `airline_name`, `created_by`, `modified_by`) VALUES ('2025-05-03 01:01:11', 1, '2025-05-03 01:01:11', 'VJ', 'VietJoke Airlines', NULL, NULL);

INSERT INTO `airports` (`created_date`, `id`, `modified_date`, `province_id`, `airport_code`, `airport_eng_name`, `airport_name`, `created_by`, `modified_by`, `time_zone`, `utc_offset`) VALUES ('2025-05-03 01:01:02', 1, '2025-05-03 01:01:02', 1, 'SGN', 'Tan Son Nhat Airport', 'Sân bay Tân Sơn Nhất', NULL, NULL, NULL, NULL);
INSERT INTO `airports` (`created_date`, `id`, `modified_date`, `province_id`, `airport_code`, `airport_eng_name`, `airport_name`, `created_by`, `modified_by`, `time_zone`, `utc_offset`) VALUES ('2025-05-03 01:01:02', 2, '2025-05-03 01:01:02', 2, 'HAN', 'Noibai Airport', 'Sân bay Nội Bài', NULL, NULL, NULL, NULL);
INSERT INTO `airports` (`created_date`, `id`, `modified_date`, `province_id`, `airport_code`, `airport_eng_name`, `airport_name`, `created_by`, `modified_by`, `time_zone`, `utc_offset`) VALUES ('2025-05-03 01:01:02', 3, '2025-05-03 01:01:02', 3, 'BMV', 'Buon Ma Thuot Airport', 'Sây bay Buôn Ma Thuột', NULL, NULL, NULL, NULL);
INSERT INTO `airports` (`created_date`, `id`, `modified_date`, `province_id`, `airport_code`, `airport_eng_name`, `airport_name`, `created_by`, `modified_by`, `time_zone`, `utc_offset`) VALUES ('2025-05-03 01:01:02', 4, '2025-05-03 01:01:02', 4, 'VCA', 'Tra Noc Airport', 'Sân bay Trà Nóc', NULL, NULL, NULL, NULL);
INSERT INTO `airports` (`created_date`, `id`, `modified_date`, `province_id`, `airport_code`, `airport_eng_name`, `airport_name`, `created_by`, `modified_by`, `time_zone`, `utc_offset`) VALUES ('2025-05-03 01:01:02', 5, '2025-05-03 01:01:02', 5, 'VCL', 'Chu Lai Airport', 'Sân bay Chu Lai', NULL, NULL, NULL, NULL);
INSERT INTO `airports` (`created_date`, `id`, `modified_date`, `province_id`, `airport_code`, `airport_eng_name`, `airport_name`, `created_by`, `modified_by`, `time_zone`, `utc_offset`) VALUES ('2025-05-03 01:01:02', 6, '2025-05-03 01:01:02', 6, 'DLI', 'Lien Khuong Airport', 'Sân bay Liên Khương', NULL, NULL, NULL, NULL);
INSERT INTO `airports` (`created_date`, `id`, `modified_date`, `province_id`, `airport_code`, `airport_eng_name`, `airport_name`, `created_by`, `modified_by`, `time_zone`, `utc_offset`) VALUES ('2025-05-03 01:01:02', 7, '2025-05-03 01:01:02', 7, 'DAD', 'Da Nang Airport', 'Sân bay Đà Nẵng', NULL, NULL, NULL, NULL);
INSERT INTO `airports` (`created_date`, `id`, `modified_date`, `province_id`, `airport_code`, `airport_eng_name`, `airport_name`, `created_by`, `modified_by`, `time_zone`, `utc_offset`) VALUES ('2025-05-03 01:01:02', 8, '2025-05-03 01:01:02', 8, 'DIN', 'Dien Bien Airport', 'Sân bay Điện Biên', NULL, NULL, NULL, NULL);
INSERT INTO `airports` (`created_date`, `id`, `modified_date`, `province_id`, `airport_code`, `airport_eng_name`, `airport_name`, `created_by`, `modified_by`, `time_zone`, `utc_offset`) VALUES ('2025-05-03 01:01:02', 9, '2025-05-03 01:01:02', 9, 'VDH', 'Dong Hoi Airport', 'Sân bay Đồng Hới', NULL, NULL, NULL, NULL);
INSERT INTO `airports` (`created_date`, `id`, `modified_date`, `province_id`, `airport_code`, `airport_eng_name`, `airport_name`, `created_by`, `modified_by`, `time_zone`, `utc_offset`) VALUES ('2025-05-03 01:01:02', 10, '2025-05-03 01:01:02', 10, 'HPH', 'Cat Bi Airport', 'Sân bay Cát Bi', NULL, NULL, NULL, NULL);
INSERT INTO `airports` (`created_date`, `id`, `modified_date`, `province_id`, `airport_code`, `airport_eng_name`, `airport_name`, `created_by`, `modified_by`, `time_zone`, `utc_offset`) VALUES ('2025-05-03 01:01:02', 11, '2025-05-03 01:01:02', 11, 'VDO', 'Van Don International Airport', 'Sân bay Quốc tế Vân Đồn', NULL, NULL, NULL, NULL);
INSERT INTO `airports` (`created_date`, `id`, `modified_date`, `province_id`, `airport_code`, `airport_eng_name`, `airport_name`, `created_by`, `modified_by`, `time_zone`, `utc_offset`) VALUES ('2025-05-03 01:01:02', 12, '2025-05-03 01:01:02', 12, 'HUI', 'Phu Bai Airport', 'Sân bay Phú Bài', NULL, NULL, NULL, NULL);
INSERT INTO `airports` (`created_date`, `id`, `modified_date`, `province_id`, `airport_code`, `airport_eng_name`, `airport_name`, `created_by`, `modified_by`, `time_zone`, `utc_offset`) VALUES ('2025-05-03 01:01:02', 13, '2025-05-03 01:01:02', 13, 'CXR', 'Cam Ranh Airport', 'Sân bay Cam Ranh', NULL, NULL, NULL, NULL);
INSERT INTO `airports` (`created_date`, `id`, `modified_date`, `province_id`, `airport_code`, `airport_eng_name`, `airport_name`, `created_by`, `modified_by`, `time_zone`, `utc_offset`) VALUES ('2025-05-03 01:01:02', 14, '2025-05-03 01:01:02', 14, 'PQC', 'Phu Quoc Airport', 'Sân bay Phú Quốc', NULL, NULL, NULL, NULL);
INSERT INTO `airports` (`created_date`, `id`, `modified_date`, `province_id`, `airport_code`, `airport_eng_name`, `airport_name`, `created_by`, `modified_by`, `time_zone`, `utc_offset`) VALUES ('2025-05-03 01:01:02', 15, '2025-05-03 01:01:02', 15, 'PXU', 'Pleiku Airport', 'Sân bay Pleiku', NULL, NULL, NULL, NULL);
INSERT INTO `airports` (`created_date`, `id`, `modified_date`, `province_id`, `airport_code`, `airport_eng_name`, `airport_name`, `created_by`, `modified_by`, `time_zone`, `utc_offset`) VALUES ('2025-05-03 01:01:02', 16, '2025-05-03 01:01:02', 16, 'UIH', 'Phu Cat Airport', 'Sân bay Phù Cát', NULL, NULL, NULL, NULL);
INSERT INTO `airports` (`created_date`, `id`, `modified_date`, `province_id`, `airport_code`, `airport_eng_name`, `airport_name`, `created_by`, `modified_by`, `time_zone`, `utc_offset`) VALUES ('2025-05-03 01:01:02', 17, '2025-05-03 01:01:02', 17, 'THD', 'Tho Xuan Airport', 'Sân bay Thọ Xuân', NULL, NULL, NULL, NULL);
INSERT INTO `airports` (`created_date`, `id`, `modified_date`, `province_id`, `airport_code`, `airport_eng_name`, `airport_name`, `created_by`, `modified_by`, `time_zone`, `utc_offset`) VALUES ('2025-05-03 01:01:02', 18, '2025-05-03 01:01:02', 18, 'TBB', 'Tuy Hoa Airport', 'Sân bay Tuy Hoà', NULL, NULL, NULL, NULL);
INSERT INTO `airports` (`created_date`, `id`, `modified_date`, `province_id`, `airport_code`, `airport_eng_name`, `airport_name`, `created_by`, `modified_by`, `time_zone`, `utc_offset`) VALUES ('2025-05-03 01:01:02', 19, '2025-05-03 01:01:02', 19, 'VII', 'Vinh International Airport', 'Sân bay Quốc tế Vinh', NULL, NULL, NULL, NULL);

INSERT INTO `booking_addons` (`price`, `quantity`, `addon_id`, `booking_detail_id`, `created_date`, `id`, `modified_date`, `created_by`, `modified_by`) VALUES ('0.00', 1, 22, 9, '2025-05-12 11:17:39', 9, '2025-05-12 11:17:39', NULL, NULL);
INSERT INTO `booking_addons` (`price`, `quantity`, `addon_id`, `booking_detail_id`, `created_date`, `id`, `modified_date`, `created_by`, `modified_by`) VALUES ('0.00', 1, 23, 9, '2025-05-12 11:17:39', 10, '2025-05-12 11:17:39', NULL, NULL);
INSERT INTO `booking_addons` (`price`, `quantity`, `addon_id`, `booking_detail_id`, `created_date`, `id`, `modified_date`, `created_by`, `modified_by`) VALUES ('0.00', 1, 22, 11, '2025-05-12 11:52:03', 11, '2025-05-12 11:52:03', NULL, NULL);
INSERT INTO `booking_addons` (`price`, `quantity`, `addon_id`, `booking_detail_id`, `created_date`, `id`, `modified_date`, `created_by`, `modified_by`) VALUES ('0.00', 1, 23, 11, '2025-05-12 11:52:03', 12, '2025-05-12 11:52:03', NULL, NULL);
INSERT INTO `booking_addons` (`price`, `quantity`, `addon_id`, `booking_detail_id`, `created_date`, `id`, `modified_date`, `created_by`, `modified_by`) VALUES ('0.00', 1, 22, 13, '2025-05-14 19:52:13', 13, '2025-05-14 19:52:13', NULL, NULL);
INSERT INTO `booking_addons` (`price`, `quantity`, `addon_id`, `booking_detail_id`, `created_date`, `id`, `modified_date`, `created_by`, `modified_by`) VALUES ('0.00', 1, 23, 13, '2025-05-14 19:52:13', 14, '2025-05-14 19:52:13', NULL, NULL);

INSERT INTO `booking_details` (`checked_in`, `discount_amount`, `fare_amount`, `fee_amount`, `tax_amount`, `total_amount`, `booking_id`, `checkin_time`, `created_date`, `fare_class_id`, `flight_id`, `id`, `modified_date`, `passenger_id`, `seat_reservation_id`, `seat_number`, `created_by`, `modified_by`, `seat_reservation_history_number`) VALUES (0, '0.00', '11000000.00', '0.00', '0.00', '11000000.00', 5, NULL, '2025-05-12 11:17:39', 1, 7, 9, '2025-05-14 19:17:44', 16, NULL, NULL, NULL, NULL, 'PRM-1');
INSERT INTO `booking_details` (`checked_in`, `discount_amount`, `fare_amount`, `fee_amount`, `tax_amount`, `total_amount`, `booking_id`, `checkin_time`, `created_date`, `fare_class_id`, `flight_id`, `id`, `modified_date`, `passenger_id`, `seat_reservation_id`, `seat_number`, `created_by`, `modified_by`, `seat_reservation_history_number`) VALUES (0, '0.00', '11000000.00', '0.00', '0.00', '11000000.00', 5, NULL, '2025-05-12 11:17:39', 1, 7, 10, '2025-05-14 19:17:44', 17, NULL, NULL, NULL, NULL, 'PRM-2');
INSERT INTO `booking_details` (`checked_in`, `discount_amount`, `fare_amount`, `fee_amount`, `tax_amount`, `total_amount`, `booking_id`, `checkin_time`, `created_date`, `fare_class_id`, `flight_id`, `id`, `modified_date`, `passenger_id`, `seat_reservation_id`, `seat_number`, `created_by`, `modified_by`, `seat_reservation_history_number`) VALUES (0, '0.00', '11000000.00', '0.00', '0.00', '11000000.00', 6, NULL, '2025-05-12 11:52:03', 1, 7, 11, '2025-05-12 11:52:03', 16, 652, NULL, NULL, NULL, NULL);
INSERT INTO `booking_details` (`checked_in`, `discount_amount`, `fare_amount`, `fee_amount`, `tax_amount`, `total_amount`, `booking_id`, `checkin_time`, `created_date`, `fare_class_id`, `flight_id`, `id`, `modified_date`, `passenger_id`, `seat_reservation_id`, `seat_number`, `created_by`, `modified_by`, `seat_reservation_history_number`) VALUES (0, '0.00', '11000000.00', '0.00', '0.00', '11000000.00', 6, NULL, '2025-05-12 11:52:03', 1, 7, 12, '2025-05-12 11:52:03', 18, 661, NULL, NULL, NULL, NULL);
INSERT INTO `booking_details` (`checked_in`, `discount_amount`, `fare_amount`, `fee_amount`, `tax_amount`, `total_amount`, `booking_id`, `checkin_time`, `created_date`, `fare_class_id`, `flight_id`, `id`, `modified_date`, `passenger_id`, `seat_reservation_id`, `seat_number`, `created_by`, `modified_by`, `seat_reservation_history_number`) VALUES (0, '0.00', '11000000.00', '0.00', '0.00', '11000000.00', 7, NULL, '2025-05-14 19:52:13', 1, 7, 13, '2025-05-14 19:52:13', 16, 651, NULL, NULL, NULL, NULL);
INSERT INTO `booking_details` (`checked_in`, `discount_amount`, `fare_amount`, `fee_amount`, `tax_amount`, `total_amount`, `booking_id`, `checkin_time`, `created_date`, `fare_class_id`, `flight_id`, `id`, `modified_date`, `passenger_id`, `seat_reservation_id`, `seat_number`, `created_by`, `modified_by`, `seat_reservation_history_number`) VALUES (0, '0.00', '11000000.00', '0.00', '0.00', '11000000.00', 7, NULL, '2025-05-14 19:52:13', 1, 7, 14, '2025-05-14 19:52:13', 19, 660, NULL, NULL, NULL, NULL);

INSERT INTO `booking_payments` (`payment_amount`, `booking_id`, `created_date`, `id`, `modified_date`, `payment_date`, `created_by`, `modified_by`, `transaction_id`, `payment_method`, `payment_status`) VALUES ('22000000.00', 5, '2025-05-12 11:17:39', 1, '2025-05-12 11:17:39', '2025-05-12 11:17:04', NULL, NULL, '83X6760970370791G', 'PAYPAL', 'COMPLETED');
INSERT INTO `booking_payments` (`payment_amount`, `booking_id`, `created_date`, `id`, `modified_date`, `payment_date`, `created_by`, `modified_by`, `transaction_id`, `payment_method`, `payment_status`) VALUES ('22000000.00', 6, '2025-05-12 11:52:03', 2, '2025-05-12 11:52:03', '2025-05-12 11:52:01', NULL, NULL, '6WS8043744666115J', 'PAYPAL', 'COMPLETED');
INSERT INTO `booking_payments` (`payment_amount`, `booking_id`, `created_date`, `id`, `modified_date`, `payment_date`, `created_by`, `modified_by`, `transaction_id`, `payment_method`, `payment_status`) VALUES ('22000000.00', 7, '2025-05-14 19:52:13', 3, '2025-05-14 19:52:13', '2025-05-14 19:52:09', NULL, NULL, '6LK94383MT459882R', 'PAYPAL', 'COMPLETED');

INSERT INTO `booking_status` (`created_date`, `id`, `modified_date`, `status_name`, `created_by`, `description`, `modified_by`, `status_code`) VALUES ('2025-05-12 10:00:57', 1, '2025-05-12 10:00:57', 'Pending', NULL, 'The booking has been created but not yet paid. Waiting for payment or further confirmation from the user.', NULL, 'PENDING');
INSERT INTO `booking_status` (`created_date`, `id`, `modified_date`, `status_name`, `created_by`, `description`, `modified_by`, `status_code`) VALUES ('2025-05-12 10:00:58', 2, '2025-05-12 10:00:58', 'Confirmed', NULL, 'The booking has been successfully paid and confirmed. Seats and passenger information are secured.', NULL, 'CONFIRMED');
INSERT INTO `booking_status` (`created_date`, `id`, `modified_date`, `status_name`, `created_by`, `description`, `modified_by`, `status_code`) VALUES ('2025-05-12 10:00:58', 3, '2025-05-12 10:00:58', 'Cancelled', NULL, 'The booking was cancelled either by the user or the system. No longer valid.', NULL, 'CANCELLED');
INSERT INTO `booking_status` (`created_date`, `id`, `modified_date`, `status_name`, `created_by`, `description`, `modified_by`, `status_code`) VALUES ('2025-05-12 10:00:58', 4, '2025-05-12 10:00:58', 'Completed', NULL, 'The flight associated with the booking has been completed. Booking remains in the system for record-keeping.', NULL, 'COMPLETED');
INSERT INTO `booking_status` (`created_date`, `id`, `modified_date`, `status_name`, `created_by`, `description`, `modified_by`, `status_code`) VALUES ('2025-05-12 10:00:58', 5, '2025-05-12 10:00:58', 'Expired', NULL, 'The booking expired due to no action taken within the allowed time. Typically happens when payment was not made in time.', NULL, 'EXPIRED');

INSERT INTO `bookings` (`adult_count`, `child_count`, `discount_amount`, `infant_count`, `total_amount`, `booking_date`, `created_date`, `id`, `modified_date`, `promode_id`, `status_id`, `user_id`, `currency`, `booking_reference`, `trip_type`, `payment_method`, `payment_reference`, `created_by`, `modified_by`) VALUES (1, 0, '0.00', 1, '22000000.00', '2025-05-12 11:17:04', '2025-05-12 11:17:39', 5, '2025-05-12 11:17:39', NULL, 4, 1, 'VND', 'VNDC536F', 'ONEWAY', NULL, NULL, NULL, NULL);
INSERT INTO `bookings` (`adult_count`, `child_count`, `discount_amount`, `infant_count`, `total_amount`, `booking_date`, `created_date`, `id`, `modified_date`, `promode_id`, `status_id`, `user_id`, `currency`, `booking_reference`, `trip_type`, `payment_method`, `payment_reference`, `created_by`, `modified_by`) VALUES (1, 0, '0.00', 1, '22000000.00', '2025-05-12 11:52:01', '2025-05-12 11:52:03', 6, '2025-05-12 11:52:03', NULL, 4, 1, 'VND', 'VN2E7909', 'ONEWAY', NULL, NULL, NULL, NULL);
INSERT INTO `bookings` (`adult_count`, `child_count`, `discount_amount`, `infant_count`, `total_amount`, `booking_date`, `created_date`, `id`, `modified_date`, `promode_id`, `status_id`, `user_id`, `currency`, `booking_reference`, `trip_type`, `payment_method`, `payment_reference`, `created_by`, `modified_by`) VALUES (1, 0, '0.00', 1, '22000000.00', '2025-05-14 19:52:09', '2025-05-14 19:52:12', 7, '2025-05-14 19:52:12', NULL, 4, 1, 'VND', 'VN332086', 'ONEWAY', NULL, NULL, NULL, NULL);

INSERT INTO `countries` (`created_date`, `id`, `modified_date`, `area_code`, `country_code`, `country_eng_name`, `country_name`, `created_by`, `modified_by`) VALUES ('2025-05-03 01:01:02', 1, '2025-05-03 01:01:02', '84', 'VNM', 'Vietnam', 'Việt Nam', NULL, NULL);
INSERT INTO `countries` (`created_date`, `id`, `modified_date`, `area_code`, `country_code`, `country_eng_name`, `country_name`, `created_by`, `modified_by`) VALUES ('2025-05-03 01:01:03', 2, '2025-05-03 01:01:03', '297', 'ABW', 'Aruba', 'Aruba', NULL, NULL);
INSERT INTO `countries` (`created_date`, `id`, `modified_date`, `area_code`, `country_code`, `country_eng_name`, `country_name`, `created_by`, `modified_by`) VALUES ('2025-05-03 01:01:03', 3, '2025-05-03 01:01:03', '93', 'AFG', 'Afghanistan', 'Afghanistan', NULL, NULL);
INSERT INTO `countries` (`created_date`, `id`, `modified_date`, `area_code`, `country_code`, `country_eng_name`, `country_name`, `created_by`, `modified_by`) VALUES ('2025-05-03 01:01:03', 4, '2025-05-03 01:01:03', '244', 'AGO', 'Angola', 'Angola', NULL, NULL);
INSERT INTO `countries` (`created_date`, `id`, `modified_date`, `area_code`, `country_code`, `country_eng_name`, `country_name`, `created_by`, `modified_by`) VALUES ('2025-05-03 01:01:03', 5, '2025-05-03 01:01:03', NULL, 'AIA', 'Anguilla', 'Anguilla', NULL, NULL);
INSERT INTO `countries` (`created_date`, `id`, `modified_date`, `area_code`, `country_code`, `country_eng_name`, `country_name`, `created_by`, `modified_by`) VALUES ('2025-05-03 01:01:03', 6, '2025-05-03 01:01:03', '355', 'ALB', 'Albania', 'Albania', NULL, NULL);
INSERT INTO `countries` (`created_date`, `id`, `modified_date`, `area_code`, `country_code`, `country_eng_name`, `country_name`, `created_by`, `modified_by`) VALUES ('2025-05-03 01:01:03', 7, '2025-05-03 01:01:03', '376', 'AND', 'Andorra', 'Andorra', NULL, NULL);
INSERT INTO `countries` (`created_date`, `id`, `modified_date`, `area_code`, `country_code`, `country_eng_name`, `country_name`, `created_by`, `modified_by`) VALUES ('2025-05-03 01:01:03', 8, '2025-05-03 01:01:03', '31', 'ANT', 'Netherlands Antilles', 'Netherlands Antilles', NULL, NULL);
INSERT INTO `countries` (`created_date`, `id`, `modified_date`, `area_code`, `country_code`, `country_eng_name`, `country_name`, `created_by`, `modified_by`) VALUES ('2025-05-03 01:01:03', 9, '2025-05-03 01:01:03', '971', 'ARE', 'United Arab Emirates', 'United Arab Emirates', NULL, NULL);
INSERT INTO `countries` (`created_date`, `id`, `modified_date`, `area_code`, `country_code`, `country_eng_name`, `country_name`, `created_by`, `modified_by`) VALUES ('2025-05-03 01:01:03', 10, '2025-05-03 01:01:03', '54', 'ARG', 'Argentina', 'Argentina', NULL, NULL);
INSERT INTO `countries` (`created_date`, `id`, `modified_date`, `area_code`, `country_code`, `country_eng_name`, `country_name`, `created_by`, `modified_by`) VALUES ('2025-05-03 01:01:03', 11, '2025-05-03 01:01:03', '374', 'ARM', 'Armenia', 'Armenia', NULL, NULL);
INSERT INTO `countries` (`created_date`, `id`, `modified_date`, `area_code`, `country_code`, `country_eng_name`, `country_name`, `created_by`, `modified_by`) VALUES ('2025-05-03 01:01:03', 12, '2025-05-03 01:01:03', '685', 'ASM', 'American Samoa', 'American Samoa', NULL, NULL);
INSERT INTO `countries` (`created_date`, `id`, `modified_date`, `area_code`, `country_code`, `country_eng_name`, `country_name`, `created_by`, `modified_by`) VALUES ('2025-05-03 01:01:03', 13, '2025-05-03 01:01:03', NULL, 'ATA', 'Antarctica', 'Antarctica', NULL, NULL);
INSERT INTO `countries` (`created_date`, `id`, `modified_date`, `area_code`, `country_code`, `country_eng_name`, `country_name`, `created_by`, `modified_by`) VALUES ('2025-05-03 01:01:03', 14, '2025-05-03 01:01:03', '594', 'ATF', 'French Southern Terr', 'French Southern Terr', NULL, NULL);
INSERT INTO `countries` (`created_date`, `id`, `modified_date`, `area_code`, `country_code`, `country_eng_name`, `country_name`, `created_by`, `modified_by`) VALUES ('2025-05-03 01:01:03', 15, '2025-05-03 01:01:03', '1268', 'ATG', 'Antigua', 'Antigua', NULL, NULL);
INSERT INTO `countries` (`created_date`, `id`, `modified_date`, `area_code`, `country_code`, `country_eng_name`, `country_name`, `created_by`, `modified_by`) VALUES ('2025-05-03 01:01:03', 16, '2025-05-03 01:01:03', '61', 'AUS', 'Australia', 'Australia', NULL, NULL);
INSERT INTO `countries` (`created_date`, `id`, `modified_date`, `area_code`, `country_code`, `country_eng_name`, `country_name`, `created_by`, `modified_by`) VALUES ('2025-05-03 01:01:03', 17, '2025-05-03 01:01:03', '43', 'AUT', 'Austria', 'Áo', NULL, NULL);
INSERT INTO `countries` (`created_date`, `id`, `modified_date`, `area_code`, `country_code`, `country_eng_name`, `country_name`, `created_by`, `modified_by`) VALUES ('2025-05-03 01:01:03', 18, '2025-05-03 01:01:03', '994', 'AZE', 'Azerbaijan', 'Azerbaijan', NULL, NULL);
INSERT INTO `countries` (`created_date`, `id`, `modified_date`, `area_code`, `country_code`, `country_eng_name`, `country_name`, `created_by`, `modified_by`) VALUES ('2025-05-03 01:01:03', 19, '2025-05-03 01:01:03', '257', 'BDI', 'Burundi', 'Burundi', NULL, NULL);
INSERT INTO `countries` (`created_date`, `id`, `modified_date`, `area_code`, `country_code`, `country_eng_name`, `country_name`, `created_by`, `modified_by`) VALUES ('2025-05-03 01:01:03', 20, '2025-05-03 01:01:03', '32', 'BEL', 'Belgium', 'Belgium', NULL, NULL);
INSERT INTO `countries` (`created_date`, `id`, `modified_date`, `area_code`, `country_code`, `country_eng_name`, `country_name`, `created_by`, `modified_by`) VALUES ('2025-05-03 01:01:03', 21, '2025-05-03 01:01:03', '229', 'BEN', 'Benin', 'Benin', NULL, NULL);
INSERT INTO `countries` (`created_date`, `id`, `modified_date`, `area_code`, `country_code`, `country_eng_name`, `country_name`, `created_by`, `modified_by`) VALUES ('2025-05-03 01:01:03', 22, '2025-05-03 01:01:03', '226', 'BFA', 'Burkina Faso', 'Burkina Faso', NULL, NULL);
INSERT INTO `countries` (`created_date`, `id`, `modified_date`, `area_code`, `country_code`, `country_eng_name`, `country_name`, `created_by`, `modified_by`) VALUES ('2025-05-03 01:01:03', 23, '2025-05-03 01:01:03', '880', 'BGD', 'Bangladesh', 'Bangladesh', NULL, NULL);
INSERT INTO `countries` (`created_date`, `id`, `modified_date`, `area_code`, `country_code`, `country_eng_name`, `country_name`, `created_by`, `modified_by`) VALUES ('2025-05-03 01:01:03', 24, '2025-05-03 01:01:03', '359', 'BGR', 'Bulgaria', 'Bulgaria', NULL, NULL);
INSERT INTO `countries` (`created_date`, `id`, `modified_date`, `area_code`, `country_code`, `country_eng_name`, `country_name`, `created_by`, `modified_by`) VALUES ('2025-05-03 01:01:03', 25, '2025-05-03 01:01:03', '973', 'BHR', 'Bahrain', 'Bahrain', NULL, NULL);
INSERT INTO `countries` (`created_date`, `id`, `modified_date`, `area_code`, `country_code`, `country_eng_name`, `country_name`, `created_by`, `modified_by`) VALUES ('2025-05-03 01:01:03', 26, '2025-05-03 01:01:03', '1242', 'BHS', 'Bahamas', 'Bahamas', NULL, NULL);
INSERT INTO `countries` (`created_date`, `id`, `modified_date`, `area_code`, `country_code`, `country_eng_name`, `country_name`, `created_by`, `modified_by`) VALUES ('2025-05-03 01:01:03', 27, '2025-05-03 01:01:03', '387', 'BIH', 'Bosnia Herzegovina', 'Bosnia Herzegovina', NULL, NULL);
INSERT INTO `countries` (`created_date`, `id`, `modified_date`, `area_code`, `country_code`, `country_eng_name`, `country_name`, `created_by`, `modified_by`) VALUES ('2025-05-03 01:01:03', 28, '2025-05-03 01:01:03', '375', 'BLR', 'Belarus', 'Belarus', NULL, NULL);
INSERT INTO `countries` (`created_date`, `id`, `modified_date`, `area_code`, `country_code`, `country_eng_name`, `country_name`, `created_by`, `modified_by`) VALUES ('2025-05-03 01:01:03', 29, '2025-05-03 01:01:03', '501', 'BLZ', 'Belize', 'Belize', NULL, NULL);
INSERT INTO `countries` (`created_date`, `id`, `modified_date`, `area_code`, `country_code`, `country_eng_name`, `country_name`, `created_by`, `modified_by`) VALUES ('2025-05-03 01:01:03', 30, '2025-05-03 01:01:03', NULL, 'BMU', 'Bermuda', 'Bermuda', NULL, NULL);
INSERT INTO `countries` (`created_date`, `id`, `modified_date`, `area_code`, `country_code`, `country_eng_name`, `country_name`, `created_by`, `modified_by`) VALUES ('2025-05-03 01:01:03', 31, '2025-05-03 01:01:03', '591', 'BOL', 'Bolivia', 'Bolivia', NULL, NULL);
INSERT INTO `countries` (`created_date`, `id`, `modified_date`, `area_code`, `country_code`, `country_eng_name`, `country_name`, `created_by`, `modified_by`) VALUES ('2025-05-03 01:01:04', 32, '2025-05-03 01:01:04', '55', 'BRA', 'Brazil', 'Brazil', NULL, NULL);
INSERT INTO `countries` (`created_date`, `id`, `modified_date`, `area_code`, `country_code`, `country_eng_name`, `country_name`, `created_by`, `modified_by`) VALUES ('2025-05-03 01:01:04', 33, '2025-05-03 01:01:04', '1246', 'BRB', 'Barbados', 'Barbados', NULL, NULL);
INSERT INTO `countries` (`created_date`, `id`, `modified_date`, `area_code`, `country_code`, `country_eng_name`, `country_name`, `created_by`, `modified_by`) VALUES ('2025-05-03 01:01:04', 34, '2025-05-03 01:01:04', '975', 'BRN', 'Brunei', 'Brunei', NULL, NULL);
INSERT INTO `countries` (`created_date`, `id`, `modified_date`, `area_code`, `country_code`, `country_eng_name`, `country_name`, `created_by`, `modified_by`) VALUES ('2025-05-03 01:01:04', 35, '2025-05-03 01:01:04', NULL, 'BTN', 'Bhutan', 'Bhutan', NULL, NULL);
INSERT INTO `countries` (`created_date`, `id`, `modified_date`, `area_code`, `country_code`, `country_eng_name`, `country_name`, `created_by`, `modified_by`) VALUES ('2025-05-03 01:01:04', 36, '2025-05-03 01:01:04', NULL, 'BVT', 'Bouvet Island', 'Bouvet Island', NULL, NULL);
INSERT INTO `countries` (`created_date`, `id`, `modified_date`, `area_code`, `country_code`, `country_eng_name`, `country_name`, `created_by`, `modified_by`) VALUES ('2025-05-03 01:01:04', 37, '2025-05-03 01:01:04', '267', 'BWA', 'Botswana', 'Botswana', NULL, NULL);
INSERT INTO `countries` (`created_date`, `id`, `modified_date`, `area_code`, `country_code`, `country_eng_name`, `country_name`, `created_by`, `modified_by`) VALUES ('2025-05-03 01:01:04', 38, '2025-05-03 01:01:04', '236', 'CAF', 'Central African Repu', 'Central African Repu', NULL, NULL);
INSERT INTO `countries` (`created_date`, `id`, `modified_date`, `area_code`, `country_code`, `country_eng_name`, `country_name`, `created_by`, `modified_by`) VALUES ('2025-05-03 01:01:04', 39, '2025-05-03 01:01:04', '1', 'CAN', 'Canada', 'Canada', NULL, NULL);
INSERT INTO `countries` (`created_date`, `id`, `modified_date`, `area_code`, `country_code`, `country_eng_name`, `country_name`, `created_by`, `modified_by`) VALUES ('2025-05-03 01:01:04', 40, '2025-05-03 01:01:04', '41', 'CCK', 'Cocs (Keeling) Islan', 'Cocs (Keeling) Islan', NULL, NULL);
INSERT INTO `countries` (`created_date`, `id`, `modified_date`, `area_code`, `country_code`, `country_eng_name`, `country_name`, `created_by`, `modified_by`) VALUES ('2025-05-03 01:01:04', 41, '2025-05-03 01:01:04', NULL, 'CHE', 'Switzerland', 'Switzerland', NULL, NULL);
INSERT INTO `countries` (`created_date`, `id`, `modified_date`, `area_code`, `country_code`, `country_eng_name`, `country_name`, `created_by`, `modified_by`) VALUES ('2025-05-03 01:01:04', 42, '2025-05-03 01:01:04', '86', 'CHN', 'China', 'Trung Quốc', NULL, NULL);
INSERT INTO `countries` (`created_date`, `id`, `modified_date`, `area_code`, `country_code`, `country_eng_name`, `country_name`, `created_by`, `modified_by`) VALUES ('2025-05-03 01:01:04', 43, '2025-05-03 01:01:04', NULL, 'CIV', 'Cote D''lvoire', 'Cote D''lvoire', NULL, NULL);
INSERT INTO `countries` (`created_date`, `id`, `modified_date`, `area_code`, `country_code`, `country_eng_name`, `country_name`, `created_by`, `modified_by`) VALUES ('2025-05-03 01:01:04', 44, '2025-05-03 01:01:04', '237', 'CMR', 'Cameroon', 'Cameroon', NULL, NULL);
INSERT INTO `countries` (`created_date`, `id`, `modified_date`, `area_code`, `country_code`, `country_eng_name`, `country_name`, `created_by`, `modified_by`) VALUES ('2025-05-03 01:01:04', 45, '2025-05-03 01:01:04', '243', 'COD', 'Congo', 'Congo', NULL, NULL);
INSERT INTO `countries` (`created_date`, `id`, `modified_date`, `area_code`, `country_code`, `country_eng_name`, `country_name`, `created_by`, `modified_by`) VALUES ('2025-05-03 01:01:04', 46, '2025-05-03 01:01:04', '242', 'COG', 'Rep of Congo', 'Rep of Congo', NULL, NULL);
INSERT INTO `countries` (`created_date`, `id`, `modified_date`, `area_code`, `country_code`, `country_eng_name`, `country_name`, `created_by`, `modified_by`) VALUES ('2025-05-03 01:01:04', 47, '2025-05-03 01:01:04', NULL, 'COK', 'Cook Island', 'Cook Island', NULL, NULL);
INSERT INTO `countries` (`created_date`, `id`, `modified_date`, `area_code`, `country_code`, `country_eng_name`, `country_name`, `created_by`, `modified_by`) VALUES ('2025-05-03 01:01:04', 48, '2025-05-03 01:01:04', '57', 'COL', 'Colombia', 'Colombia', NULL, NULL);
INSERT INTO `countries` (`created_date`, `id`, `modified_date`, `area_code`, `country_code`, `country_eng_name`, `country_name`, `created_by`, `modified_by`) VALUES ('2025-05-03 01:01:04', 49, '2025-05-03 01:01:04', '269', 'COM', 'Comoros', 'Comoros', NULL, NULL);
INSERT INTO `countries` (`created_date`, `id`, `modified_date`, `area_code`, `country_code`, `country_eng_name`, `country_name`, `created_by`, `modified_by`) VALUES ('2025-05-03 01:01:04', 50, '2025-05-03 01:01:04', '238', 'CPV', 'Cape Verde', 'Cape Verde', NULL, NULL);
INSERT INTO `countries` (`created_date`, `id`, `modified_date`, `area_code`, `country_code`, `country_eng_name`, `country_name`, `created_by`, `modified_by`) VALUES ('2025-05-03 01:01:04', 51, '2025-05-03 01:01:04', '506', 'CRI', 'Costa Rica', 'Costa Rica', NULL, NULL);
INSERT INTO `countries` (`created_date`, `id`, `modified_date`, `area_code`, `country_code`, `country_eng_name`, `country_name`, `created_by`, `modified_by`) VALUES ('2025-05-03 01:01:04', 52, '2025-05-03 01:01:04', NULL, 'CUB', 'Cuba', 'Cuba', NULL, NULL);
INSERT INTO `countries` (`created_date`, `id`, `modified_date`, `area_code`, `country_code`, `country_eng_name`, `country_name`, `created_by`, `modified_by`) VALUES ('2025-05-03 01:01:04', 53, '2025-05-03 01:01:04', '53', 'CUBA', 'Cuba', 'Cuba', NULL, NULL);
INSERT INTO `countries` (`created_date`, `id`, `modified_date`, `area_code`, `country_code`, `country_eng_name`, `country_name`, `created_by`, `modified_by`) VALUES ('2025-05-03 01:01:04', 54, '2025-05-03 01:01:04', NULL, 'CYM', 'Cayman Islands', 'Cayman Islands', NULL, NULL);
INSERT INTO `countries` (`created_date`, `id`, `modified_date`, `area_code`, `country_code`, `country_eng_name`, `country_name`, `created_by`, `modified_by`) VALUES ('2025-05-03 01:01:04', 55, '2025-05-03 01:01:04', '357', 'CYP', 'Cyprus', 'Cyprus', NULL, NULL);
INSERT INTO `countries` (`created_date`, `id`, `modified_date`, `area_code`, `country_code`, `country_eng_name`, `country_name`, `created_by`, `modified_by`) VALUES ('2025-05-03 01:01:04', 56, '2025-05-03 01:01:04', '420', 'CZE', 'Czech Republic', 'Czech Republic', NULL, NULL);
INSERT INTO `countries` (`created_date`, `id`, `modified_date`, `area_code`, `country_code`, `country_eng_name`, `country_name`, `created_by`, `modified_by`) VALUES ('2025-05-03 01:01:04', 57, '2025-05-03 01:01:04', '49', 'DEU', 'Germany', 'Germany', NULL, NULL);
INSERT INTO `countries` (`created_date`, `id`, `modified_date`, `area_code`, `country_code`, `country_eng_name`, `country_name`, `created_by`, `modified_by`) VALUES ('2025-05-03 01:01:04', 58, '2025-05-03 01:01:04', '56', 'DHL', 'Chile', 'Chile', NULL, NULL);
INSERT INTO `countries` (`created_date`, `id`, `modified_date`, `area_code`, `country_code`, `country_eng_name`, `country_name`, `created_by`, `modified_by`) VALUES ('2025-05-03 01:01:04', 59, '2025-05-03 01:01:04', '253', 'DJI', 'Djibouti', 'Djibouti', NULL, NULL);
INSERT INTO `countries` (`created_date`, `id`, `modified_date`, `area_code`, `country_code`, `country_eng_name`, `country_name`, `created_by`, `modified_by`) VALUES ('2025-05-03 01:01:04', 60, '2025-05-03 01:01:04', '1767', 'DMA', 'Dominica', 'Dominica', NULL, NULL);
INSERT INTO `countries` (`created_date`, `id`, `modified_date`, `area_code`, `country_code`, `country_eng_name`, `country_name`, `created_by`, `modified_by`) VALUES ('2025-05-03 01:01:04', 61, '2025-05-03 01:01:04', '45', 'DNK', 'Denmark', 'Denmark', NULL, NULL);
INSERT INTO `countries` (`created_date`, `id`, `modified_date`, `area_code`, `country_code`, `country_eng_name`, `country_name`, `created_by`, `modified_by`) VALUES ('2025-05-03 01:01:05', 62, '2025-05-03 01:01:05', '1', 'DOM', 'Dominican Republic', 'Dominican Republic', NULL, NULL);
INSERT INTO `countries` (`created_date`, `id`, `modified_date`, `area_code`, `country_code`, `country_eng_name`, `country_name`, `created_by`, `modified_by`) VALUES ('2025-05-03 01:01:05', 63, '2025-05-03 01:01:05', '213', 'DZA', 'Algeria', 'Algeria', NULL, NULL);
INSERT INTO `countries` (`created_date`, `id`, `modified_date`, `area_code`, `country_code`, `country_eng_name`, `country_name`, `created_by`, `modified_by`) VALUES ('2025-05-03 01:01:05', 64, '2025-05-03 01:01:05', '593', 'ECE', 'Ecuador', 'Ecuador', NULL, NULL);
INSERT INTO `countries` (`created_date`, `id`, `modified_date`, `area_code`, `country_code`, `country_eng_name`, `country_name`, `created_by`, `modified_by`) VALUES ('2025-05-03 01:01:05', 65, '2025-05-03 01:01:05', '20', 'EGY', 'Egypt', 'Egypt', NULL, NULL);
INSERT INTO `countries` (`created_date`, `id`, `modified_date`, `area_code`, `country_code`, `country_eng_name`, `country_name`, `created_by`, `modified_by`) VALUES ('2025-05-03 01:01:05', 66, '2025-05-03 01:01:05', '291', 'ERI', 'Eritrea', 'Eritrea', NULL, NULL);
INSERT INTO `countries` (`created_date`, `id`, `modified_date`, `area_code`, `country_code`, `country_eng_name`, `country_name`, `created_by`, `modified_by`) VALUES ('2025-05-03 01:01:05', 67, '2025-05-03 01:01:05', NULL, 'ESH', 'Western Sahara', 'Western Sahara', NULL, NULL);
INSERT INTO `countries` (`created_date`, `id`, `modified_date`, `area_code`, `country_code`, `country_eng_name`, `country_name`, `created_by`, `modified_by`) VALUES ('2025-05-03 01:01:05', 68, '2025-05-03 01:01:05', '34', 'ESP', 'Spain', 'Spain', NULL, NULL);
INSERT INTO `countries` (`created_date`, `id`, `modified_date`, `area_code`, `country_code`, `country_eng_name`, `country_name`, `created_by`, `modified_by`) VALUES ('2025-05-03 01:01:05', 69, '2025-05-03 01:01:05', '372', 'EST', 'Estonia', 'Estonia', NULL, NULL);
INSERT INTO `countries` (`created_date`, `id`, `modified_date`, `area_code`, `country_code`, `country_eng_name`, `country_name`, `created_by`, `modified_by`) VALUES ('2025-05-03 01:01:05', 70, '2025-05-03 01:01:05', '251', 'ETH', 'Ethiopia', 'Ethiopia', NULL, NULL);
INSERT INTO `countries` (`created_date`, `id`, `modified_date`, `area_code`, `country_code`, `country_eng_name`, `country_name`, `created_by`, `modified_by`) VALUES ('2025-05-03 01:01:05', 71, '2025-05-03 01:01:05', '358', 'FIN', 'Finland', 'Finland', NULL, NULL);
INSERT INTO `countries` (`created_date`, `id`, `modified_date`, `area_code`, `country_code`, `country_eng_name`, `country_name`, `created_by`, `modified_by`) VALUES ('2025-05-03 01:01:05', 72, '2025-05-03 01:01:05', '679', 'FJI', 'Fiji Islands', 'Fiji Islands', NULL, NULL);
INSERT INTO `countries` (`created_date`, `id`, `modified_date`, `area_code`, `country_code`, `country_eng_name`, `country_name`, `created_by`, `modified_by`) VALUES ('2025-05-03 01:01:05', 73, '2025-05-03 01:01:05', NULL, 'FLK', 'Falkland Islands', 'Falkland Islands', NULL, NULL);
INSERT INTO `countries` (`created_date`, `id`, `modified_date`, `area_code`, `country_code`, `country_eng_name`, `country_name`, `created_by`, `modified_by`) VALUES ('2025-05-03 01:01:05', 74, '2025-05-03 01:01:05', '503', 'FLV', 'El Salvador', 'El Salvador', NULL, NULL);
INSERT INTO `countries` (`created_date`, `id`, `modified_date`, `area_code`, `country_code`, `country_eng_name`, `country_name`, `created_by`, `modified_by`) VALUES ('2025-05-03 01:01:05', 75, '2025-05-03 01:01:05', '33', 'FRA', 'France', 'Pháp', NULL, NULL);
INSERT INTO `countries` (`created_date`, `id`, `modified_date`, `area_code`, `country_code`, `country_eng_name`, `country_name`, `created_by`, `modified_by`) VALUES ('2025-05-03 01:01:05', 76, '2025-05-03 01:01:05', NULL, 'FRO', 'Faroe Islands', 'Faroe Islands', NULL, NULL);
INSERT INTO `countries` (`created_date`, `id`, `modified_date`, `area_code`, `country_code`, `country_eng_name`, `country_name`, `created_by`, `modified_by`) VALUES ('2025-05-03 01:01:05', 77, '2025-05-03 01:01:05', '691', 'FSM', 'Micronesia', 'Micronesia', NULL, NULL);
INSERT INTO `countries` (`created_date`, `id`, `modified_date`, `area_code`, `country_code`, `country_eng_name`, `country_name`, `created_by`, `modified_by`) VALUES ('2025-05-03 01:01:05', 78, '2025-05-03 01:01:05', '241', 'GAB', 'Gabon', 'Gabon', NULL, NULL);
INSERT INTO `countries` (`created_date`, `id`, `modified_date`, `area_code`, `country_code`, `country_eng_name`, `country_name`, `created_by`, `modified_by`) VALUES ('2025-05-03 01:01:05', 79, '2025-05-03 01:01:05', NULL, 'GBN', 'United Kingdom of GB', 'United Kingdom of GB', NULL, NULL);
INSERT INTO `countries` (`created_date`, `id`, `modified_date`, `area_code`, `country_code`, `country_eng_name`, `country_name`, `created_by`, `modified_by`) VALUES ('2025-05-03 01:01:05', 80, '2025-05-03 01:01:05', '44', 'GBR', 'United Kingdom', 'United Kingdom', NULL, NULL);
INSERT INTO `countries` (`created_date`, `id`, `modified_date`, `area_code`, `country_code`, `country_eng_name`, `country_name`, `created_by`, `modified_by`) VALUES ('2025-05-03 01:01:05', 81, '2025-05-03 01:01:05', '995', 'GEO', 'Georgia', 'Georgia', NULL, NULL);
INSERT INTO `countries` (`created_date`, `id`, `modified_date`, `area_code`, `country_code`, `country_eng_name`, `country_name`, `created_by`, `modified_by`) VALUES ('2025-05-03 01:01:05', 82, '2025-05-03 01:01:05', '233', 'GHA', 'Ghana', 'Ghana', NULL, NULL);
INSERT INTO `countries` (`created_date`, `id`, `modified_date`, `area_code`, `country_code`, `country_eng_name`, `country_name`, `created_by`, `modified_by`) VALUES ('2025-05-03 01:01:05', 83, '2025-05-03 01:01:05', NULL, 'GIB', 'Gibraltar', 'Gibraltar', NULL, NULL);
INSERT INTO `countries` (`created_date`, `id`, `modified_date`, `area_code`, `country_code`, `country_eng_name`, `country_name`, `created_by`, `modified_by`) VALUES ('2025-05-03 01:01:05', 84, '2025-05-03 01:01:05', '224', 'GIN', 'Guinea', 'Guinea', NULL, NULL);
INSERT INTO `countries` (`created_date`, `id`, `modified_date`, `area_code`, `country_code`, `country_eng_name`, `country_name`, `created_by`, `modified_by`) VALUES ('2025-05-03 01:01:05', 85, '2025-05-03 01:01:05', '590', 'GLP', 'Guadeloupe', 'Guadeloupe', NULL, NULL);
INSERT INTO `countries` (`created_date`, `id`, `modified_date`, `area_code`, `country_code`, `country_eng_name`, `country_name`, `created_by`, `modified_by`) VALUES ('2025-05-03 01:01:05', 86, '2025-05-03 01:01:05', '220', 'GMB', 'Gambia', 'Gambia', NULL, NULL);
INSERT INTO `countries` (`created_date`, `id`, `modified_date`, `area_code`, `country_code`, `country_eng_name`, `country_name`, `created_by`, `modified_by`) VALUES ('2025-05-03 01:01:05', 87, '2025-05-03 01:01:05', '245', 'GNB', 'Guinea Bissau', 'Guinea Bissau', NULL, NULL);
INSERT INTO `countries` (`created_date`, `id`, `modified_date`, `area_code`, `country_code`, `country_eng_name`, `country_name`, `created_by`, `modified_by`) VALUES ('2025-05-03 01:01:05', 88, '2025-05-03 01:01:05', '240', 'GNQ', 'Equatorial Guinea', 'Equatorial Guinea', NULL, NULL);
INSERT INTO `countries` (`created_date`, `id`, `modified_date`, `area_code`, `country_code`, `country_eng_name`, `country_name`, `created_by`, `modified_by`) VALUES ('2025-05-03 01:01:05', 89, '2025-05-03 01:01:05', '30', 'GRC', 'Greece', 'Greece', NULL, NULL);
INSERT INTO `countries` (`created_date`, `id`, `modified_date`, `area_code`, `country_code`, `country_eng_name`, `country_name`, `created_by`, `modified_by`) VALUES ('2025-05-03 01:01:05', 90, '2025-05-03 01:01:05', '1473', 'GRD', 'Grenada', 'Grenada', NULL, NULL);
INSERT INTO `countries` (`created_date`, `id`, `modified_date`, `area_code`, `country_code`, `country_eng_name`, `country_name`, `created_by`, `modified_by`) VALUES ('2025-05-03 01:01:05', 91, '2025-05-03 01:01:05', NULL, 'GRL', 'Greenland', 'Greenland', NULL, NULL);
INSERT INTO `countries` (`created_date`, `id`, `modified_date`, `area_code`, `country_code`, `country_eng_name`, `country_name`, `created_by`, `modified_by`) VALUES ('2025-05-03 01:01:06', 92, '2025-05-03 01:01:06', NULL, 'GTM', 'Guatemala', 'Guatemala', NULL, NULL);
INSERT INTO `countries` (`created_date`, `id`, `modified_date`, `area_code`, `country_code`, `country_eng_name`, `country_name`, `created_by`, `modified_by`) VALUES ('2025-05-03 01:01:06', 93, '2025-05-03 01:01:06', '594', 'GUF', 'French Guiana', 'French Guiana', NULL, NULL);
INSERT INTO `countries` (`created_date`, `id`, `modified_date`, `area_code`, `country_code`, `country_eng_name`, `country_name`, `created_by`, `modified_by`) VALUES ('2025-05-03 01:01:06', 94, '2025-05-03 01:01:06', '1671', 'GUM', 'Guam', 'Guam', NULL, NULL);
INSERT INTO `countries` (`created_date`, `id`, `modified_date`, `area_code`, `country_code`, `country_eng_name`, `country_name`, `created_by`, `modified_by`) VALUES ('2025-05-03 01:01:06', 95, '2025-05-03 01:01:06', '592', 'GUY', 'Guyana', 'Guyana', NULL, NULL);
INSERT INTO `countries` (`created_date`, `id`, `modified_date`, `area_code`, `country_code`, `country_eng_name`, `country_name`, `created_by`, `modified_by`) VALUES ('2025-05-03 01:01:06', 96, '2025-05-03 01:01:06', '852', 'HKG', 'Hong Kong', 'Hong Kong', NULL, NULL);
INSERT INTO `countries` (`created_date`, `id`, `modified_date`, `area_code`, `country_code`, `country_eng_name`, `country_name`, `created_by`, `modified_by`) VALUES ('2025-05-03 01:01:06', 97, '2025-05-03 01:01:06', NULL, 'HMD', 'Heard Island', 'Heard Island', NULL, NULL);
INSERT INTO `countries` (`created_date`, `id`, `modified_date`, `area_code`, `country_code`, `country_eng_name`, `country_name`, `created_by`, `modified_by`) VALUES ('2025-05-03 01:01:06', 98, '2025-05-03 01:01:06', '504', 'HND', 'Honduras', 'Honduras', NULL, NULL);
INSERT INTO `countries` (`created_date`, `id`, `modified_date`, `area_code`, `country_code`, `country_eng_name`, `country_name`, `created_by`, `modified_by`) VALUES ('2025-05-03 01:01:06', 99, '2025-05-03 01:01:06', '385', 'HRV', 'Croatia', 'Croatia', NULL, NULL);
INSERT INTO `countries` (`created_date`, `id`, `modified_date`, `area_code`, `country_code`, `country_eng_name`, `country_name`, `created_by`, `modified_by`) VALUES ('2025-05-03 01:01:06', 100, '2025-05-03 01:01:06', '509', 'HTI', 'Haiti', 'Haiti', NULL, NULL);
INSERT INTO `countries` (`created_date`, `id`, `modified_date`, `area_code`, `country_code`, `country_eng_name`, `country_name`, `created_by`, `modified_by`) VALUES ('2025-05-03 01:01:06', 101, '2025-05-03 01:01:06', '36', 'HUN', 'Hungary', 'Hungary', NULL, NULL);
INSERT INTO `countries` (`created_date`, `id`, `modified_date`, `area_code`, `country_code`, `country_eng_name`, `country_name`, `created_by`, `modified_by`) VALUES ('2025-05-03 01:01:06', 102, '2025-05-03 01:01:06', NULL, 'IAR', 'Yugoslavia', 'Yugoslavia', NULL, NULL);
INSERT INTO `countries` (`created_date`, `id`, `modified_date`, `area_code`, `country_code`, `country_eng_name`, `country_name`, `created_by`, `modified_by`) VALUES ('2025-05-03 01:01:06', 103, '2025-05-03 01:01:06', '62', 'IDN', 'Indonesia', 'Indonesia', NULL, NULL);
INSERT INTO `countries` (`created_date`, `id`, `modified_date`, `area_code`, `country_code`, `country_eng_name`, `country_name`, `created_by`, `modified_by`) VALUES ('2025-05-03 01:01:06', 104, '2025-05-03 01:01:06', '91', 'IND', 'India', 'Ấn Độ', NULL, NULL);
INSERT INTO `countries` (`created_date`, `id`, `modified_date`, `area_code`, `country_code`, `country_eng_name`, `country_name`, `created_by`, `modified_by`) VALUES ('2025-05-03 01:01:06', 105, '2025-05-03 01:01:06', '246', 'IOT', 'British Indian Ocean', 'British Indian Ocean', NULL, NULL);
INSERT INTO `countries` (`created_date`, `id`, `modified_date`, `area_code`, `country_code`, `country_eng_name`, `country_name`, `created_by`, `modified_by`) VALUES ('2025-05-03 01:01:06', 106, '2025-05-03 01:01:06', '353', 'IRL', 'Ireland', 'Ireland', NULL, NULL);
INSERT INTO `countries` (`created_date`, `id`, `modified_date`, `area_code`, `country_code`, `country_eng_name`, `country_name`, `created_by`, `modified_by`) VALUES ('2025-05-03 01:01:06', 107, '2025-05-03 01:01:06', '98', 'IRN', 'Iran', 'Iran', NULL, NULL);
INSERT INTO `countries` (`created_date`, `id`, `modified_date`, `area_code`, `country_code`, `country_eng_name`, `country_name`, `created_by`, `modified_by`) VALUES ('2025-05-03 01:01:06', 108, '2025-05-03 01:01:06', '964', 'IRQ', 'Iraq', 'Iraq', NULL, NULL);
INSERT INTO `countries` (`created_date`, `id`, `modified_date`, `area_code`, `country_code`, `country_eng_name`, `country_name`, `created_by`, `modified_by`) VALUES ('2025-05-03 01:01:06', 109, '2025-05-03 01:01:06', '354', 'ISL', 'Iceland', 'Iceland', NULL, NULL);
INSERT INTO `countries` (`created_date`, `id`, `modified_date`, `area_code`, `country_code`, `country_eng_name`, `country_name`, `created_by`, `modified_by`) VALUES ('2025-05-03 01:01:06', 110, '2025-05-03 01:01:06', '972', 'ISR', 'Israel', 'Israel', NULL, NULL);
INSERT INTO `countries` (`created_date`, `id`, `modified_date`, `area_code`, `country_code`, `country_eng_name`, `country_name`, `created_by`, `modified_by`) VALUES ('2025-05-03 01:01:06', 111, '2025-05-03 01:01:06', '39', 'ITA', 'Italy', 'Italy', NULL, NULL);
INSERT INTO `countries` (`created_date`, `id`, `modified_date`, `area_code`, `country_code`, `country_eng_name`, `country_name`, `created_by`, `modified_by`) VALUES ('2025-05-03 01:01:06', 112, '2025-05-03 01:01:06', '1876', 'JAM', 'Jamaica', 'Jamaica', NULL, NULL);
INSERT INTO `countries` (`created_date`, `id`, `modified_date`, `area_code`, `country_code`, `country_eng_name`, `country_name`, `created_by`, `modified_by`) VALUES ('2025-05-03 01:01:06', 113, '2025-05-03 01:01:06', '962', 'JOR', 'Jordan', 'Jordan', NULL, NULL);
INSERT INTO `countries` (`created_date`, `id`, `modified_date`, `area_code`, `country_code`, `country_eng_name`, `country_name`, `created_by`, `modified_by`) VALUES ('2025-05-03 01:01:06', 114, '2025-05-03 01:01:06', '81', 'JPN', 'Japan', 'Nhật Bản', NULL, NULL);
INSERT INTO `countries` (`created_date`, `id`, `modified_date`, `area_code`, `country_code`, `country_eng_name`, `country_name`, `created_by`, `modified_by`) VALUES ('2025-05-03 01:01:06', 115, '2025-05-03 01:01:06', '7', 'KAZ', 'Kazakhstan', 'Kazakhstan', NULL, NULL);
INSERT INTO `countries` (`created_date`, `id`, `modified_date`, `area_code`, `country_code`, `country_eng_name`, `country_name`, `created_by`, `modified_by`) VALUES ('2025-05-03 01:01:06', 116, '2025-05-03 01:01:06', '254', 'KEN', 'Kenya', 'Kenya', NULL, NULL);
INSERT INTO `countries` (`created_date`, `id`, `modified_date`, `area_code`, `country_code`, `country_eng_name`, `country_name`, `created_by`, `modified_by`) VALUES ('2025-05-03 01:01:06', 117, '2025-05-03 01:01:06', '996', 'KGZ', 'Kyrgyzstan', 'Kyrgyzstan', NULL, NULL);
INSERT INTO `countries` (`created_date`, `id`, `modified_date`, `area_code`, `country_code`, `country_eng_name`, `country_name`, `created_by`, `modified_by`) VALUES ('2025-05-03 01:01:06', 118, '2025-05-03 01:01:06', '855', 'KHM', 'Cambodia', 'Campuchia', NULL, NULL);
INSERT INTO `countries` (`created_date`, `id`, `modified_date`, `area_code`, `country_code`, `country_eng_name`, `country_name`, `created_by`, `modified_by`) VALUES ('2025-05-03 01:01:06', 119, '2025-05-03 01:01:06', '686', 'KIR', 'Kiribati', 'Kiribati', NULL, NULL);
INSERT INTO `countries` (`created_date`, `id`, `modified_date`, `area_code`, `country_code`, `country_eng_name`, `country_name`, `created_by`, `modified_by`) VALUES ('2025-05-03 01:01:06', 120, '2025-05-03 01:01:06', '1869', 'KNA', 'Saint Kitts and Nevi', 'Saint Kitts and Nevi', NULL, NULL);
INSERT INTO `countries` (`created_date`, `id`, `modified_date`, `area_code`, `country_code`, `country_eng_name`, `country_name`, `created_by`, `modified_by`) VALUES ('2025-05-03 01:01:06', 121, '2025-05-03 01:01:06', '82', 'KOR', 'South Korea', 'South Korea', NULL, NULL);
INSERT INTO `countries` (`created_date`, `id`, `modified_date`, `area_code`, `country_code`, `country_eng_name`, `country_name`, `created_by`, `modified_by`) VALUES ('2025-05-03 01:01:06', 122, '2025-05-03 01:01:06', '965', 'KWT', 'Kuwait', 'Kuwait', NULL, NULL);
INSERT INTO `countries` (`created_date`, `id`, `modified_date`, `area_code`, `country_code`, `country_eng_name`, `country_name`, `created_by`, `modified_by`) VALUES ('2025-05-03 01:01:07', 123, '2025-05-03 01:01:07', '856', 'LAO', 'Laos PDRC', 'Laos PDRC', NULL, NULL);
INSERT INTO `countries` (`created_date`, `id`, `modified_date`, `area_code`, `country_code`, `country_eng_name`, `country_name`, `created_by`, `modified_by`) VALUES ('2025-05-03 01:01:07', 124, '2025-05-03 01:01:07', '961', 'LBN', 'Lebanon', 'Lebanon', NULL, NULL);
INSERT INTO `countries` (`created_date`, `id`, `modified_date`, `area_code`, `country_code`, `country_eng_name`, `country_name`, `created_by`, `modified_by`) VALUES ('2025-05-03 01:01:07', 125, '2025-05-03 01:01:07', '231', 'LBR', 'Liberia', 'Liberia', NULL, NULL);
INSERT INTO `countries` (`created_date`, `id`, `modified_date`, `area_code`, `country_code`, `country_eng_name`, `country_name`, `created_by`, `modified_by`) VALUES ('2025-05-03 01:01:07', 126, '2025-05-03 01:01:07', '966', 'LBY', 'Libyan Arab', 'Libyan Arab', NULL, NULL);
INSERT INTO `countries` (`created_date`, `id`, `modified_date`, `area_code`, `country_code`, `country_eng_name`, `country_name`, `created_by`, `modified_by`) VALUES ('2025-05-03 01:01:07', 127, '2025-05-03 01:01:07', '1758', 'LCA', 'Saint Lucia', 'Saint Lucia', NULL, NULL);
INSERT INTO `countries` (`created_date`, `id`, `modified_date`, `area_code`, `country_code`, `country_eng_name`, `country_name`, `created_by`, `modified_by`) VALUES ('2025-05-03 01:01:07', 128, '2025-05-03 01:01:07', '423', 'LIE', 'Liechtenstein', 'Liechtenstein', NULL, NULL);
INSERT INTO `countries` (`created_date`, `id`, `modified_date`, `area_code`, `country_code`, `country_eng_name`, `country_name`, `created_by`, `modified_by`) VALUES ('2025-05-03 01:01:07', 129, '2025-05-03 01:01:07', '94', 'LKA', 'Sri Lanka', 'Sri Lanka', NULL, NULL);
INSERT INTO `countries` (`created_date`, `id`, `modified_date`, `area_code`, `country_code`, `country_eng_name`, `country_name`, `created_by`, `modified_by`) VALUES ('2025-05-03 01:01:07', 130, '2025-05-03 01:01:07', '266', 'LSO', 'Lesotho', 'Lesotho', NULL, NULL);
INSERT INTO `countries` (`created_date`, `id`, `modified_date`, `area_code`, `country_code`, `country_eng_name`, `country_name`, `created_by`, `modified_by`) VALUES ('2025-05-03 01:01:07', 131, '2025-05-03 01:01:07', '370', 'LTU', 'Lithuania', 'Lithuania', NULL, NULL);
INSERT INTO `countries` (`created_date`, `id`, `modified_date`, `area_code`, `country_code`, `country_eng_name`, `country_name`, `created_by`, `modified_by`) VALUES ('2025-05-03 01:01:07', 132, '2025-05-03 01:01:07', '352', 'LUX', 'Luxembourg', 'Luxembourg', NULL, NULL);
INSERT INTO `countries` (`created_date`, `id`, `modified_date`, `area_code`, `country_code`, `country_eng_name`, `country_name`, `created_by`, `modified_by`) VALUES ('2025-05-03 01:01:07', 133, '2025-05-03 01:01:07', '371', 'LVA', 'Latvia', 'Latvia', NULL, NULL);
INSERT INTO `countries` (`created_date`, `id`, `modified_date`, `area_code`, `country_code`, `country_eng_name`, `country_name`, `created_by`, `modified_by`) VALUES ('2025-05-03 01:01:07', 134, '2025-05-03 01:01:07', '853', 'MAC', 'Macau', 'Macau', NULL, NULL);
INSERT INTO `countries` (`created_date`, `id`, `modified_date`, `area_code`, `country_code`, `country_eng_name`, `country_name`, `created_by`, `modified_by`) VALUES ('2025-05-03 01:01:07', 135, '2025-05-03 01:01:07', '212', 'MAR', 'Morocco', 'Morocco', NULL, NULL);
INSERT INTO `countries` (`created_date`, `id`, `modified_date`, `area_code`, `country_code`, `country_eng_name`, `country_name`, `created_by`, `modified_by`) VALUES ('2025-05-03 01:01:07', 136, '2025-05-03 01:01:07', '261', 'MBG', 'Madagascar', 'Madagascar', NULL, NULL);
INSERT INTO `countries` (`created_date`, `id`, `modified_date`, `area_code`, `country_code`, `country_eng_name`, `country_name`, `created_by`, `modified_by`) VALUES ('2025-05-03 01:01:07', 137, '2025-05-03 01:01:07', '377', 'MCO', 'Monaco', 'Monaco', NULL, NULL);
INSERT INTO `countries` (`created_date`, `id`, `modified_date`, `area_code`, `country_code`, `country_eng_name`, `country_name`, `created_by`, `modified_by`) VALUES ('2025-05-03 01:01:07', 138, '2025-05-03 01:01:07', '373', 'MDA', 'Moldova Republic of', 'Moldova Republic of', NULL, NULL);
INSERT INTO `countries` (`created_date`, `id`, `modified_date`, `area_code`, `country_code`, `country_eng_name`, `country_name`, `created_by`, `modified_by`) VALUES ('2025-05-03 01:01:07', 139, '2025-05-03 01:01:07', '960', 'MDV', 'Maldives', 'Maldives', NULL, NULL);
INSERT INTO `countries` (`created_date`, `id`, `modified_date`, `area_code`, `country_code`, `country_eng_name`, `country_name`, `created_by`, `modified_by`) VALUES ('2025-05-03 01:01:07', 140, '2025-05-03 01:01:07', '52', 'MEX', 'Mexico', 'Mexico', NULL, NULL);
INSERT INTO `countries` (`created_date`, `id`, `modified_date`, `area_code`, `country_code`, `country_eng_name`, `country_name`, `created_by`, `modified_by`) VALUES ('2025-05-03 01:01:07', 141, '2025-05-03 01:01:07', '692', 'MHL', 'Marshall Islands', 'Marshall Islands', NULL, NULL);
INSERT INTO `countries` (`created_date`, `id`, `modified_date`, `area_code`, `country_code`, `country_eng_name`, `country_name`, `created_by`, `modified_by`) VALUES ('2025-05-03 01:01:07', 142, '2025-05-03 01:01:07', '389', 'MKD', 'Macedonia', 'Macedonia', NULL, NULL);
INSERT INTO `countries` (`created_date`, `id`, `modified_date`, `area_code`, `country_code`, `country_eng_name`, `country_name`, `created_by`, `modified_by`) VALUES ('2025-05-03 01:01:07', 143, '2025-05-03 01:01:07', '223', 'MLI', 'Mali', 'Mali', NULL, NULL);
INSERT INTO `countries` (`created_date`, `id`, `modified_date`, `area_code`, `country_code`, `country_eng_name`, `country_name`, `created_by`, `modified_by`) VALUES ('2025-05-03 01:01:07', 144, '2025-05-03 01:01:07', '356', 'MLT', 'Malta', 'Malta', NULL, NULL);
INSERT INTO `countries` (`created_date`, `id`, `modified_date`, `area_code`, `country_code`, `country_eng_name`, `country_name`, `created_by`, `modified_by`) VALUES ('2025-05-03 01:01:07', 145, '2025-05-03 01:01:07', '95', 'MMR', 'Myanmar', 'Myanmar', NULL, NULL);
INSERT INTO `countries` (`created_date`, `id`, `modified_date`, `area_code`, `country_code`, `country_eng_name`, `country_name`, `created_by`, `modified_by`) VALUES ('2025-05-03 01:01:07', 146, '2025-05-03 01:01:07', '382', 'MNE', 'Montenegro', 'Montenegro', NULL, NULL);
INSERT INTO `countries` (`created_date`, `id`, `modified_date`, `area_code`, `country_code`, `country_eng_name`, `country_name`, `created_by`, `modified_by`) VALUES ('2025-05-03 01:01:07', 147, '2025-05-03 01:01:07', '976', 'MNG', 'Mongolia', 'Mongolia', NULL, NULL);
INSERT INTO `countries` (`created_date`, `id`, `modified_date`, `area_code`, `country_code`, `country_eng_name`, `country_name`, `created_by`, `modified_by`) VALUES ('2025-05-03 01:01:07', 148, '2025-05-03 01:01:07', '258', 'MOZ', 'Mozambique', 'Mozambique', NULL, NULL);
INSERT INTO `countries` (`created_date`, `id`, `modified_date`, `area_code`, `country_code`, `country_eng_name`, `country_name`, `created_by`, `modified_by`) VALUES ('2025-05-03 01:01:07', 149, '2025-05-03 01:01:07', '222', 'MRT', 'Mauritania', 'Mauritania', NULL, NULL);
INSERT INTO `countries` (`created_date`, `id`, `modified_date`, `area_code`, `country_code`, `country_eng_name`, `country_name`, `created_by`, `modified_by`) VALUES ('2025-05-03 01:01:07', 150, '2025-05-03 01:01:07', '596', 'MTQ', 'Martinique', 'Martinique', NULL, NULL);
INSERT INTO `countries` (`created_date`, `id`, `modified_date`, `area_code`, `country_code`, `country_eng_name`, `country_name`, `created_by`, `modified_by`) VALUES ('2025-05-03 01:01:07', 151, '2025-05-03 01:01:07', '230', 'MUS', 'Mauritius', 'Mauritius', NULL, NULL);
INSERT INTO `countries` (`created_date`, `id`, `modified_date`, `area_code`, `country_code`, `country_eng_name`, `country_name`, `created_by`, `modified_by`) VALUES ('2025-05-03 01:01:07', 152, '2025-05-03 01:01:07', '265', 'MWI', 'Malawi', 'Malawi', NULL, NULL);
INSERT INTO `countries` (`created_date`, `id`, `modified_date`, `area_code`, `country_code`, `country_eng_name`, `country_name`, `created_by`, `modified_by`) VALUES ('2025-05-03 01:01:07', 153, '2025-05-03 01:01:07', '60', 'MYS', 'Malaysia', 'Malaysia', NULL, NULL);
INSERT INTO `countries` (`created_date`, `id`, `modified_date`, `area_code`, `country_code`, `country_eng_name`, `country_name`, `created_by`, `modified_by`) VALUES ('2025-05-03 01:01:08', 154, '2025-05-03 01:01:08', NULL, 'MYT', 'Mayotte', 'Mayotte', NULL, NULL);
INSERT INTO `countries` (`created_date`, `id`, `modified_date`, `area_code`, `country_code`, `country_eng_name`, `country_name`, `created_by`, `modified_by`) VALUES ('2025-05-03 01:01:08', 155, '2025-05-03 01:01:08', '264', 'NAM', 'Namibia', 'Namibia', NULL, NULL);
INSERT INTO `countries` (`created_date`, `id`, `modified_date`, `area_code`, `country_code`, `country_eng_name`, `country_name`, `created_by`, `modified_by`) VALUES ('2025-05-03 01:01:08', 156, '2025-05-03 01:01:08', '687', 'NCL', 'New Caledonia', 'New Caledonia', NULL, NULL);
INSERT INTO `countries` (`created_date`, `id`, `modified_date`, `area_code`, `country_code`, `country_eng_name`, `country_name`, `created_by`, `modified_by`) VALUES ('2025-05-03 01:01:08', 157, '2025-05-03 01:01:08', '227', 'NER', 'Niger', 'Niger', NULL, NULL);
INSERT INTO `countries` (`created_date`, `id`, `modified_date`, `area_code`, `country_code`, `country_eng_name`, `country_name`, `created_by`, `modified_by`) VALUES ('2025-05-03 01:01:08', 158, '2025-05-03 01:01:08', NULL, 'NFK', 'Norfolk Island', 'Norfolk Island', NULL, NULL);
INSERT INTO `countries` (`created_date`, `id`, `modified_date`, `area_code`, `country_code`, `country_eng_name`, `country_name`, `created_by`, `modified_by`) VALUES ('2025-05-03 01:01:08', 159, '2025-05-03 01:01:08', '234', 'NGA', 'Nigeria', 'Nigeria', NULL, NULL);
INSERT INTO `countries` (`created_date`, `id`, `modified_date`, `area_code`, `country_code`, `country_eng_name`, `country_name`, `created_by`, `modified_by`) VALUES ('2025-05-03 01:01:08', 160, '2025-05-03 01:01:08', '505', 'NIC', 'Nicaragua', 'Nicaragua', NULL, NULL);
INSERT INTO `countries` (`created_date`, `id`, `modified_date`, `area_code`, `country_code`, `country_eng_name`, `country_name`, `created_by`, `modified_by`) VALUES ('2025-05-03 01:01:08', 161, '2025-05-03 01:01:08', NULL, 'NIU', 'Niue', 'Niue', NULL, NULL);
INSERT INTO `countries` (`created_date`, `id`, `modified_date`, `area_code`, `country_code`, `country_eng_name`, `country_name`, `created_by`, `modified_by`) VALUES ('2025-05-03 01:01:08', 162, '2025-05-03 01:01:08', '31', 'NLD', 'Netherlands', 'Netherlands', NULL, NULL);
INSERT INTO `countries` (`created_date`, `id`, `modified_date`, `area_code`, `country_code`, `country_eng_name`, `country_name`, `created_by`, `modified_by`) VALUES ('2025-05-03 01:01:08', 163, '2025-05-03 01:01:08', NULL, 'NMP', 'Northern MarianaI', 'Northern MarianaI', NULL, NULL);
INSERT INTO `countries` (`created_date`, `id`, `modified_date`, `area_code`, `country_code`, `country_eng_name`, `country_name`, `created_by`, `modified_by`) VALUES ('2025-05-03 01:01:08', 164, '2025-05-03 01:01:08', '47', 'NOR', 'Norway', 'Norway', NULL, NULL);
INSERT INTO `countries` (`created_date`, `id`, `modified_date`, `area_code`, `country_code`, `country_eng_name`, `country_name`, `created_by`, `modified_by`) VALUES ('2025-05-03 01:01:08', 165, '2025-05-03 01:01:08', '977', 'NPL', 'Nepal', 'Nepal', NULL, NULL);
INSERT INTO `countries` (`created_date`, `id`, `modified_date`, `area_code`, `country_code`, `country_eng_name`, `country_name`, `created_by`, `modified_by`) VALUES ('2025-05-03 01:01:08', 166, '2025-05-03 01:01:08', '674', 'NRU', 'Nauru', 'Nauru', NULL, NULL);
INSERT INTO `countries` (`created_date`, `id`, `modified_date`, `area_code`, `country_code`, `country_eng_name`, `country_name`, `created_by`, `modified_by`) VALUES ('2025-05-03 01:01:08', 167, '2025-05-03 01:01:08', '64', 'NZL', 'New Zealand', 'New Zealand', NULL, NULL);
INSERT INTO `countries` (`created_date`, `id`, `modified_date`, `area_code`, `country_code`, `country_eng_name`, `country_name`, `created_by`, `modified_by`) VALUES ('2025-05-03 01:01:08', 168, '2025-05-03 01:01:08', '968', 'OMN', 'Oman', 'Oman', NULL, NULL);
INSERT INTO `countries` (`created_date`, `id`, `modified_date`, `area_code`, `country_code`, `country_eng_name`, `country_name`, `created_by`, `modified_by`) VALUES ('2025-05-03 01:01:08', 169, '2025-05-03 01:01:08', '92', 'PAK', 'Pakistan', 'Pakistan', NULL, NULL);
INSERT INTO `countries` (`created_date`, `id`, `modified_date`, `area_code`, `country_code`, `country_eng_name`, `country_name`, `created_by`, `modified_by`) VALUES ('2025-05-03 01:01:08', 170, '2025-05-03 01:01:08', '507', 'PAN', 'Panama', 'Panama', NULL, NULL);
INSERT INTO `countries` (`created_date`, `id`, `modified_date`, `area_code`, `country_code`, `country_eng_name`, `country_name`, `created_by`, `modified_by`) VALUES ('2025-05-03 01:01:08', 171, '2025-05-03 01:01:08', NULL, 'PCN', 'Pitcairn Islands', 'Pitcairn Islands', NULL, NULL);
INSERT INTO `countries` (`created_date`, `id`, `modified_date`, `area_code`, `country_code`, `country_eng_name`, `country_name`, `created_by`, `modified_by`) VALUES ('2025-05-03 01:01:08', 172, '2025-05-03 01:01:08', '51', 'PER', 'Peru', 'Peru', NULL, NULL);
INSERT INTO `countries` (`created_date`, `id`, `modified_date`, `area_code`, `country_code`, `country_eng_name`, `country_name`, `created_by`, `modified_by`) VALUES ('2025-05-03 01:01:08', 173, '2025-05-03 01:01:08', '63', 'PHL', 'Philippines', 'Philippines', NULL, NULL);
INSERT INTO `countries` (`created_date`, `id`, `modified_date`, `area_code`, `country_code`, `country_eng_name`, `country_name`, `created_by`, `modified_by`) VALUES ('2025-05-03 01:01:08', 174, '2025-05-03 01:01:08', '680', 'PLW', 'Palau', 'Palau', NULL, NULL);
INSERT INTO `countries` (`created_date`, `id`, `modified_date`, `area_code`, `country_code`, `country_eng_name`, `country_name`, `created_by`, `modified_by`) VALUES ('2025-05-03 01:01:08', 175, '2025-05-03 01:01:08', '675', 'PNG', 'Papua New Guinea', 'Papua New Guinea', NULL, NULL);
INSERT INTO `countries` (`created_date`, `id`, `modified_date`, `area_code`, `country_code`, `country_eng_name`, `country_name`, `created_by`, `modified_by`) VALUES ('2025-05-03 01:01:08', 176, '2025-05-03 01:01:08', '48', 'POL', 'Poland', 'Poland', NULL, NULL);
INSERT INTO `countries` (`created_date`, `id`, `modified_date`, `area_code`, `country_code`, `country_eng_name`, `country_name`, `created_by`, `modified_by`) VALUES ('2025-05-03 01:01:08', 177, '2025-05-03 01:01:08', '1', 'PRI', 'Puerto Rico', 'Puerto Rico', NULL, NULL);
INSERT INTO `countries` (`created_date`, `id`, `modified_date`, `area_code`, `country_code`, `country_eng_name`, `country_name`, `created_by`, `modified_by`) VALUES ('2025-05-03 01:01:08', 178, '2025-05-03 01:01:08', '850', 'PRK', 'North Korea', 'Hàn Quốc', NULL, NULL);
INSERT INTO `countries` (`created_date`, `id`, `modified_date`, `area_code`, `country_code`, `country_eng_name`, `country_name`, `created_by`, `modified_by`) VALUES ('2025-05-03 01:01:08', 179, '2025-05-03 01:01:08', '351', 'PRT', 'Portugal', 'Portugal', NULL, NULL);
INSERT INTO `countries` (`created_date`, `id`, `modified_date`, `area_code`, `country_code`, `country_eng_name`, `country_name`, `created_by`, `modified_by`) VALUES ('2025-05-03 01:01:08', 180, '2025-05-03 01:01:08', '595', 'PRY', 'Paraguay', 'Paraguay', NULL, NULL);
INSERT INTO `countries` (`created_date`, `id`, `modified_date`, `area_code`, `country_code`, `country_eng_name`, `country_name`, `created_by`, `modified_by`) VALUES ('2025-05-03 01:01:08', 181, '2025-05-03 01:01:08', '970', 'PSE', 'Palestinain Terr', 'Palestinain Terr', NULL, NULL);
INSERT INTO `countries` (`created_date`, `id`, `modified_date`, `area_code`, `country_code`, `country_eng_name`, `country_name`, `created_by`, `modified_by`) VALUES ('2025-05-03 01:01:08', 182, '2025-05-03 01:01:08', '689', 'PYF', 'French Polynesia', 'French Polynesia', NULL, NULL);
INSERT INTO `countries` (`created_date`, `id`, `modified_date`, `area_code`, `country_code`, `country_eng_name`, `country_name`, `created_by`, `modified_by`) VALUES ('2025-05-03 01:01:08', 183, '2025-05-03 01:01:08', '974', 'QAT', 'Qatar', 'Qatar', NULL, NULL);
INSERT INTO `countries` (`created_date`, `id`, `modified_date`, `area_code`, `country_code`, `country_eng_name`, `country_name`, `created_by`, `modified_by`) VALUES ('2025-05-03 01:01:08', 184, '2025-05-03 01:01:08', '262', 'REU', 'Reunion', 'Reunion', NULL, NULL);
INSERT INTO `countries` (`created_date`, `id`, `modified_date`, `area_code`, `country_code`, `country_eng_name`, `country_name`, `created_by`, `modified_by`) VALUES ('2025-05-03 01:01:09', 185, '2025-05-03 01:01:09', '40', 'ROU', 'Romania', 'Romania', NULL, NULL);
INSERT INTO `countries` (`created_date`, `id`, `modified_date`, `area_code`, `country_code`, `country_eng_name`, `country_name`, `created_by`, `modified_by`) VALUES ('2025-05-03 01:01:09', 186, '2025-05-03 01:01:09', '7', 'RUS', 'Russia', 'Russia', NULL, NULL);
INSERT INTO `countries` (`created_date`, `id`, `modified_date`, `area_code`, `country_code`, `country_eng_name`, `country_name`, `created_by`, `modified_by`) VALUES ('2025-05-03 01:01:09', 187, '2025-05-03 01:01:09', '250', 'RWA', 'Rwanda', 'Rwanda', NULL, NULL);
INSERT INTO `countries` (`created_date`, `id`, `modified_date`, `area_code`, `country_code`, `country_eng_name`, `country_name`, `created_by`, `modified_by`) VALUES ('2025-05-03 01:01:09', 188, '2025-05-03 01:01:09', '966', 'SAU', 'Saudi Arabia', 'Saudi Arabia', NULL, NULL);
INSERT INTO `countries` (`created_date`, `id`, `modified_date`, `area_code`, `country_code`, `country_eng_name`, `country_name`, `created_by`, `modified_by`) VALUES ('2025-05-03 01:01:09', 189, '2025-05-03 01:01:09', '249', 'SDN', 'Sudan', 'Sudan', NULL, NULL);
INSERT INTO `countries` (`created_date`, `id`, `modified_date`, `area_code`, `country_code`, `country_eng_name`, `country_name`, `created_by`, `modified_by`) VALUES ('2025-05-03 01:01:09', 190, '2025-05-03 01:01:09', '221', 'SEN', 'Senegal', 'Senegal', NULL, NULL);
INSERT INTO `countries` (`created_date`, `id`, `modified_date`, `area_code`, `country_code`, `country_eng_name`, `country_name`, `created_by`, `modified_by`) VALUES ('2025-05-03 01:01:09', 191, '2025-05-03 01:01:09', '65', 'SGP', 'Singapore', 'Singapore', NULL, NULL);
INSERT INTO `countries` (`created_date`, `id`, `modified_date`, `area_code`, `country_code`, `country_eng_name`, `country_name`, `created_by`, `modified_by`) VALUES ('2025-05-03 01:01:09', 192, '2025-05-03 01:01:09', '27', 'SGS', 'South Georgia', 'South Georgia', NULL, NULL);
INSERT INTO `countries` (`created_date`, `id`, `modified_date`, `area_code`, `country_code`, `country_eng_name`, `country_name`, `created_by`, `modified_by`) VALUES ('2025-05-03 01:01:09', 193, '2025-05-03 01:01:09', NULL, 'SHN', 'Saint Helena', 'Saint Helena', NULL, NULL);
INSERT INTO `countries` (`created_date`, `id`, `modified_date`, `area_code`, `country_code`, `country_eng_name`, `country_name`, `created_by`, `modified_by`) VALUES ('2025-05-03 01:01:09', 194, '2025-05-03 01:01:09', NULL, 'SJN', 'Sval Vald and Jan Me', 'Sval Vald and Jan Me', NULL, NULL);
INSERT INTO `countries` (`created_date`, `id`, `modified_date`, `area_code`, `country_code`, `country_eng_name`, `country_name`, `created_by`, `modified_by`) VALUES ('2025-05-03 01:01:09', 195, '2025-05-03 01:01:09', '677', 'SLB', 'Solomon Islands', 'Solomon Islands', NULL, NULL);
INSERT INTO `countries` (`created_date`, `id`, `modified_date`, `area_code`, `country_code`, `country_eng_name`, `country_name`, `created_by`, `modified_by`) VALUES ('2025-05-03 01:01:09', 196, '2025-05-03 01:01:09', '232', 'SLE', 'Sierra Leone', 'Sierra Leone', NULL, NULL);
INSERT INTO `countries` (`created_date`, `id`, `modified_date`, `area_code`, `country_code`, `country_eng_name`, `country_name`, `created_by`, `modified_by`) VALUES ('2025-05-03 01:01:09', 197, '2025-05-03 01:01:09', '378', 'SMR', 'San Marino', 'San Marino', NULL, NULL);
INSERT INTO `countries` (`created_date`, `id`, `modified_date`, `area_code`, `country_code`, `country_eng_name`, `country_name`, `created_by`, `modified_by`) VALUES ('2025-05-03 01:01:09', 198, '2025-05-03 01:01:09', '252', 'SOM', 'Somalia', 'Somalia', NULL, NULL);
INSERT INTO `countries` (`created_date`, `id`, `modified_date`, `area_code`, `country_code`, `country_eng_name`, `country_name`, `created_by`, `modified_by`) VALUES ('2025-05-03 01:01:09', 199, '2025-05-03 01:01:09', '93', 'SPN', 'St Pierre and Miquelon', 'St Pierre and Miquelon', NULL, NULL);
INSERT INTO `countries` (`created_date`, `id`, `modified_date`, `area_code`, `country_code`, `country_eng_name`, `country_name`, `created_by`, `modified_by`) VALUES ('2025-05-03 01:01:09', 200, '2025-05-03 01:01:09', '381', 'SRB', 'Serbia', 'Serbia', NULL, NULL);
INSERT INTO `countries` (`created_date`, `id`, `modified_date`, `area_code`, `country_code`, `country_eng_name`, `country_name`, `created_by`, `modified_by`) VALUES ('2025-05-03 01:01:09', 201, '2025-05-03 01:01:09', '239', 'STP', 'St Tome and Princip', 'St Tome and Princip', NULL, NULL);
INSERT INTO `countries` (`created_date`, `id`, `modified_date`, `area_code`, `country_code`, `country_eng_name`, `country_name`, `created_by`, `modified_by`) VALUES ('2025-05-03 01:01:09', 202, '2025-05-03 01:01:09', '597', 'SUR', 'Suriname', 'Suriname', NULL, NULL);
INSERT INTO `countries` (`created_date`, `id`, `modified_date`, `area_code`, `country_code`, `country_eng_name`, `country_name`, `created_by`, `modified_by`) VALUES ('2025-05-03 01:01:09', 203, '2025-05-03 01:01:09', NULL, 'SVK', 'Slovakia', 'Slovakia', NULL, NULL);
INSERT INTO `countries` (`created_date`, `id`, `modified_date`, `area_code`, `country_code`, `country_eng_name`, `country_name`, `created_by`, `modified_by`) VALUES ('2025-05-03 01:01:09', 204, '2025-05-03 01:01:09', NULL, 'SVN', 'Slovenia', 'Slovenia', NULL, NULL);
INSERT INTO `countries` (`created_date`, `id`, `modified_date`, `area_code`, `country_code`, `country_eng_name`, `country_name`, `created_by`, `modified_by`) VALUES ('2025-05-03 01:01:09', 205, '2025-05-03 01:01:09', NULL, 'SWE', 'Sweden', 'Sweden', NULL, NULL);
INSERT INTO `countries` (`created_date`, `id`, `modified_date`, `area_code`, `country_code`, `country_eng_name`, `country_name`, `created_by`, `modified_by`) VALUES ('2025-05-03 01:01:09', 206, '2025-05-03 01:01:09', NULL, 'SWZ', 'Swaziland', 'Swaziland', NULL, NULL);
INSERT INTO `countries` (`created_date`, `id`, `modified_date`, `area_code`, `country_code`, `country_eng_name`, `country_name`, `created_by`, `modified_by`) VALUES ('2025-05-03 01:01:09', 207, '2025-05-03 01:01:09', NULL, 'SYC', 'Seychelles', 'Seychelles', NULL, NULL);
INSERT INTO `countries` (`created_date`, `id`, `modified_date`, `area_code`, `country_code`, `country_eng_name`, `country_name`, `created_by`, `modified_by`) VALUES ('2025-05-03 01:01:09', 208, '2025-05-03 01:01:09', NULL, 'SYR', 'Syrian Arab Republic', 'Syrian Arab Republic', NULL, NULL);
INSERT INTO `countries` (`created_date`, `id`, `modified_date`, `area_code`, `country_code`, `country_eng_name`, `country_name`, `created_by`, `modified_by`) VALUES ('2025-05-03 01:01:09', 209, '2025-05-03 01:01:09', NULL, 'TCA', 'Turks / Caicos Isl', 'Turks / Caicos Isl', NULL, NULL);
INSERT INTO `countries` (`created_date`, `id`, `modified_date`, `area_code`, `country_code`, `country_eng_name`, `country_name`, `created_by`, `modified_by`) VALUES ('2025-05-03 01:01:09', 210, '2025-05-03 01:01:09', NULL, 'TCD', 'Chad', 'Chad', NULL, NULL);
INSERT INTO `countries` (`created_date`, `id`, `modified_date`, `area_code`, `country_code`, `country_eng_name`, `country_name`, `created_by`, `modified_by`) VALUES ('2025-05-03 01:01:09', 211, '2025-05-03 01:01:09', '228', 'TGO', 'Togo', 'Togo', NULL, NULL);
INSERT INTO `countries` (`created_date`, `id`, `modified_date`, `area_code`, `country_code`, `country_eng_name`, `country_name`, `created_by`, `modified_by`) VALUES ('2025-05-03 01:01:09', 212, '2025-05-03 01:01:09', '66', 'THA', 'Thailand', 'Thái Lan', NULL, NULL);
INSERT INTO `countries` (`created_date`, `id`, `modified_date`, `area_code`, `country_code`, `country_eng_name`, `country_name`, `created_by`, `modified_by`) VALUES ('2025-05-03 01:01:09', 213, '2025-05-03 01:01:09', '992', 'TJK', 'Tajikistan', 'Tajikistan', NULL, NULL);
INSERT INTO `countries` (`created_date`, `id`, `modified_date`, `area_code`, `country_code`, `country_eng_name`, `country_name`, `created_by`, `modified_by`) VALUES ('2025-05-03 01:01:09', 214, '2025-05-03 01:01:09', NULL, 'TKL', 'Tokelau', 'Tokelau', NULL, NULL);
INSERT INTO `countries` (`created_date`, `id`, `modified_date`, `area_code`, `country_code`, `country_eng_name`, `country_name`, `created_by`, `modified_by`) VALUES ('2025-05-03 01:01:09', 215, '2025-05-03 01:01:09', '993', 'TKM', 'Turkmenistan', 'Turkmenistan', NULL, NULL);
INSERT INTO `countries` (`created_date`, `id`, `modified_date`, `area_code`, `country_code`, `country_eng_name`, `country_name`, `created_by`, `modified_by`) VALUES ('2025-05-03 01:01:10', 216, '2025-05-03 01:01:10', '670', 'TLS', 'Timor Leste', 'Timor Leste', NULL, NULL);
INSERT INTO `countries` (`created_date`, `id`, `modified_date`, `area_code`, `country_code`, `country_eng_name`, `country_name`, `created_by`, `modified_by`) VALUES ('2025-05-03 01:01:10', 217, '2025-05-03 01:01:10', '676', 'TON', 'Tonga', 'Tonga', NULL, NULL);
INSERT INTO `countries` (`created_date`, `id`, `modified_date`, `area_code`, `country_code`, `country_eng_name`, `country_name`, `created_by`, `modified_by`) VALUES ('2025-05-03 01:01:10', 218, '2025-05-03 01:01:10', '1868', 'TTO', 'Trinidad and Tobago', 'Trinidad and Tobago', NULL, NULL);
INSERT INTO `countries` (`created_date`, `id`, `modified_date`, `area_code`, `country_code`, `country_eng_name`, `country_name`, `created_by`, `modified_by`) VALUES ('2025-05-03 01:01:10', 219, '2025-05-03 01:01:10', '216', 'TUN', 'Tunisia', 'Tunisia', NULL, NULL);
INSERT INTO `countries` (`created_date`, `id`, `modified_date`, `area_code`, `country_code`, `country_eng_name`, `country_name`, `created_by`, `modified_by`) VALUES ('2025-05-03 01:01:10', 220, '2025-05-03 01:01:10', '90', 'TUR', 'Turkey', 'Turkey', NULL, NULL);
INSERT INTO `countries` (`created_date`, `id`, `modified_date`, `area_code`, `country_code`, `country_eng_name`, `country_name`, `created_by`, `modified_by`) VALUES ('2025-05-03 01:01:10', 221, '2025-05-03 01:01:10', '688', 'TUV', 'Tuvalu', 'Tuvalu', NULL, NULL);
INSERT INTO `countries` (`created_date`, `id`, `modified_date`, `area_code`, `country_code`, `country_eng_name`, `country_name`, `created_by`, `modified_by`) VALUES ('2025-05-03 01:01:10', 222, '2025-05-03 01:01:10', '886', 'TWN', 'Taiwan', 'Taiwan', NULL, NULL);
INSERT INTO `countries` (`created_date`, `id`, `modified_date`, `area_code`, `country_code`, `country_eng_name`, `country_name`, `created_by`, `modified_by`) VALUES ('2025-05-03 01:01:10', 223, '2025-05-03 01:01:10', '255', 'TZA', 'Tanzania', 'Tanzania', NULL, NULL);
INSERT INTO `countries` (`created_date`, `id`, `modified_date`, `area_code`, `country_code`, `country_eng_name`, `country_name`, `created_by`, `modified_by`) VALUES ('2025-05-03 01:01:10', 224, '2025-05-03 01:01:10', '256', 'UGA', 'Uganda', 'Uganda', NULL, NULL);
INSERT INTO `countries` (`created_date`, `id`, `modified_date`, `area_code`, `country_code`, `country_eng_name`, `country_name`, `created_by`, `modified_by`) VALUES ('2025-05-03 01:01:10', 225, '2025-05-03 01:01:10', '380', 'UKR', 'Ukraine', 'Ukraine', NULL, NULL);
INSERT INTO `countries` (`created_date`, `id`, `modified_date`, `area_code`, `country_code`, `country_eng_name`, `country_name`, `created_by`, `modified_by`) VALUES ('2025-05-03 01:01:10', 226, '2025-05-03 01:01:10', NULL, 'UMI', 'US Minor Islands', 'US Minor Islands', NULL, NULL);
INSERT INTO `countries` (`created_date`, `id`, `modified_date`, `area_code`, `country_code`, `country_eng_name`, `country_name`, `created_by`, `modified_by`) VALUES ('2025-05-03 01:01:10', 227, '2025-05-03 01:01:10', '598', 'URY', 'Uruguay', 'Uruguay', NULL, NULL);
INSERT INTO `countries` (`created_date`, `id`, `modified_date`, `area_code`, `country_code`, `country_eng_name`, `country_name`, `created_by`, `modified_by`) VALUES ('2025-05-03 01:01:10', 228, '2025-05-03 01:01:10', '1', 'USA', 'United States', 'United States', NULL, NULL);
INSERT INTO `countries` (`created_date`, `id`, `modified_date`, `area_code`, `country_code`, `country_eng_name`, `country_name`, `created_by`, `modified_by`) VALUES ('2025-05-03 01:01:10', 229, '2025-05-03 01:01:10', '998', 'UZB', 'Uzbekistan', 'Uzbekistan', NULL, NULL);
INSERT INTO `countries` (`created_date`, `id`, `modified_date`, `area_code`, `country_code`, `country_eng_name`, `country_name`, `created_by`, `modified_by`) VALUES ('2025-05-03 01:01:10', 230, '2025-05-03 01:01:10', '39', 'VAT', 'Vatican City', 'Vatican City', NULL, NULL);
INSERT INTO `countries` (`created_date`, `id`, `modified_date`, `area_code`, `country_code`, `country_eng_name`, `country_name`, `created_by`, `modified_by`) VALUES ('2025-05-03 01:01:10', 231, '2025-05-03 01:01:10', '1784', 'VCT', 'St Vincent and Grenadi', 'St Vincent and Grenadi', NULL, NULL);
INSERT INTO `countries` (`created_date`, `id`, `modified_date`, `area_code`, `country_code`, `country_eng_name`, `country_name`, `created_by`, `modified_by`) VALUES ('2025-05-03 01:01:10', 232, '2025-05-03 01:01:10', '58', 'VEN', 'Venezuela', 'Venezuela', NULL, NULL);
INSERT INTO `countries` (`created_date`, `id`, `modified_date`, `area_code`, `country_code`, `country_eng_name`, `country_name`, `created_by`, `modified_by`) VALUES ('2025-05-03 01:01:10', 233, '2025-05-03 01:01:10', '246', 'VGB', 'Virgin Island Britis', 'Virgin Island Britis', NULL, NULL);
INSERT INTO `countries` (`created_date`, `id`, `modified_date`, `area_code`, `country_code`, `country_eng_name`, `country_name`, `created_by`, `modified_by`) VALUES ('2025-05-03 01:01:10', 234, '2025-05-03 01:01:10', NULL, 'VIR', 'Virgin Islands US', 'Virgin Islands US', NULL, NULL);
INSERT INTO `countries` (`created_date`, `id`, `modified_date`, `area_code`, `country_code`, `country_eng_name`, `country_name`, `created_by`, `modified_by`) VALUES ('2025-05-03 01:01:10', 235, '2025-05-03 01:01:10', '678', 'VUT', 'Vanuatu', 'Vanuatu', NULL, NULL);
INSERT INTO `countries` (`created_date`, `id`, `modified_date`, `area_code`, `country_code`, `country_eng_name`, `country_name`, `created_by`, `modified_by`) VALUES ('2025-05-03 01:01:10', 236, '2025-05-03 01:01:10', NULL, 'WLF', 'Wallis and Futuna', 'Wallis and Futuna', NULL, NULL);
INSERT INTO `countries` (`created_date`, `id`, `modified_date`, `area_code`, `country_code`, `country_eng_name`, `country_name`, `created_by`, `modified_by`) VALUES ('2025-05-03 01:01:10', 237, '2025-05-03 01:01:10', '685', 'WSM', 'Samoa', 'Samoa', NULL, NULL);
INSERT INTO `countries` (`created_date`, `id`, `modified_date`, `area_code`, `country_code`, `country_eng_name`, `country_name`, `created_by`, `modified_by`) VALUES ('2025-05-03 01:01:10', 238, '2025-05-03 01:01:10', '967', 'YEM', 'Yemen', 'Yemen', NULL, NULL);
INSERT INTO `countries` (`created_date`, `id`, `modified_date`, `area_code`, `country_code`, `country_eng_name`, `country_name`, `created_by`, `modified_by`) VALUES ('2025-05-03 01:01:10', 239, '2025-05-03 01:01:10', '27', 'ZAF', 'South Africa', 'South Africa', NULL, NULL);
INSERT INTO `countries` (`created_date`, `id`, `modified_date`, `area_code`, `country_code`, `country_eng_name`, `country_name`, `created_by`, `modified_by`) VALUES ('2025-05-03 01:01:10', 240, '2025-05-03 01:01:10', '260', 'ZMB', 'Zambia', 'Zambia', NULL, NULL);
INSERT INTO `countries` (`created_date`, `id`, `modified_date`, `area_code`, `country_code`, `country_eng_name`, `country_name`, `created_by`, `modified_by`) VALUES ('2025-05-03 01:01:10', 241, '2025-05-03 01:01:10', '263', 'ZWE', 'Zimbabwe', 'Zimbabwe', NULL, NULL);

INSERT INTO `fare_classes` (`baggage_allowance`, `change_allowed`, `change_fee`, `is_active`, `meal_included`, `refund_allowed`, `refund_fee`, `seat_selection`, `airline_id`, `created_date`, `id`, `modified_date`, `code`, `created_by`, `description`, `modified_by`, `name`) VALUES (40, 1, 50.0, 1, 1, 1, 100.0, 1, 1, '2025-05-03 01:01:11', 1, '2025-05-03 01:01:11', 'PRM', NULL, 'Premium class with full amenities', NULL, 'Premium');
INSERT INTO `fare_classes` (`baggage_allowance`, `change_allowed`, `change_fee`, `is_active`, `meal_included`, `refund_allowed`, `refund_fee`, `seat_selection`, `airline_id`, `created_date`, `id`, `modified_date`, `code`, `created_by`, `description`, `modified_by`, `name`) VALUES (30, 1, 75.0, 1, 1, 0, NULL, 1, 1, '2025-05-03 01:01:11', 2, '2025-05-03 01:01:11', 'BUS', NULL, 'Business class with enhanced services', NULL, 'Business');
INSERT INTO `fare_classes` (`baggage_allowance`, `change_allowed`, `change_fee`, `is_active`, `meal_included`, `refund_allowed`, `refund_fee`, `seat_selection`, `airline_id`, `created_date`, `id`, `modified_date`, `code`, `created_by`, `description`, `modified_by`, `name`) VALUES (20, 0, NULL, 1, 0, 0, NULL, 0, 1, '2025-05-03 01:01:11', 3, '2025-05-03 01:01:11', 'STD', NULL, 'Economy class with cost-saving options', NULL, 'Standard');

INSERT INTO `flight_fare_availability` (`available_seats`, `base_price`, `created_date`, `fare_class_id`, `flight_id`, `id`, `modified_date`, `created_by`, `modified_by`) VALUES (21, '10000000.00', '2025-05-03 01:01:14', 1, 1, 1, '2025-05-03 01:01:14', NULL, NULL);
INSERT INTO `flight_fare_availability` (`available_seats`, `base_price`, `created_date`, `fare_class_id`, `flight_id`, `id`, `modified_date`, `created_by`, `modified_by`) VALUES (48, '8000000.00', '2025-05-03 01:01:14', 2, 1, 2, '2025-05-03 01:01:14', NULL, NULL);
INSERT INTO `flight_fare_availability` (`available_seats`, `base_price`, `created_date`, `fare_class_id`, `flight_id`, `id`, `modified_date`, `created_by`, `modified_by`) VALUES (50, '5000000.00', '2025-05-03 01:01:14', 3, 1, 3, '2025-05-03 01:01:14', NULL, NULL);
INSERT INTO `flight_fare_availability` (`available_seats`, `base_price`, `created_date`, `fare_class_id`, `flight_id`, `id`, `modified_date`, `created_by`, `modified_by`) VALUES (24, '9000000.00', '2025-05-03 01:01:14', 1, 2, 4, '2025-05-03 01:01:14', NULL, NULL);
INSERT INTO `flight_fare_availability` (`available_seats`, `base_price`, `created_date`, `fare_class_id`, `flight_id`, `id`, `modified_date`, `created_by`, `modified_by`) VALUES (12, '7000000.00', '2025-05-03 01:01:14', 2, 2, 5, '2025-05-03 01:01:14', NULL, NULL);
INSERT INTO `flight_fare_availability` (`available_seats`, `base_price`, `created_date`, `fare_class_id`, `flight_id`, `id`, `modified_date`, `created_by`, `modified_by`) VALUES (30, '4500000.00', '2025-05-03 01:01:14', 3, 2, 6, '2025-05-03 01:01:14', NULL, NULL);
INSERT INTO `flight_fare_availability` (`available_seats`, `base_price`, `created_date`, `fare_class_id`, `flight_id`, `id`, `modified_date`, `created_by`, `modified_by`) VALUES (30, '8500000.00', '2025-05-03 01:01:15', 1, 3, 7, '2025-05-03 01:01:15', NULL, NULL);
INSERT INTO `flight_fare_availability` (`available_seats`, `base_price`, `created_date`, `fare_class_id`, `flight_id`, `id`, `modified_date`, `created_by`, `modified_by`) VALUES (20, '6500000.00', '2025-05-03 01:01:15', 2, 3, 8, '2025-05-03 01:01:15', NULL, NULL);
INSERT INTO `flight_fare_availability` (`available_seats`, `base_price`, `created_date`, `fare_class_id`, `flight_id`, `id`, `modified_date`, `created_by`, `modified_by`) VALUES (30, '4000000.00', '2025-05-03 01:01:15', 3, 3, 9, '2025-05-03 01:01:15', NULL, NULL);
INSERT INTO `flight_fare_availability` (`available_seats`, `base_price`, `created_date`, `fare_class_id`, `flight_id`, `id`, `modified_date`, `created_by`, `modified_by`) VALUES (21, '12000000.00', '2025-05-03 01:01:16', 1, 4, 10, '2025-05-03 01:01:16', NULL, NULL);
INSERT INTO `flight_fare_availability` (`available_seats`, `base_price`, `created_date`, `fare_class_id`, `flight_id`, `id`, `modified_date`, `created_by`, `modified_by`) VALUES (28, '9500000.00', '2025-05-03 01:01:16', 2, 4, 11, '2025-05-03 01:01:16', NULL, NULL);
INSERT INTO `flight_fare_availability` (`available_seats`, `base_price`, `created_date`, `fare_class_id`, `flight_id`, `id`, `modified_date`, `created_by`, `modified_by`) VALUES (30, '6000000.00', '2025-05-03 01:01:16', 3, 4, 12, '2025-05-03 01:01:16', NULL, NULL);
INSERT INTO `flight_fare_availability` (`available_seats`, `base_price`, `created_date`, `fare_class_id`, `flight_id`, `id`, `modified_date`, `created_by`, `modified_by`) VALUES (0, '15000000.00', '2025-05-03 01:01:17', 1, 5, 13, '2025-05-03 01:01:17', NULL, NULL);
INSERT INTO `flight_fare_availability` (`available_seats`, `base_price`, `created_date`, `fare_class_id`, `flight_id`, `id`, `modified_date`, `created_by`, `modified_by`) VALUES (96, '11000000.00', '2025-05-03 01:01:17', 2, 5, 14, '2025-05-03 01:01:17', NULL, NULL);
INSERT INTO `flight_fare_availability` (`available_seats`, `base_price`, `created_date`, `fare_class_id`, `flight_id`, `id`, `modified_date`, `created_by`, `modified_by`) VALUES (75, '7500000.00', '2025-05-03 01:01:17', 3, 5, 15, '2025-05-03 01:01:17', NULL, NULL);
INSERT INTO `flight_fare_availability` (`available_seats`, `base_price`, `created_date`, `fare_class_id`, `flight_id`, `id`, `modified_date`, `created_by`, `modified_by`) VALUES (0, '8000000.00', '2025-05-03 01:01:17', 1, 6, 16, '2025-05-03 01:01:17', NULL, NULL);
INSERT INTO `flight_fare_availability` (`available_seats`, `base_price`, `created_date`, `fare_class_id`, `flight_id`, `id`, `modified_date`, `created_by`, `modified_by`) VALUES (12, '6000000.00', '2025-05-03 01:01:17', 2, 6, 17, '2025-05-03 01:01:17', NULL, NULL);
INSERT INTO `flight_fare_availability` (`available_seats`, `base_price`, `created_date`, `fare_class_id`, `flight_id`, `id`, `modified_date`, `created_by`, `modified_by`) VALUES (25, '3500000.00', '2025-05-03 01:01:17', 3, 6, 18, '2025-05-03 01:01:17', NULL, NULL);
INSERT INTO `flight_fare_availability` (`available_seats`, `base_price`, `created_date`, `fare_class_id`, `flight_id`, `id`, `modified_date`, `created_by`, `modified_by`) VALUES (15, '11000000.00', '2025-05-03 01:01:18', 1, 7, 19, '2025-05-14 19:52:13', NULL, NULL);
INSERT INTO `flight_fare_availability` (`available_seats`, `base_price`, `created_date`, `fare_class_id`, `flight_id`, `id`, `modified_date`, `created_by`, `modified_by`) VALUES (48, '8500000.00', '2025-05-03 01:01:18', 2, 7, 20, '2025-05-03 01:01:18', NULL, NULL);
INSERT INTO `flight_fare_availability` (`available_seats`, `base_price`, `created_date`, `fare_class_id`, `flight_id`, `id`, `modified_date`, `created_by`, `modified_by`) VALUES (50, '5500000.00', '2025-05-03 01:01:18', 3, 7, 21, '2025-05-03 01:01:18', NULL, NULL);

INSERT INTO `flight_status` (`created_date`, `id`, `modified_date`, `created_by`, `modified_by`, `status_code`, `status_name`) VALUES ('2025-05-03 01:01:11', 1, '2025-05-03 01:01:11', NULL, NULL, 'SCH', 'Scheduled');
INSERT INTO `flight_status` (`created_date`, `id`, `modified_date`, `created_by`, `modified_by`, `status_code`, `status_name`) VALUES ('2025-05-03 01:01:11', 2, '2025-05-03 01:01:11', NULL, NULL, 'BRD', 'Boarding');
INSERT INTO `flight_status` (`created_date`, `id`, `modified_date`, `created_by`, `modified_by`, `status_code`, `status_name`) VALUES ('2025-05-03 01:01:11', 3, '2025-05-03 01:01:11', NULL, NULL, 'DEP', 'Departed');
INSERT INTO `flight_status` (`created_date`, `id`, `modified_date`, `created_by`, `modified_by`, `status_code`, `status_name`) VALUES ('2025-05-03 01:01:11', 4, '2025-05-03 01:01:11', NULL, NULL, 'ARR', 'Arrived');
INSERT INTO `flight_status` (`created_date`, `id`, `modified_date`, `created_by`, `modified_by`, `status_code`, `status_name`) VALUES ('2025-05-03 01:01:11', 5, '2025-05-03 01:01:11', NULL, NULL, 'DEL', 'Delayed');

INSERT INTO `flights` (`aircraft_id`, `airline_id`, `created_date`, `id`, `modified_date`, `route_id`, `scheduled_arrival`, `scheduled_departure`, `status_id`, `created_by`, `flight_number`, `gate`, `modified_by`, `terminal`) VALUES (1, 1, '2025-05-03 01:01:13', 1, '2025-05-03 01:01:14', 1, '2025-07-15 10:30:00', '2025-07-15 08:00:00', 1, NULL, 'VN39E070', 'A12', NULL, 'T2');
INSERT INTO `flights` (`aircraft_id`, `airline_id`, `created_date`, `id`, `modified_date`, `route_id`, `scheduled_arrival`, `scheduled_departure`, `status_id`, `created_by`, `flight_number`, `gate`, `modified_by`, `terminal`) VALUES (7, 1, '2025-05-03 01:01:14', 2, '2025-05-03 01:01:14', 11, '2025-07-16 15:30:00', '2025-07-16 14:00:00', 1, NULL, 'VNED540E', 'B3', NULL, 'T1');
INSERT INTO `flights` (`aircraft_id`, `airline_id`, `created_date`, `id`, `modified_date`, `route_id`, `scheduled_arrival`, `scheduled_departure`, `status_id`, `created_by`, `flight_number`, `gate`, `modified_by`, `terminal`) VALUES (8, 1, '2025-05-03 01:01:15', 3, '2025-05-03 01:01:15', 3, '2025-07-17 11:00:00', '2025-07-17 09:30:00', 1, NULL, 'VNCC42BD', 'C5', NULL, 'T2');
INSERT INTO `flights` (`aircraft_id`, `airline_id`, `created_date`, `id`, `modified_date`, `route_id`, `scheduled_arrival`, `scheduled_departure`, `status_id`, `created_by`, `flight_number`, `gate`, `modified_by`, `terminal`) VALUES (5, 1, '2025-05-03 01:01:15', 4, '2025-05-03 01:01:16', 5, '2025-07-18 08:00:00', '2025-07-18 06:30:00', 1, NULL, 'VNFA75C2', 'A5', NULL, 'T1');
INSERT INTO `flights` (`aircraft_id`, `airline_id`, `created_date`, `id`, `modified_date`, `route_id`, `scheduled_arrival`, `scheduled_departure`, `status_id`, `created_by`, `flight_number`, `gate`, `modified_by`, `terminal`) VALUES (4, 1, '2025-05-03 01:01:16', 5, '2025-05-03 01:01:17', 13, '2025-07-19 14:30:00', '2025-07-19 12:00:00', 1, NULL, 'VN6C48FB', 'D2', NULL, 'T2');
INSERT INTO `flights` (`aircraft_id`, `airline_id`, `created_date`, `id`, `modified_date`, `route_id`, `scheduled_arrival`, `scheduled_departure`, `status_id`, `created_by`, `flight_number`, `gate`, `modified_by`, `terminal`) VALUES (6, 1, '2025-05-03 01:01:17', 6, '2025-05-03 01:01:17', 4, '2025-07-20 17:15:00', '2025-07-20 16:00:00', 1, NULL, 'VNCB8B60', 'B7', NULL, 'T1');
INSERT INTO `flights` (`aircraft_id`, `airline_id`, `created_date`, `id`, `modified_date`, `route_id`, `scheduled_arrival`, `scheduled_departure`, `status_id`, `created_by`, `flight_number`, `gate`, `modified_by`, `terminal`) VALUES (1, 1, '2025-05-03 01:01:18', 7, '2025-05-03 01:01:18', 2, '2025-07-21 12:30:00', '2025-07-21 10:00:00', 1, NULL, 'VN3B8455', 'A8', NULL, 'T2');

INSERT INTO `passengers` (`date_of_birth`, `created_date`, `id`, `modified_date`, `phone`, `first_name`, `id_number`, `last_name`, `email`, `country_code`, `created_by`, `modified_by`, `gender`, `id_type`, `passenger_type`) VALUES ('1999-04-22', '2025-05-12 11:17:14', 16, '2025-05-12 11:17:14', '123123132', 'Jay', '123123', 'Jor', 'jayjor@masd.com', 'VNM', NULL, NULL, 'MALE', 'PASSPORT', 'ADULT');
INSERT INTO `passengers` (`date_of_birth`, `created_date`, `id`, `modified_date`, `phone`, `first_name`, `id_number`, `last_name`, `email`, `country_code`, `created_by`, `modified_by`, `gender`, `id_type`, `passenger_type`) VALUES ('2024-04-22', '2025-05-12 11:17:35', 17, '2025-05-12 11:17:35', NULL, 'Jay', NULL, 'Jpr', NULL, NULL, NULL, NULL, 'MALE', NULL, 'INFANT');
INSERT INTO `passengers` (`date_of_birth`, `created_date`, `id`, `modified_date`, `phone`, `first_name`, `id_number`, `last_name`, `email`, `country_code`, `created_by`, `modified_by`, `gender`, `id_type`, `passenger_type`) VALUES ('2024-04-22', '2025-05-12 11:52:02', 18, '2025-05-12 11:52:02', NULL, 'Jay', NULL, 'Jpr', NULL, NULL, NULL, NULL, 'MALE', NULL, 'INFANT');
INSERT INTO `passengers` (`date_of_birth`, `created_date`, `id`, `modified_date`, `phone`, `first_name`, `id_number`, `last_name`, `email`, `country_code`, `created_by`, `modified_by`, `gender`, `id_type`, `passenger_type`) VALUES ('2024-04-22', '2025-05-14 19:52:11', 19, '2025-05-14 19:52:11', NULL, 'Jay', NULL, 'Jpr', NULL, NULL, NULL, NULL, 'MALE', NULL, 'INFANT');

INSERT INTO `payment_methods` (`id`, `created_by`, `created_date`, `modified_by`, `modified_date`, `code`, `enabled`, `logo_url`, `name`) VALUES (1, NULL, '2025-05-04 23:38:40', NULL, '2025-05-04 23:38:40', 'ZALOPAY', 1, 'https://cdn.brandfetch.io/id_T-oXJkN/theme/dark/logo.svg?c=1dxbfHSJFAPEGdCLU4o5B', 'ZaloPay');
INSERT INTO `payment_methods` (`id`, `created_by`, `created_date`, `modified_by`, `modified_date`, `code`, `enabled`, `logo_url`, `name`) VALUES (2, NULL, '2025-05-04 23:38:40', NULL, '2025-05-04 23:38:40', 'VNPAY', 0, 'https://cdn.brandfetch.io/idV02t6WJs/theme/dark/logo.svg?c=1dxbfHSJFAPEGdCLU4o5B', 'VNPAY');
INSERT INTO `payment_methods` (`id`, `created_by`, `created_date`, `modified_by`, `modified_date`, `code`, `enabled`, `logo_url`, `name`) VALUES (3, NULL, '2025-05-04 23:38:40', NULL, '2025-05-04 23:38:40', 'POSTPAY', 1, NULL, 'Thanh toán sau');

INSERT INTO `promo_codes` (`amount`, `current_usage`, `is_active`, `is_first_time`, `is_percentage`, `max_usage`, `min_booking_amount`, `min_passenger`, `valid_from`, `valid_to`, `created_date`, `id`, `modified_date`, `code`, `created_by`, `description`, `modified_by`) VALUES ('30.00', 100, 1, 0, 1, 500, '100.00', 0, '2025-12-31', '2026-01-02', '2025-05-03 01:01:19', 1, '2025-05-03 01:01:19', 'NEWYEAR2026', NULL, 'Giảm giá 30% cho năm mới 2026', NULL);
INSERT INTO `promo_codes` (`amount`, `current_usage`, `is_active`, `is_first_time`, `is_percentage`, `max_usage`, `min_booking_amount`, `min_passenger`, `valid_from`, `valid_to`, `created_date`, `id`, `modified_date`, `code`, `created_by`, `description`, `modified_by`) VALUES ('20.00', 50, 1, 0, 1, 300, '80.00', 0, '2025-02-13', '2025-02-15', '2025-05-03 01:01:19', 2, '2025-05-03 01:01:19', 'VALENTINEFLY', NULL, 'Giảm giá 20% cho chuyến bay ngày Valentine', NULL);
INSERT INTO `promo_codes` (`amount`, `current_usage`, `is_active`, `is_first_time`, `is_percentage`, `max_usage`, `min_booking_amount`, `min_passenger`, `valid_from`, `valid_to`, `created_date`, `id`, `modified_date`, `code`, `created_by`, `description`, `modified_by`) VALUES ('50.00', 20, 1, 1, 1, 200, '50.00', 0, '2025-01-01', '2025-12-31', '2025-05-03 01:01:19', 3, '2025-05-03 01:01:19', 'NEWUSER50', NULL, 'Giảm 50% cho người dùng mới', NULL);
INSERT INTO `promo_codes` (`amount`, `current_usage`, `is_active`, `is_first_time`, `is_percentage`, `max_usage`, `min_booking_amount`, `min_passenger`, `valid_from`, `valid_to`, `created_date`, `id`, `modified_date`, `code`, `created_by`, `description`, `modified_by`) VALUES ('25.00', 75, 1, 0, 1, 400, '120.00', 0, '2025-09-01', '2025-09-03', '2025-05-03 01:01:19', 4, '2025-05-03 01:01:19', 'INDEPENDENCEDAY', NULL, 'Giảm giá đặc biệt nhân ngày Quốc Khánh', NULL);
INSERT INTO `promo_codes` (`amount`, `current_usage`, `is_active`, `is_first_time`, `is_percentage`, `max_usage`, `min_booking_amount`, `min_passenger`, `valid_from`, `valid_to`, `created_date`, `id`, `modified_date`, `code`, `created_by`, `description`, `modified_by`) VALUES ('35.00', 150, 1, 0, 1, 600, '100.00', 0, '2025-12-23', '2025-12-26', '2025-05-03 01:01:19', 5, '2025-05-03 01:01:19', 'XMASFLIGHT', NULL, 'Giảm 35% cho chuyến bay Giáng Sinh', NULL);
INSERT INTO `promo_codes` (`amount`, `current_usage`, `is_active`, `is_first_time`, `is_percentage`, `max_usage`, `min_booking_amount`, `min_passenger`, `valid_from`, `valid_to`, `created_date`, `id`, `modified_date`, `code`, `created_by`, `description`, `modified_by`) VALUES ('40.00', 50, 1, 1, 1, 300, '70.00', 0, '2025-01-01', '2025-12-31', '2025-05-03 01:01:19', 6, '2025-05-03 01:01:19', 'FIRSTTRIP', NULL, 'Ưu đãi 40% cho lần đặt vé đầu tiên', NULL);
INSERT INTO `promo_codes` (`amount`, `current_usage`, `is_active`, `is_first_time`, `is_percentage`, `max_usage`, `min_booking_amount`, `min_passenger`, `valid_from`, `valid_to`, `created_date`, `id`, `modified_date`, `code`, `created_by`, `description`, `modified_by`) VALUES ('20.00', 90, 1, 0, 1, 400, '80.00', 0, '2025-03-07', '2025-03-09', '2025-05-03 01:01:19', 7, '2025-05-03 01:01:19', 'WOMENSDAY', NULL, 'Giảm giá 20% nhân ngày Quốc tế Phụ nữ', NULL);
INSERT INTO `promo_codes` (`amount`, `current_usage`, `is_active`, `is_first_time`, `is_percentage`, `max_usage`, `min_booking_amount`, `min_passenger`, `valid_from`, `valid_to`, `created_date`, `id`, `modified_date`, `code`, `created_by`, `description`, `modified_by`) VALUES ('50.00', 120, 1, 0, 1, 500, '150.00', 0, '2025-11-28', '2025-11-30', '2025-05-03 01:01:19', 8, '2025-05-03 01:01:19', 'BLACKFRIDAYFLY', NULL, 'Ưu đãi 50% nhân ngày Black Friday', NULL);

INSERT INTO `provinces` (`country_id`, `created_date`, `id`, `modified_date`, `created_by`, `modified_by`, `province_code`, `province_eng_name`, `province_name`) VALUES (1, '2025-05-03 01:01:02', 1, '2025-05-03 01:01:02', NULL, NULL, 'SGN', 'Ho Chi Minh', 'Tp. Hồ Chí Minh');
INSERT INTO `provinces` (`country_id`, `created_date`, `id`, `modified_date`, `created_by`, `modified_by`, `province_code`, `province_eng_name`, `province_name`) VALUES (1, '2025-05-03 01:01:02', 2, '2025-05-03 01:01:02', NULL, NULL, 'HAN', 'Ha Noi', 'Hà Nội');
INSERT INTO `provinces` (`country_id`, `created_date`, `id`, `modified_date`, `created_by`, `modified_by`, `province_code`, `province_eng_name`, `province_name`) VALUES (1, '2025-05-03 01:01:02', 3, '2025-05-03 01:01:02', NULL, NULL, 'BMV', 'Buon Ma Thuot', 'Buôn Ma Thuột');
INSERT INTO `provinces` (`country_id`, `created_date`, `id`, `modified_date`, `created_by`, `modified_by`, `province_code`, `province_eng_name`, `province_name`) VALUES (1, '2025-05-03 01:01:02', 4, '2025-05-03 01:01:02', NULL, NULL, 'CT', 'Can Tho', 'Cần Thơ');
INSERT INTO `provinces` (`country_id`, `created_date`, `id`, `modified_date`, `created_by`, `modified_by`, `province_code`, `province_eng_name`, `province_name`) VALUES (1, '2025-05-03 01:01:02', 5, '2025-05-03 01:01:02', NULL, NULL, 'VCL', 'Chu Lai', 'Chu Lai');
INSERT INTO `provinces` (`country_id`, `created_date`, `id`, `modified_date`, `created_by`, `modified_by`, `province_code`, `province_eng_name`, `province_name`) VALUES (1, '2025-05-03 01:01:02', 6, '2025-05-03 01:01:02', NULL, NULL, 'DLI', 'Da Lat', 'Đà Lạt');
INSERT INTO `provinces` (`country_id`, `created_date`, `id`, `modified_date`, `created_by`, `modified_by`, `province_code`, `province_eng_name`, `province_name`) VALUES (1, '2025-05-03 01:01:02', 7, '2025-05-03 01:01:02', NULL, NULL, 'DAD', 'Da Nang', 'Đà Nẵng');
INSERT INTO `provinces` (`country_id`, `created_date`, `id`, `modified_date`, `created_by`, `modified_by`, `province_code`, `province_eng_name`, `province_name`) VALUES (1, '2025-05-03 01:01:02', 8, '2025-05-03 01:01:02', NULL, NULL, 'DB', 'Dien Bien', 'Điện Biên');
INSERT INTO `provinces` (`country_id`, `created_date`, `id`, `modified_date`, `created_by`, `modified_by`, `province_code`, `province_eng_name`, `province_name`) VALUES (1, '2025-05-03 01:01:02', 9, '2025-05-03 01:01:02', NULL, NULL, 'VDH', 'Dong Hoi', 'Đồng Hới');
INSERT INTO `provinces` (`country_id`, `created_date`, `id`, `modified_date`, `created_by`, `modified_by`, `province_code`, `province_eng_name`, `province_name`) VALUES (1, '2025-05-03 01:01:02', 10, '2025-05-03 01:01:02', NULL, NULL, 'HPH', 'Hai Phong', 'Hải Phòng');
INSERT INTO `provinces` (`country_id`, `created_date`, `id`, `modified_date`, `created_by`, `modified_by`, `province_code`, `province_eng_name`, `province_name`) VALUES (1, '2025-05-03 01:01:02', 11, '2025-05-03 01:01:02', NULL, NULL, 'VDO', 'Ha Long', 'Hạ Long');
INSERT INTO `provinces` (`country_id`, `created_date`, `id`, `modified_date`, `created_by`, `modified_by`, `province_code`, `province_eng_name`, `province_name`) VALUES (1, '2025-05-03 01:01:02', 12, '2025-05-03 01:01:02', NULL, NULL, 'HUI', 'Hue', 'Huế');
INSERT INTO `provinces` (`country_id`, `created_date`, `id`, `modified_date`, `created_by`, `modified_by`, `province_code`, `province_eng_name`, `province_name`) VALUES (1, '2025-05-03 01:01:02', 13, '2025-05-03 01:01:02', NULL, NULL, 'CXR', 'Nha Trang', 'Nha Trang');
INSERT INTO `provinces` (`country_id`, `created_date`, `id`, `modified_date`, `created_by`, `modified_by`, `province_code`, `province_eng_name`, `province_name`) VALUES (1, '2025-05-03 01:01:02', 14, '2025-05-03 01:01:02', NULL, NULL, 'PQC', 'Phu Quoc', 'Phú Quốc');
INSERT INTO `provinces` (`country_id`, `created_date`, `id`, `modified_date`, `created_by`, `modified_by`, `province_code`, `province_eng_name`, `province_name`) VALUES (1, '2025-05-03 01:01:02', 15, '2025-05-03 01:01:02', NULL, NULL, 'PXU', 'Pleiku', 'Pleiku');
INSERT INTO `provinces` (`country_id`, `created_date`, `id`, `modified_date`, `created_by`, `modified_by`, `province_code`, `province_eng_name`, `province_name`) VALUES (1, '2025-05-03 01:01:02', 16, '2025-05-03 01:01:02', NULL, NULL, 'UIH', 'Quy Nhon', 'Quy Nhơn');
INSERT INTO `provinces` (`country_id`, `created_date`, `id`, `modified_date`, `created_by`, `modified_by`, `province_code`, `province_eng_name`, `province_name`) VALUES (1, '2025-05-03 01:01:02', 17, '2025-05-03 01:01:02', NULL, NULL, 'THH', 'Thanh Hoa', 'Thanh Hoá');
INSERT INTO `provinces` (`country_id`, `created_date`, `id`, `modified_date`, `created_by`, `modified_by`, `province_code`, `province_eng_name`, `province_name`) VALUES (1, '2025-05-03 01:01:02', 18, '2025-05-03 01:01:02', NULL, NULL, 'TBB', 'Tuy Hoa', 'Tuy Hòa');
INSERT INTO `provinces` (`country_id`, `created_date`, `id`, `modified_date`, `created_by`, `modified_by`, `province_code`, `province_eng_name`, `province_name`) VALUES (1, '2025-05-03 01:01:02', 19, '2025-05-03 01:01:02', NULL, NULL, 'VII', 'Vinh', 'Vinh');

INSERT INTO `roles` (`created_date`, `id`, `modified_date`, `created_by`, `description`, `modified_by`, `role_code`, `role_name`) VALUES ('2025-05-03 01:01:18', 1, '2025-05-03 01:01:18', NULL, NULL, NULL, 'ADMIN', 'ADMIN');
INSERT INTO `roles` (`created_date`, `id`, `modified_date`, `created_by`, `description`, `modified_by`, `role_code`, `role_name`) VALUES ('2025-05-03 01:01:18', 2, '2025-05-03 01:01:18', NULL, NULL, NULL, 'CUSTOMER', 'CUSTOMER');

INSERT INTO `routes` (`distance`, `estimated_duration`, `is_active`, `airline_id`, `created_date`, `destination_airport`, `id`, `modified_date`, `origin_airport`, `created_by`, `modified_by`, `route_code`) VALUES (1160, 120, 1, 1, '2025-05-03 01:01:11', 2, 1, '2025-05-03 01:01:11', 1, NULL, NULL, 'SGN-HAN');
INSERT INTO `routes` (`distance`, `estimated_duration`, `is_active`, `airline_id`, `created_date`, `destination_airport`, `id`, `modified_date`, `origin_airport`, `created_by`, `modified_by`, `route_code`) VALUES (1160, 120, 1, 1, '2025-05-03 01:01:11', 1, 2, '2025-05-03 01:01:11', 2, NULL, NULL, 'HAN-SGN');
INSERT INTO `routes` (`distance`, `estimated_duration`, `is_active`, `airline_id`, `created_date`, `destination_airport`, `id`, `modified_date`, `origin_airport`, `created_by`, `modified_by`, `route_code`) VALUES (550, 70, 1, 1, '2025-05-03 01:01:11', 7, 3, '2025-05-03 01:01:11', 1, NULL, NULL, 'SGN-DAD');
INSERT INTO `routes` (`distance`, `estimated_duration`, `is_active`, `airline_id`, `created_date`, `destination_airport`, `id`, `modified_date`, `origin_airport`, `created_by`, `modified_by`, `route_code`) VALUES (550, 70, 1, 1, '2025-05-03 01:01:11', 1, 4, '2025-05-03 01:01:11', 7, NULL, NULL, 'DAD-SGN');
INSERT INTO `routes` (`distance`, `estimated_duration`, `is_active`, `airline_id`, `created_date`, `destination_airport`, `id`, `modified_date`, `origin_airport`, `created_by`, `modified_by`, `route_code`) VALUES (880, 100, 1, 1, '2025-05-03 01:01:11', 13, 5, '2025-05-03 01:01:11', 1, NULL, NULL, 'SGN-CXR');
INSERT INTO `routes` (`distance`, `estimated_duration`, `is_active`, `airline_id`, `created_date`, `destination_airport`, `id`, `modified_date`, `origin_airport`, `created_by`, `modified_by`, `route_code`) VALUES (880, 100, 1, 1, '2025-05-03 01:01:11', 1, 6, '2025-05-03 01:01:11', 13, NULL, NULL, 'CXR-SGN');
INSERT INTO `routes` (`distance`, `estimated_duration`, `is_active`, `airline_id`, `created_date`, `destination_airport`, `id`, `modified_date`, `origin_airport`, `created_by`, `modified_by`, `route_code`) VALUES (320, 50, 1, 1, '2025-05-03 01:01:12', 6, 7, '2025-05-03 01:01:12', 1, NULL, NULL, 'SGN-DLI');
INSERT INTO `routes` (`distance`, `estimated_duration`, `is_active`, `airline_id`, `created_date`, `destination_airport`, `id`, `modified_date`, `origin_airport`, `created_by`, `modified_by`, `route_code`) VALUES (320, 50, 1, 1, '2025-05-03 01:01:12', 1, 8, '2025-05-03 01:01:12', 6, NULL, NULL, 'DLI-SGN');
INSERT INTO `routes` (`distance`, `estimated_duration`, `is_active`, `airline_id`, `created_date`, `destination_airport`, `id`, `modified_date`, `origin_airport`, `created_by`, `modified_by`, `route_code`) VALUES (300, 45, 1, 1, '2025-05-03 01:01:12', 4, 9, '2025-05-03 01:01:12', 1, NULL, NULL, 'SGN-VCA');
INSERT INTO `routes` (`distance`, `estimated_duration`, `is_active`, `airline_id`, `created_date`, `destination_airport`, `id`, `modified_date`, `origin_airport`, `created_by`, `modified_by`, `route_code`) VALUES (300, 45, 1, 1, '2025-05-03 01:01:12', 1, 10, '2025-05-03 01:01:12', 4, NULL, NULL, 'VCA-SGN');
INSERT INTO `routes` (`distance`, `estimated_duration`, `is_active`, `airline_id`, `created_date`, `destination_airport`, `id`, `modified_date`, `origin_airport`, `created_by`, `modified_by`, `route_code`) VALUES (630, 75, 1, 1, '2025-05-03 01:01:12', 7, 11, '2025-05-03 01:01:12', 2, NULL, NULL, 'HAN-DAD');
INSERT INTO `routes` (`distance`, `estimated_duration`, `is_active`, `airline_id`, `created_date`, `destination_airport`, `id`, `modified_date`, `origin_airport`, `created_by`, `modified_by`, `route_code`) VALUES (630, 75, 1, 1, '2025-05-03 01:01:12', 2, 12, '2025-05-03 01:01:12', 7, NULL, NULL, 'DAD-HAN');
INSERT INTO `routes` (`distance`, `estimated_duration`, `is_active`, `airline_id`, `created_date`, `destination_airport`, `id`, `modified_date`, `origin_airport`, `created_by`, `modified_by`, `route_code`) VALUES (1280, 130, 1, 1, '2025-05-03 01:01:12', 14, 13, '2025-05-03 01:01:12', 2, NULL, NULL, 'HAN-PQC');
INSERT INTO `routes` (`distance`, `estimated_duration`, `is_active`, `airline_id`, `created_date`, `destination_airport`, `id`, `modified_date`, `origin_airport`, `created_by`, `modified_by`, `route_code`) VALUES (1280, 130, 1, 1, '2025-05-03 01:01:12', 2, 14, '2025-05-03 01:01:12', 14, NULL, NULL, 'PQC-HAN');
INSERT INTO `routes` (`distance`, `estimated_duration`, `is_active`, `airline_id`, `created_date`, `destination_airport`, `id`, `modified_date`, `origin_airport`, `created_by`, `modified_by`, `route_code`) VALUES (970, 110, 1, 1, '2025-05-03 01:01:12', 12, 15, '2025-05-03 01:01:12', 2, NULL, NULL, 'HAN-HUI');
INSERT INTO `routes` (`distance`, `estimated_duration`, `is_active`, `airline_id`, `created_date`, `destination_airport`, `id`, `modified_date`, `origin_airport`, `created_by`, `modified_by`, `route_code`) VALUES (970, 110, 1, 1, '2025-05-03 01:01:12', 2, 16, '2025-05-03 01:01:12', 12, NULL, NULL, 'HUI-HAN');
INSERT INTO `routes` (`distance`, `estimated_duration`, `is_active`, `airline_id`, `created_date`, `destination_airport`, `id`, `modified_date`, `origin_airport`, `created_by`, `modified_by`, `route_code`) VALUES (250, 40, 1, 1, '2025-05-03 01:01:12', 3, 17, '2025-05-03 01:01:12', 1, NULL, NULL, 'SGN-BMV');
INSERT INTO `routes` (`distance`, `estimated_duration`, `is_active`, `airline_id`, `created_date`, `destination_airport`, `id`, `modified_date`, `origin_airport`, `created_by`, `modified_by`, `route_code`) VALUES (250, 40, 1, 1, '2025-05-03 01:01:12', 1, 18, '2025-05-03 01:01:12', 3, NULL, NULL, 'BMV-SGN');
INSERT INTO `routes` (`distance`, `estimated_duration`, `is_active`, `airline_id`, `created_date`, `destination_airport`, `id`, `modified_date`, `origin_airport`, `created_by`, `modified_by`, `route_code`) VALUES (680, 85, 1, 1, '2025-05-03 01:01:12', 5, 19, '2025-05-03 01:01:12', 1, NULL, NULL, 'SGN-VCL');
INSERT INTO `routes` (`distance`, `estimated_duration`, `is_active`, `airline_id`, `created_date`, `destination_airport`, `id`, `modified_date`, `origin_airport`, `created_by`, `modified_by`, `route_code`) VALUES (680, 85, 1, 1, '2025-05-03 01:01:12', 1, 20, '2025-05-03 01:01:12', 5, NULL, NULL, 'VCL-SGN');

INSERT INTO `seat_reservations` (`created_date`, `fare_class_id`, `flight_id`, `id`, `modified_date`, `created_by`, `modified_by`, `seat_number`, `seat_status`) VALUES ('2025-05-03 01:01:12', 2, 1, 1, '2025-05-03 01:01:13', NULL, NULL, 'BUS-1', 'AVAILABLE');
INSERT INTO `seat_reservations` (`created_date`, `fare_class_id`, `flight_id`, `id`, `modified_date`, `created_by`, `modified_by`, `seat_number`, `seat_status`) VALUES ('2025-05-03 01:01:12', 2, 1, 2, '2025-05-03 01:01:13', NULL, NULL, 'BUS-2', 'AVAILABLE');
INSERT INTO `seat_reservations` (`created_date`, `fare_class_id`, `flight_id`, `id`, `modified_date`, `created_by`, `modified_by`, `seat_number`, `seat_status`) VALUES ('2025-05-03 01:01:12', 2, 1, 3, '2025-05-03 01:01:13', NULL, NULL, 'BUS-3', 'AVAILABLE');
INSERT INTO `seat_reservations` (`created_date`, `fare_class_id`, `flight_id`, `id`, `modified_date`, `created_by`, `modified_by`, `seat_number`, `seat_status`) VALUES ('2025-05-03 01:01:12', 2, 1, 4, '2025-05-03 01:01:13', NULL, NULL, 'BUS-4', 'AVAILABLE');
INSERT INTO `seat_reservations` (`created_date`, `fare_class_id`, `flight_id`, `id`, `modified_date`, `created_by`, `modified_by`, `seat_number`, `seat_status`) VALUES ('2025-05-03 01:01:12', 2, 1, 5, '2025-05-03 01:01:13', NULL, NULL, 'BUS-5', 'AVAILABLE');
INSERT INTO `seat_reservations` (`created_date`, `fare_class_id`, `flight_id`, `id`, `modified_date`, `created_by`, `modified_by`, `seat_number`, `seat_status`) VALUES ('2025-05-03 01:01:12', 2, 1, 6, '2025-05-03 01:01:13', NULL, NULL, 'BUS-6', 'AVAILABLE');
INSERT INTO `seat_reservations` (`created_date`, `fare_class_id`, `flight_id`, `id`, `modified_date`, `created_by`, `modified_by`, `seat_number`, `seat_status`) VALUES ('2025-05-03 01:01:12', 2, 1, 7, '2025-05-03 01:01:13', NULL, NULL, 'BUS-7', 'AVAILABLE');
INSERT INTO `seat_reservations` (`created_date`, `fare_class_id`, `flight_id`, `id`, `modified_date`, `created_by`, `modified_by`, `seat_number`, `seat_status`) VALUES ('2025-05-03 01:01:12', 2, 1, 8, '2025-05-03 01:01:13', NULL, NULL, 'BUS-8', 'AVAILABLE');
INSERT INTO `seat_reservations` (`created_date`, `fare_class_id`, `flight_id`, `id`, `modified_date`, `created_by`, `modified_by`, `seat_number`, `seat_status`) VALUES ('2025-05-03 01:01:12', 2, 1, 9, '2025-05-03 01:01:13', NULL, NULL, 'BUS-9', 'AVAILABLE');
INSERT INTO `seat_reservations` (`created_date`, `fare_class_id`, `flight_id`, `id`, `modified_date`, `created_by`, `modified_by`, `seat_number`, `seat_status`) VALUES ('2025-05-03 01:01:12', 2, 1, 10, '2025-05-03 01:01:13', NULL, NULL, 'BUS-10', 'AVAILABLE');
INSERT INTO `seat_reservations` (`created_date`, `fare_class_id`, `flight_id`, `id`, `modified_date`, `created_by`, `modified_by`, `seat_number`, `seat_status`) VALUES ('2025-05-03 01:01:12', 2, 1, 11, '2025-05-03 01:01:13', NULL, NULL, 'BUS-11', 'AVAILABLE');
INSERT INTO `seat_reservations` (`created_date`, `fare_class_id`, `flight_id`, `id`, `modified_date`, `created_by`, `modified_by`, `seat_number`, `seat_status`) VALUES ('2025-05-03 01:01:12', 2, 1, 12, '2025-05-03 01:01:13', NULL, NULL, 'BUS-12', 'AVAILABLE');
INSERT INTO `seat_reservations` (`created_date`, `fare_class_id`, `flight_id`, `id`, `modified_date`, `created_by`, `modified_by`, `seat_number`, `seat_status`) VALUES ('2025-05-03 01:01:12', 2, 1, 13, '2025-05-03 01:01:13', NULL, NULL, 'BUS-13', 'AVAILABLE');
INSERT INTO `seat_reservations` (`created_date`, `fare_class_id`, `flight_id`, `id`, `modified_date`, `created_by`, `modified_by`, `seat_number`, `seat_status`) VALUES ('2025-05-03 01:01:12', 2, 1, 14, '2025-05-03 01:01:13', NULL, NULL, 'BUS-14', 'AVAILABLE');
INSERT INTO `seat_reservations` (`created_date`, `fare_class_id`, `flight_id`, `id`, `modified_date`, `created_by`, `modified_by`, `seat_number`, `seat_status`) VALUES ('2025-05-03 01:01:12', 2, 1, 15, '2025-05-03 01:01:13', NULL, NULL, 'BUS-15', 'AVAILABLE');
INSERT INTO `seat_reservations` (`created_date`, `fare_class_id`, `flight_id`, `id`, `modified_date`, `created_by`, `modified_by`, `seat_number`, `seat_status`) VALUES ('2025-05-03 01:01:12', 2, 1, 16, '2025-05-03 01:01:13', NULL, NULL, 'BUS-16', 'AVAILABLE');
INSERT INTO `seat_reservations` (`created_date`, `fare_class_id`, `flight_id`, `id`, `modified_date`, `created_by`, `modified_by`, `seat_number`, `seat_status`) VALUES ('2025-05-03 01:01:12', 2, 1, 17, '2025-05-03 01:01:13', NULL, NULL, 'BUS-17', 'AVAILABLE');
INSERT INTO `seat_reservations` (`created_date`, `fare_class_id`, `flight_id`, `id`, `modified_date`, `created_by`, `modified_by`, `seat_number`, `seat_status`) VALUES ('2025-05-03 01:01:12', 2, 1, 18, '2025-05-03 01:01:13', NULL, NULL, 'BUS-18', 'AVAILABLE');
INSERT INTO `seat_reservations` (`created_date`, `fare_class_id`, `flight_id`, `id`, `modified_date`, `created_by`, `modified_by`, `seat_number`, `seat_status`) VALUES ('2025-05-03 01:01:12', 2, 1, 19, '2025-05-03 01:01:13', NULL, NULL, 'BUS-19', 'AVAILABLE');
INSERT INTO `seat_reservations` (`created_date`, `fare_class_id`, `flight_id`, `id`, `modified_date`, `created_by`, `modified_by`, `seat_number`, `seat_status`) VALUES ('2025-05-03 01:01:12', 2, 1, 20, '2025-05-03 01:01:13', NULL, NULL, 'BUS-20', 'AVAILABLE');
INSERT INTO `seat_reservations` (`created_date`, `fare_class_id`, `flight_id`, `id`, `modified_date`, `created_by`, `modified_by`, `seat_number`, `seat_status`) VALUES ('2025-05-03 01:01:13', 2, 1, 21, '2025-05-03 01:01:13', NULL, NULL, 'BUS-21', 'AVAILABLE');
INSERT INTO `seat_reservations` (`created_date`, `fare_class_id`, `flight_id`, `id`, `modified_date`, `created_by`, `modified_by`, `seat_number`, `seat_status`) VALUES ('2025-05-03 01:01:13', 2, 1, 22, '2025-05-03 01:01:13', NULL, NULL, 'BUS-22', 'AVAILABLE');
INSERT INTO `seat_reservations` (`created_date`, `fare_class_id`, `flight_id`, `id`, `modified_date`, `created_by`, `modified_by`, `seat_number`, `seat_status`) VALUES ('2025-05-03 01:01:13', 2, 1, 23, '2025-05-03 01:01:13', NULL, NULL, 'BUS-23', 'AVAILABLE');
INSERT INTO `seat_reservations` (`created_date`, `fare_class_id`, `flight_id`, `id`, `modified_date`, `created_by`, `modified_by`, `seat_number`, `seat_status`) VALUES ('2025-05-03 01:01:13', 2, 1, 24, '2025-05-03 01:01:13', NULL, NULL, 'BUS-24', 'AVAILABLE');
INSERT INTO `seat_reservations` (`created_date`, `fare_class_id`, `flight_id`, `id`, `modified_date`, `created_by`, `modified_by`, `seat_number`, `seat_status`) VALUES ('2025-05-03 01:01:13', 2, 1, 25, '2025-05-03 01:01:13', NULL, NULL, 'BUS-25', 'AVAILABLE');
INSERT INTO `seat_reservations` (`created_date`, `fare_class_id`, `flight_id`, `id`, `modified_date`, `created_by`, `modified_by`, `seat_number`, `seat_status`) VALUES ('2025-05-03 01:01:13', 2, 1, 26, '2025-05-03 01:01:13', NULL, NULL, 'BUS-26', 'AVAILABLE');
INSERT INTO `seat_reservations` (`created_date`, `fare_class_id`, `flight_id`, `id`, `modified_date`, `created_by`, `modified_by`, `seat_number`, `seat_status`) VALUES ('2025-05-03 01:01:13', 2, 1, 27, '2025-05-03 01:01:13', NULL, NULL, 'BUS-27', 'AVAILABLE');
INSERT INTO `seat_reservations` (`created_date`, `fare_class_id`, `flight_id`, `id`, `modified_date`, `created_by`, `modified_by`, `seat_number`, `seat_status`) VALUES ('2025-05-03 01:01:13', 2, 1, 28, '2025-05-03 01:01:13', NULL, NULL, 'BUS-28', 'AVAILABLE');
INSERT INTO `seat_reservations` (`created_date`, `fare_class_id`, `flight_id`, `id`, `modified_date`, `created_by`, `modified_by`, `seat_number`, `seat_status`) VALUES ('2025-05-03 01:01:13', 2, 1, 29, '2025-05-03 01:01:13', NULL, NULL, 'BUS-29', 'AVAILABLE');
INSERT INTO `seat_reservations` (`created_date`, `fare_class_id`, `flight_id`, `id`, `modified_date`, `created_by`, `modified_by`, `seat_number`, `seat_status`) VALUES ('2025-05-03 01:01:13', 2, 1, 30, '2025-05-03 01:01:13', NULL, NULL, 'BUS-30', 'AVAILABLE');
INSERT INTO `seat_reservations` (`created_date`, `fare_class_id`, `flight_id`, `id`, `modified_date`, `created_by`, `modified_by`, `seat_number`, `seat_status`) VALUES ('2025-05-03 01:01:13', 2, 1, 31, '2025-05-03 01:01:13', NULL, NULL, 'BUS-31', 'AVAILABLE');
INSERT INTO `seat_reservations` (`created_date`, `fare_class_id`, `flight_id`, `id`, `modified_date`, `created_by`, `modified_by`, `seat_number`, `seat_status`) VALUES ('2025-05-03 01:01:13', 2, 1, 32, '2025-05-03 01:01:13', NULL, NULL, 'BUS-32', 'AVAILABLE');
INSERT INTO `seat_reservations` (`created_date`, `fare_class_id`, `flight_id`, `id`, `modified_date`, `created_by`, `modified_by`, `seat_number`, `seat_status`) VALUES ('2025-05-03 01:01:13', 2, 1, 33, '2025-05-03 01:01:13', NULL, NULL, 'BUS-33', 'AVAILABLE');
INSERT INTO `seat_reservations` (`created_date`, `fare_class_id`, `flight_id`, `id`, `modified_date`, `created_by`, `modified_by`, `seat_number`, `seat_status`) VALUES ('2025-05-03 01:01:13', 2, 1, 34, '2025-05-03 01:01:13', NULL, NULL, 'BUS-34', 'AVAILABLE');
INSERT INTO `seat_reservations` (`created_date`, `fare_class_id`, `flight_id`, `id`, `modified_date`, `created_by`, `modified_by`, `seat_number`, `seat_status`) VALUES ('2025-05-03 01:01:13', 2, 1, 35, '2025-05-03 01:01:13', NULL, NULL, 'BUS-35', 'AVAILABLE');
INSERT INTO `seat_reservations` (`created_date`, `fare_class_id`, `flight_id`, `id`, `modified_date`, `created_by`, `modified_by`, `seat_number`, `seat_status`) VALUES ('2025-05-03 01:01:13', 2, 1, 36, '2025-05-03 01:01:13', NULL, NULL, 'BUS-36', 'AVAILABLE');
INSERT INTO `seat_reservations` (`created_date`, `fare_class_id`, `flight_id`, `id`, `modified_date`, `created_by`, `modified_by`, `seat_number`, `seat_status`) VALUES ('2025-05-03 01:01:13', 2, 1, 37, '2025-05-03 01:01:13', NULL, NULL, 'BUS-37', 'AVAILABLE');
INSERT INTO `seat_reservations` (`created_date`, `fare_class_id`, `flight_id`, `id`, `modified_date`, `created_by`, `modified_by`, `seat_number`, `seat_status`) VALUES ('2025-05-03 01:01:13', 2, 1, 38, '2025-05-03 01:01:13', NULL, NULL, 'BUS-38', 'AVAILABLE');
INSERT INTO `seat_reservations` (`created_date`, `fare_class_id`, `flight_id`, `id`, `modified_date`, `created_by`, `modified_by`, `seat_number`, `seat_status`) VALUES ('2025-05-03 01:01:13', 2, 1, 39, '2025-05-03 01:01:13', NULL, NULL, 'BUS-39', 'AVAILABLE');
INSERT INTO `seat_reservations` (`created_date`, `fare_class_id`, `flight_id`, `id`, `modified_date`, `created_by`, `modified_by`, `seat_number`, `seat_status`) VALUES ('2025-05-03 01:01:13', 2, 1, 40, '2025-05-03 01:01:13', NULL, NULL, 'BUS-40', 'AVAILABLE');
INSERT INTO `seat_reservations` (`created_date`, `fare_class_id`, `flight_id`, `id`, `modified_date`, `created_by`, `modified_by`, `seat_number`, `seat_status`) VALUES ('2025-05-03 01:01:13', 2, 1, 41, '2025-05-03 01:01:13', NULL, NULL, 'BUS-41', 'AVAILABLE');
INSERT INTO `seat_reservations` (`created_date`, `fare_class_id`, `flight_id`, `id`, `modified_date`, `created_by`, `modified_by`, `seat_number`, `seat_status`) VALUES ('2025-05-03 01:01:13', 2, 1, 42, '2025-05-03 01:01:13', NULL, NULL, 'BUS-42', 'AVAILABLE');
INSERT INTO `seat_reservations` (`created_date`, `fare_class_id`, `flight_id`, `id`, `modified_date`, `created_by`, `modified_by`, `seat_number`, `seat_status`) VALUES ('2025-05-03 01:01:13', 2, 1, 43, '2025-05-03 01:01:13', NULL, NULL, 'BUS-43', 'AVAILABLE');
INSERT INTO `seat_reservations` (`created_date`, `fare_class_id`, `flight_id`, `id`, `modified_date`, `created_by`, `modified_by`, `seat_number`, `seat_status`) VALUES ('2025-05-03 01:01:13', 2, 1, 44, '2025-05-03 01:01:13', NULL, NULL, 'BUS-44', 'AVAILABLE');
INSERT INTO `seat_reservations` (`created_date`, `fare_class_id`, `flight_id`, `id`, `modified_date`, `created_by`, `modified_by`, `seat_number`, `seat_status`) VALUES ('2025-05-03 01:01:13', 2, 1, 45, '2025-05-03 01:01:13', NULL, NULL, 'BUS-45', 'AVAILABLE');
INSERT INTO `seat_reservations` (`created_date`, `fare_class_id`, `flight_id`, `id`, `modified_date`, `created_by`, `modified_by`, `seat_number`, `seat_status`) VALUES ('2025-05-03 01:01:13', 2, 1, 46, '2025-05-03 01:01:13', NULL, NULL, 'BUS-46', 'AVAILABLE');
INSERT INTO `seat_reservations` (`created_date`, `fare_class_id`, `flight_id`, `id`, `modified_date`, `created_by`, `modified_by`, `seat_number`, `seat_status`) VALUES ('2025-05-03 01:01:13', 2, 1, 47, '2025-05-03 01:01:13', NULL, NULL, 'BUS-47', 'AVAILABLE');
INSERT INTO `seat_reservations` (`created_date`, `fare_class_id`, `flight_id`, `id`, `modified_date`, `created_by`, `modified_by`, `seat_number`, `seat_status`) VALUES ('2025-05-03 01:01:13', 2, 1, 48, '2025-05-03 01:01:13', NULL, NULL, 'BUS-48', 'AVAILABLE');
INSERT INTO `seat_reservations` (`created_date`, `fare_class_id`, `flight_id`, `id`, `modified_date`, `created_by`, `modified_by`, `seat_number`, `seat_status`) VALUES ('2025-05-03 01:01:13', 3, 1, 49, '2025-05-03 01:01:13', NULL, NULL, 'STD-1', 'AVAILABLE');
INSERT INTO `seat_reservations` (`created_date`, `fare_class_id`, `flight_id`, `id`, `modified_date`, `created_by`, `modified_by`, `seat_number`, `seat_status`) VALUES ('2025-05-03 01:01:13', 3, 1, 50, '2025-05-03 01:01:13', NULL, NULL, 'STD-2', 'AVAILABLE');
INSERT INTO `seat_reservations` (`created_date`, `fare_class_id`, `flight_id`, `id`, `modified_date`, `created_by`, `modified_by`, `seat_number`, `seat_status`) VALUES ('2025-05-03 01:01:13', 3, 1, 51, '2025-05-03 01:01:13', NULL, NULL, 'STD-3', 'AVAILABLE');
INSERT INTO `seat_reservations` (`created_date`, `fare_class_id`, `flight_id`, `id`, `modified_date`, `created_by`, `modified_by`, `seat_number`, `seat_status`) VALUES ('2025-05-03 01:01:13', 3, 1, 52, '2025-05-03 01:01:13', NULL, NULL, 'STD-4', 'AVAILABLE');
INSERT INTO `seat_reservations` (`created_date`, `fare_class_id`, `flight_id`, `id`, `modified_date`, `created_by`, `modified_by`, `seat_number`, `seat_status`) VALUES ('2025-05-03 01:01:13', 3, 1, 53, '2025-05-03 01:01:13', NULL, NULL, 'STD-5', 'AVAILABLE');
INSERT INTO `seat_reservations` (`created_date`, `fare_class_id`, `flight_id`, `id`, `modified_date`, `created_by`, `modified_by`, `seat_number`, `seat_status`) VALUES ('2025-05-03 01:01:13', 3, 1, 54, '2025-05-03 01:01:13', NULL, NULL, 'STD-6', 'AVAILABLE');
INSERT INTO `seat_reservations` (`created_date`, `fare_class_id`, `flight_id`, `id`, `modified_date`, `created_by`, `modified_by`, `seat_number`, `seat_status`) VALUES ('2025-05-03 01:01:13', 3, 1, 55, '2025-05-03 01:01:13', NULL, NULL, 'STD-7', 'AVAILABLE');
INSERT INTO `seat_reservations` (`created_date`, `fare_class_id`, `flight_id`, `id`, `modified_date`, `created_by`, `modified_by`, `seat_number`, `seat_status`) VALUES ('2025-05-03 01:01:13', 3, 1, 56, '2025-05-03 01:01:13', NULL, NULL, 'STD-8', 'AVAILABLE');
INSERT INTO `seat_reservations` (`created_date`, `fare_class_id`, `flight_id`, `id`, `modified_date`, `created_by`, `modified_by`, `seat_number`, `seat_status`) VALUES ('2025-05-03 01:01:13', 3, 1, 57, '2025-05-03 01:01:13', NULL, NULL, 'STD-9', 'AVAILABLE');
INSERT INTO `seat_reservations` (`created_date`, `fare_class_id`, `flight_id`, `id`, `modified_date`, `created_by`, `modified_by`, `seat_number`, `seat_status`) VALUES ('2025-05-03 01:01:13', 3, 1, 58, '2025-05-03 01:01:13', NULL, NULL, 'STD-10', 'AVAILABLE');
INSERT INTO `seat_reservations` (`created_date`, `fare_class_id`, `flight_id`, `id`, `modified_date`, `created_by`, `modified_by`, `seat_number`, `seat_status`) VALUES ('2025-05-03 01:01:13', 3, 1, 59, '2025-05-03 01:01:13', NULL, NULL, 'STD-11', 'AVAILABLE');
INSERT INTO `seat_reservations` (`created_date`, `fare_class_id`, `flight_id`, `id`, `modified_date`, `created_by`, `modified_by`, `seat_number`, `seat_status`) VALUES ('2025-05-03 01:01:13', 3, 1, 60, '2025-05-03 01:01:13', NULL, NULL, 'STD-12', 'AVAILABLE');
INSERT INTO `seat_reservations` (`created_date`, `fare_class_id`, `flight_id`, `id`, `modified_date`, `created_by`, `modified_by`, `seat_number`, `seat_status`) VALUES ('2025-05-03 01:01:13', 3, 1, 61, '2025-05-03 01:01:13', NULL, NULL, 'STD-13', 'AVAILABLE');
INSERT INTO `seat_reservations` (`created_date`, `fare_class_id`, `flight_id`, `id`, `modified_date`, `created_by`, `modified_by`, `seat_number`, `seat_status`) VALUES ('2025-05-03 01:01:13', 3, 1, 62, '2025-05-03 01:01:13', NULL, NULL, 'STD-14', 'AVAILABLE');
INSERT INTO `seat_reservations` (`created_date`, `fare_class_id`, `flight_id`, `id`, `modified_date`, `created_by`, `modified_by`, `seat_number`, `seat_status`) VALUES ('2025-05-03 01:01:13', 3, 1, 63, '2025-05-03 01:01:13', NULL, NULL, 'STD-15', 'AVAILABLE');
INSERT INTO `seat_reservations` (`created_date`, `fare_class_id`, `flight_id`, `id`, `modified_date`, `created_by`, `modified_by`, `seat_number`, `seat_status`) VALUES ('2025-05-03 01:01:13', 3, 1, 64, '2025-05-03 01:01:13', NULL, NULL, 'STD-16', 'AVAILABLE');
INSERT INTO `seat_reservations` (`created_date`, `fare_class_id`, `flight_id`, `id`, `modified_date`, `created_by`, `modified_by`, `seat_number`, `seat_status`) VALUES ('2025-05-03 01:01:13', 3, 1, 65, '2025-05-03 01:01:13', NULL, NULL, 'STD-17', 'AVAILABLE');
INSERT INTO `seat_reservations` (`created_date`, `fare_class_id`, `flight_id`, `id`, `modified_date`, `created_by`, `modified_by`, `seat_number`, `seat_status`) VALUES ('2025-05-03 01:01:13', 3, 1, 66, '2025-05-03 01:01:13', NULL, NULL, 'STD-18', 'AVAILABLE');
INSERT INTO `seat_reservations` (`created_date`, `fare_class_id`, `flight_id`, `id`, `modified_date`, `created_by`, `modified_by`, `seat_number`, `seat_status`) VALUES ('2025-05-03 01:01:13', 3, 1, 67, '2025-05-03 01:01:13', NULL, NULL, 'STD-19', 'AVAILABLE');
INSERT INTO `seat_reservations` (`created_date`, `fare_class_id`, `flight_id`, `id`, `modified_date`, `created_by`, `modified_by`, `seat_number`, `seat_status`) VALUES ('2025-05-03 01:01:13', 3, 1, 68, '2025-05-03 01:01:13', NULL, NULL, 'STD-20', 'AVAILABLE');
INSERT INTO `seat_reservations` (`created_date`, `fare_class_id`, `flight_id`, `id`, `modified_date`, `created_by`, `modified_by`, `seat_number`, `seat_status`) VALUES ('2025-05-03 01:01:13', 3, 1, 69, '2025-05-03 01:01:13', NULL, NULL, 'STD-21', 'AVAILABLE');
INSERT INTO `seat_reservations` (`created_date`, `fare_class_id`, `flight_id`, `id`, `modified_date`, `created_by`, `modified_by`, `seat_number`, `seat_status`) VALUES ('2025-05-03 01:01:13', 3, 1, 70, '2025-05-03 01:01:13', NULL, NULL, 'STD-22', 'AVAILABLE');
INSERT INTO `seat_reservations` (`created_date`, `fare_class_id`, `flight_id`, `id`, `modified_date`, `created_by`, `modified_by`, `seat_number`, `seat_status`) VALUES ('2025-05-03 01:01:13', 3, 1, 71, '2025-05-03 01:01:13', NULL, NULL, 'STD-23', 'AVAILABLE');
INSERT INTO `seat_reservations` (`created_date`, `fare_class_id`, `flight_id`, `id`, `modified_date`, `created_by`, `modified_by`, `seat_number`, `seat_status`) VALUES ('2025-05-03 01:01:13', 3, 1, 72, '2025-05-03 01:01:13', NULL, NULL, 'STD-24', 'AVAILABLE');
INSERT INTO `seat_reservations` (`created_date`, `fare_class_id`, `flight_id`, `id`, `modified_date`, `created_by`, `modified_by`, `seat_number`, `seat_status`) VALUES ('2025-05-03 01:01:13', 3, 1, 73, '2025-05-03 01:01:13', NULL, NULL, 'STD-25', 'AVAILABLE');
INSERT INTO `seat_reservations` (`created_date`, `fare_class_id`, `flight_id`, `id`, `modified_date`, `created_by`, `modified_by`, `seat_number`, `seat_status`) VALUES ('2025-05-03 01:01:13', 3, 1, 74, '2025-05-03 01:01:13', NULL, NULL, 'STD-26', 'AVAILABLE');
INSERT INTO `seat_reservations` (`created_date`, `fare_class_id`, `flight_id`, `id`, `modified_date`, `created_by`, `modified_by`, `seat_number`, `seat_status`) VALUES ('2025-05-03 01:01:13', 3, 1, 75, '2025-05-03 01:01:13', NULL, NULL, 'STD-27', 'AVAILABLE');
INSERT INTO `seat_reservations` (`created_date`, `fare_class_id`, `flight_id`, `id`, `modified_date`, `created_by`, `modified_by`, `seat_number`, `seat_status`) VALUES ('2025-05-03 01:01:13', 3, 1, 76, '2025-05-03 01:01:13', NULL, NULL, 'STD-28', 'AVAILABLE');
INSERT INTO `seat_reservations` (`created_date`, `fare_class_id`, `flight_id`, `id`, `modified_date`, `created_by`, `modified_by`, `seat_number`, `seat_status`) VALUES ('2025-05-03 01:01:13', 3, 1, 77, '2025-05-03 01:01:13', NULL, NULL, 'STD-29', 'AVAILABLE');
INSERT INTO `seat_reservations` (`created_date`, `fare_class_id`, `flight_id`, `id`, `modified_date`, `created_by`, `modified_by`, `seat_number`, `seat_status`) VALUES ('2025-05-03 01:01:13', 3, 1, 78, '2025-05-03 01:01:13', NULL, NULL, 'STD-30', 'AVAILABLE');
INSERT INTO `seat_reservations` (`created_date`, `fare_class_id`, `flight_id`, `id`, `modified_date`, `created_by`, `modified_by`, `seat_number`, `seat_status`) VALUES ('2025-05-03 01:01:13', 3, 1, 79, '2025-05-03 01:01:13', NULL, NULL, 'STD-31', 'AVAILABLE');
INSERT INTO `seat_reservations` (`created_date`, `fare_class_id`, `flight_id`, `id`, `modified_date`, `created_by`, `modified_by`, `seat_number`, `seat_status`) VALUES ('2025-05-03 01:01:13', 3, 1, 80, '2025-05-03 01:01:13', NULL, NULL, 'STD-32', 'AVAILABLE');
INSERT INTO `seat_reservations` (`created_date`, `fare_class_id`, `flight_id`, `id`, `modified_date`, `created_by`, `modified_by`, `seat_number`, `seat_status`) VALUES ('2025-05-03 01:01:13', 3, 1, 81, '2025-05-03 01:01:13', NULL, NULL, 'STD-33', 'AVAILABLE');
INSERT INTO `seat_reservations` (`created_date`, `fare_class_id`, `flight_id`, `id`, `modified_date`, `created_by`, `modified_by`, `seat_number`, `seat_status`) VALUES ('2025-05-03 01:01:13', 3, 1, 82, '2025-05-03 01:01:13', NULL, NULL, 'STD-34', 'AVAILABLE');
INSERT INTO `seat_reservations` (`created_date`, `fare_class_id`, `flight_id`, `id`, `modified_date`, `created_by`, `modified_by`, `seat_number`, `seat_status`) VALUES ('2025-05-03 01:01:13', 3, 1, 83, '2025-05-03 01:01:13', NULL, NULL, 'STD-35', 'AVAILABLE');
INSERT INTO `seat_reservations` (`created_date`, `fare_class_id`, `flight_id`, `id`, `modified_date`, `created_by`, `modified_by`, `seat_number`, `seat_status`) VALUES ('2025-05-03 01:01:13', 3, 1, 84, '2025-05-03 01:01:13', NULL, NULL, 'STD-36', 'AVAILABLE');
INSERT INTO `seat_reservations` (`created_date`, `fare_class_id`, `flight_id`, `id`, `modified_date`, `created_by`, `modified_by`, `seat_number`, `seat_status`) VALUES ('2025-05-03 01:01:13', 3, 1, 85, '2025-05-03 01:01:13', NULL, NULL, 'STD-37', 'AVAILABLE');
INSERT INTO `seat_reservations` (`created_date`, `fare_class_id`, `flight_id`, `id`, `modified_date`, `created_by`, `modified_by`, `seat_number`, `seat_status`) VALUES ('2025-05-03 01:01:13', 3, 1, 86, '2025-05-03 01:01:13', NULL, NULL, 'STD-38', 'AVAILABLE');
INSERT INTO `seat_reservations` (`created_date`, `fare_class_id`, `flight_id`, `id`, `modified_date`, `created_by`, `modified_by`, `seat_number`, `seat_status`) VALUES ('2025-05-03 01:01:13', 3, 1, 87, '2025-05-03 01:01:13', NULL, NULL, 'STD-39', 'AVAILABLE');
INSERT INTO `seat_reservations` (`created_date`, `fare_class_id`, `flight_id`, `id`, `modified_date`, `created_by`, `modified_by`, `seat_number`, `seat_status`) VALUES ('2025-05-03 01:01:13', 3, 1, 88, '2025-05-03 01:01:13', NULL, NULL, 'STD-40', 'AVAILABLE');
INSERT INTO `seat_reservations` (`created_date`, `fare_class_id`, `flight_id`, `id`, `modified_date`, `created_by`, `modified_by`, `seat_number`, `seat_status`) VALUES ('2025-05-03 01:01:13', 3, 1, 89, '2025-05-03 01:01:13', NULL, NULL, 'STD-41', 'AVAILABLE');
INSERT INTO `seat_reservations` (`created_date`, `fare_class_id`, `flight_id`, `id`, `modified_date`, `created_by`, `modified_by`, `seat_number`, `seat_status`) VALUES ('2025-05-03 01:01:13', 3, 1, 90, '2025-05-03 01:01:13', NULL, NULL, 'STD-42', 'AVAILABLE');
INSERT INTO `seat_reservations` (`created_date`, `fare_class_id`, `flight_id`, `id`, `modified_date`, `created_by`, `modified_by`, `seat_number`, `seat_status`) VALUES ('2025-05-03 01:01:13', 3, 1, 91, '2025-05-03 01:01:13', NULL, NULL, 'STD-43', 'AVAILABLE');
INSERT INTO `seat_reservations` (`created_date`, `fare_class_id`, `flight_id`, `id`, `modified_date`, `created_by`, `modified_by`, `seat_number`, `seat_status`) VALUES ('2025-05-03 01:01:13', 3, 1, 92, '2025-05-03 01:01:13', NULL, NULL, 'STD-44', 'AVAILABLE');
INSERT INTO `seat_reservations` (`created_date`, `fare_class_id`, `flight_id`, `id`, `modified_date`, `created_by`, `modified_by`, `seat_number`, `seat_status`) VALUES ('2025-05-03 01:01:13', 3, 1, 93, '2025-05-03 01:01:13', NULL, NULL, 'STD-45', 'AVAILABLE');
INSERT INTO `seat_reservations` (`created_date`, `fare_class_id`, `flight_id`, `id`, `modified_date`, `created_by`, `modified_by`, `seat_number`, `seat_status`) VALUES ('2025-05-03 01:01:13', 3, 1, 94, '2025-05-03 01:01:13', NULL, NULL, 'STD-46', 'AVAILABLE');
INSERT INTO `seat_reservations` (`created_date`, `fare_class_id`, `flight_id`, `id`, `modified_date`, `created_by`, `modified_by`, `seat_number`, `seat_status`) VALUES ('2025-05-03 01:01:13', 3, 1, 95, '2025-05-03 01:01:13', NULL, NULL, 'STD-47', 'AVAILABLE');
INSERT INTO `seat_reservations` (`created_date`, `fare_class_id`, `flight_id`, `id`, `modified_date`, `created_by`, `modified_by`, `seat_number`, `seat_status`) VALUES ('2025-05-03 01:01:13', 3, 1, 96, '2025-05-03 01:01:13', NULL, NULL, 'STD-48', 'AVAILABLE');
INSERT INTO `seat_reservations` (`created_date`, `fare_class_id`, `flight_id`, `id`, `modified_date`, `created_by`, `modified_by`, `seat_number`, `seat_status`) VALUES ('2025-05-03 01:01:13', 3, 1, 97, '2025-05-03 01:01:13', NULL, NULL, 'STD-49', 'AVAILABLE');
INSERT INTO `seat_reservations` (`created_date`, `fare_class_id`, `flight_id`, `id`, `modified_date`, `created_by`, `modified_by`, `seat_number`, `seat_status`) VALUES ('2025-05-03 01:01:13', 3, 1, 98, '2025-05-03 01:01:13', NULL, NULL, 'STD-50', 'AVAILABLE');
INSERT INTO `seat_reservations` (`created_date`, `fare_class_id`, `flight_id`, `id`, `modified_date`, `created_by`, `modified_by`, `seat_number`, `seat_status`) VALUES ('2025-05-03 01:01:13', 1, 1, 99, '2025-05-03 01:01:13', NULL, NULL, 'PRM-1', 'AVAILABLE');
INSERT INTO `seat_reservations` (`created_date`, `fare_class_id`, `flight_id`, `id`, `modified_date`, `created_by`, `modified_by`, `seat_number`, `seat_status`) VALUES ('2025-05-03 01:01:13', 1, 1, 100, '2025-05-03 01:01:13', NULL, NULL, 'PRM-2', 'AVAILABLE');
INSERT INTO `seat_reservations` (`created_date`, `fare_class_id`, `flight_id`, `id`, `modified_date`, `created_by`, `modified_by`, `seat_number`, `seat_status`) VALUES ('2025-05-03 01:01:13', 1, 1, 101, '2025-05-03 01:01:13', NULL, NULL, 'PRM-3', 'AVAILABLE');
INSERT INTO `seat_reservations` (`created_date`, `fare_class_id`, `flight_id`, `id`, `modified_date`, `created_by`, `modified_by`, `seat_number`, `seat_status`) VALUES ('2025-05-03 01:01:13', 1, 1, 102, '2025-05-03 01:01:13', NULL, NULL, 'PRM-4', 'AVAILABLE');
INSERT INTO `seat_reservations` (`created_date`, `fare_class_id`, `flight_id`, `id`, `modified_date`, `created_by`, `modified_by`, `seat_number`, `seat_status`) VALUES ('2025-05-03 01:01:13', 1, 1, 103, '2025-05-03 01:01:13', NULL, NULL, 'PRM-5', 'AVAILABLE');
INSERT INTO `seat_reservations` (`created_date`, `fare_class_id`, `flight_id`, `id`, `modified_date`, `created_by`, `modified_by`, `seat_number`, `seat_status`) VALUES ('2025-05-03 01:01:13', 1, 1, 104, '2025-05-03 01:01:13', NULL, NULL, 'PRM-6', 'AVAILABLE');
INSERT INTO `seat_reservations` (`created_date`, `fare_class_id`, `flight_id`, `id`, `modified_date`, `created_by`, `modified_by`, `seat_number`, `seat_status`) VALUES ('2025-05-03 01:01:13', 1, 1, 105, '2025-05-03 01:01:13', NULL, NULL, 'PRM-7', 'AVAILABLE');
INSERT INTO `seat_reservations` (`created_date`, `fare_class_id`, `flight_id`, `id`, `modified_date`, `created_by`, `modified_by`, `seat_number`, `seat_status`) VALUES ('2025-05-03 01:01:13', 1, 1, 106, '2025-05-03 01:01:13', NULL, NULL, 'PRM-8', 'AVAILABLE');
INSERT INTO `seat_reservations` (`created_date`, `fare_class_id`, `flight_id`, `id`, `modified_date`, `created_by`, `modified_by`, `seat_number`, `seat_status`) VALUES ('2025-05-03 01:01:13', 1, 1, 107, '2025-05-03 01:01:13', NULL, NULL, 'PRM-9', 'AVAILABLE');
INSERT INTO `seat_reservations` (`created_date`, `fare_class_id`, `flight_id`, `id`, `modified_date`, `created_by`, `modified_by`, `seat_number`, `seat_status`) VALUES ('2025-05-03 01:01:13', 1, 1, 108, '2025-05-03 01:01:13', NULL, NULL, 'PRM-10', 'AVAILABLE');
INSERT INTO `seat_reservations` (`created_date`, `fare_class_id`, `flight_id`, `id`, `modified_date`, `created_by`, `modified_by`, `seat_number`, `seat_status`) VALUES ('2025-05-03 01:01:13', 1, 1, 109, '2025-05-03 01:01:13', NULL, NULL, 'PRM-11', 'AVAILABLE');
INSERT INTO `seat_reservations` (`created_date`, `fare_class_id`, `flight_id`, `id`, `modified_date`, `created_by`, `modified_by`, `seat_number`, `seat_status`) VALUES ('2025-05-03 01:01:13', 1, 1, 110, '2025-05-03 01:01:13', NULL, NULL, 'PRM-12', 'AVAILABLE');
INSERT INTO `seat_reservations` (`created_date`, `fare_class_id`, `flight_id`, `id`, `modified_date`, `created_by`, `modified_by`, `seat_number`, `seat_status`) VALUES ('2025-05-03 01:01:13', 1, 1, 111, '2025-05-03 01:01:13', NULL, NULL, 'PRM-13', 'AVAILABLE');
INSERT INTO `seat_reservations` (`created_date`, `fare_class_id`, `flight_id`, `id`, `modified_date`, `created_by`, `modified_by`, `seat_number`, `seat_status`) VALUES ('2025-05-03 01:01:13', 1, 1, 112, '2025-05-03 01:01:13', NULL, NULL, 'PRM-14', 'AVAILABLE');
INSERT INTO `seat_reservations` (`created_date`, `fare_class_id`, `flight_id`, `id`, `modified_date`, `created_by`, `modified_by`, `seat_number`, `seat_status`) VALUES ('2025-05-03 01:01:13', 1, 1, 113, '2025-05-03 01:01:13', NULL, NULL, 'PRM-15', 'AVAILABLE');
INSERT INTO `seat_reservations` (`created_date`, `fare_class_id`, `flight_id`, `id`, `modified_date`, `created_by`, `modified_by`, `seat_number`, `seat_status`) VALUES ('2025-05-03 01:01:13', 1, 1, 114, '2025-05-03 01:01:13', NULL, NULL, 'PRM-16', 'AVAILABLE');
INSERT INTO `seat_reservations` (`created_date`, `fare_class_id`, `flight_id`, `id`, `modified_date`, `created_by`, `modified_by`, `seat_number`, `seat_status`) VALUES ('2025-05-03 01:01:13', 1, 1, 115, '2025-05-03 01:01:13', NULL, NULL, 'PRM-17', 'AVAILABLE');
INSERT INTO `seat_reservations` (`created_date`, `fare_class_id`, `flight_id`, `id`, `modified_date`, `created_by`, `modified_by`, `seat_number`, `seat_status`) VALUES ('2025-05-03 01:01:13', 1, 1, 116, '2025-05-03 01:01:13', NULL, NULL, 'PRM-18', 'AVAILABLE');
INSERT INTO `seat_reservations` (`created_date`, `fare_class_id`, `flight_id`, `id`, `modified_date`, `created_by`, `modified_by`, `seat_number`, `seat_status`) VALUES ('2025-05-03 01:01:13', 1, 1, 117, '2025-05-03 01:01:13', NULL, NULL, 'PRM-19', 'AVAILABLE');
INSERT INTO `seat_reservations` (`created_date`, `fare_class_id`, `flight_id`, `id`, `modified_date`, `created_by`, `modified_by`, `seat_number`, `seat_status`) VALUES ('2025-05-03 01:01:13', 1, 1, 118, '2025-05-03 01:01:13', NULL, NULL, 'PRM-20', 'AVAILABLE');
INSERT INTO `seat_reservations` (`created_date`, `fare_class_id`, `flight_id`, `id`, `modified_date`, `created_by`, `modified_by`, `seat_number`, `seat_status`) VALUES ('2025-05-03 01:01:13', 1, 1, 119, '2025-05-03 01:01:13', NULL, NULL, 'PRM-21', 'AVAILABLE');
INSERT INTO `seat_reservations` (`created_date`, `fare_class_id`, `flight_id`, `id`, `modified_date`, `created_by`, `modified_by`, `seat_number`, `seat_status`) VALUES ('2025-05-03 01:01:14', 2, 2, 120, '2025-05-03 01:01:14', NULL, NULL, 'BUS-1', 'AVAILABLE');
INSERT INTO `seat_reservations` (`created_date`, `fare_class_id`, `flight_id`, `id`, `modified_date`, `created_by`, `modified_by`, `seat_number`, `seat_status`) VALUES ('2025-05-03 01:01:14', 2, 2, 121, '2025-05-03 01:01:14', NULL, NULL, 'BUS-2', 'AVAILABLE');
INSERT INTO `seat_reservations` (`created_date`, `fare_class_id`, `flight_id`, `id`, `modified_date`, `created_by`, `modified_by`, `seat_number`, `seat_status`) VALUES ('2025-05-03 01:01:14', 2, 2, 122, '2025-05-03 01:01:14', NULL, NULL, 'BUS-3', 'AVAILABLE');
INSERT INTO `seat_reservations` (`created_date`, `fare_class_id`, `flight_id`, `id`, `modified_date`, `created_by`, `modified_by`, `seat_number`, `seat_status`) VALUES ('2025-05-03 01:01:14', 2, 2, 123, '2025-05-03 01:01:14', NULL, NULL, 'BUS-4', 'AVAILABLE');
INSERT INTO `seat_reservations` (`created_date`, `fare_class_id`, `flight_id`, `id`, `modified_date`, `created_by`, `modified_by`, `seat_number`, `seat_status`) VALUES ('2025-05-03 01:01:14', 2, 2, 124, '2025-05-03 01:01:14', NULL, NULL, 'BUS-5', 'AVAILABLE');
INSERT INTO `seat_reservations` (`created_date`, `fare_class_id`, `flight_id`, `id`, `modified_date`, `created_by`, `modified_by`, `seat_number`, `seat_status`) VALUES ('2025-05-03 01:01:14', 2, 2, 125, '2025-05-03 01:01:14', NULL, NULL, 'BUS-6', 'AVAILABLE');
INSERT INTO `seat_reservations` (`created_date`, `fare_class_id`, `flight_id`, `id`, `modified_date`, `created_by`, `modified_by`, `seat_number`, `seat_status`) VALUES ('2025-05-03 01:01:14', 2, 2, 126, '2025-05-03 01:01:14', NULL, NULL, 'BUS-7', 'AVAILABLE');
INSERT INTO `seat_reservations` (`created_date`, `fare_class_id`, `flight_id`, `id`, `modified_date`, `created_by`, `modified_by`, `seat_number`, `seat_status`) VALUES ('2025-05-03 01:01:14', 2, 2, 127, '2025-05-03 01:01:14', NULL, NULL, 'BUS-8', 'AVAILABLE');
INSERT INTO `seat_reservations` (`created_date`, `fare_class_id`, `flight_id`, `id`, `modified_date`, `created_by`, `modified_by`, `seat_number`, `seat_status`) VALUES ('2025-05-03 01:01:14', 2, 2, 128, '2025-05-03 01:01:14', NULL, NULL, 'BUS-9', 'AVAILABLE');
INSERT INTO `seat_reservations` (`created_date`, `fare_class_id`, `flight_id`, `id`, `modified_date`, `created_by`, `modified_by`, `seat_number`, `seat_status`) VALUES ('2025-05-03 01:01:14', 2, 2, 129, '2025-05-03 01:01:14', NULL, NULL, 'BUS-10', 'AVAILABLE');
INSERT INTO `seat_reservations` (`created_date`, `fare_class_id`, `flight_id`, `id`, `modified_date`, `created_by`, `modified_by`, `seat_number`, `seat_status`) VALUES ('2025-05-03 01:01:14', 2, 2, 130, '2025-05-03 01:01:14', NULL, NULL, 'BUS-11', 'AVAILABLE');
INSERT INTO `seat_reservations` (`created_date`, `fare_class_id`, `flight_id`, `id`, `modified_date`, `created_by`, `modified_by`, `seat_number`, `seat_status`) VALUES ('2025-05-03 01:01:14', 2, 2, 131, '2025-05-03 01:01:14', NULL, NULL, 'BUS-12', 'AVAILABLE');
INSERT INTO `seat_reservations` (`created_date`, `fare_class_id`, `flight_id`, `id`, `modified_date`, `created_by`, `modified_by`, `seat_number`, `seat_status`) VALUES ('2025-05-03 01:01:14', 3, 2, 132, '2025-05-03 01:01:14', NULL, NULL, 'STD-1', 'AVAILABLE');
INSERT INTO `seat_reservations` (`created_date`, `fare_class_id`, `flight_id`, `id`, `modified_date`, `created_by`, `modified_by`, `seat_number`, `seat_status`) VALUES ('2025-05-03 01:01:14', 3, 2, 133, '2025-05-03 01:01:14', NULL, NULL, 'STD-2', 'AVAILABLE');
INSERT INTO `seat_reservations` (`created_date`, `fare_class_id`, `flight_id`, `id`, `modified_date`, `created_by`, `modified_by`, `seat_number`, `seat_status`) VALUES ('2025-05-03 01:01:14', 3, 2, 134, '2025-05-03 01:01:14', NULL, NULL, 'STD-3', 'AVAILABLE');
INSERT INTO `seat_reservations` (`created_date`, `fare_class_id`, `flight_id`, `id`, `modified_date`, `created_by`, `modified_by`, `seat_number`, `seat_status`) VALUES ('2025-05-03 01:01:14', 3, 2, 135, '2025-05-03 01:01:14', NULL, NULL, 'STD-4', 'AVAILABLE');
INSERT INTO `seat_reservations` (`created_date`, `fare_class_id`, `flight_id`, `id`, `modified_date`, `created_by`, `modified_by`, `seat_number`, `seat_status`) VALUES ('2025-05-03 01:01:14', 3, 2, 136, '2025-05-03 01:01:14', NULL, NULL, 'STD-5', 'AVAILABLE');
INSERT INTO `seat_reservations` (`created_date`, `fare_class_id`, `flight_id`, `id`, `modified_date`, `created_by`, `modified_by`, `seat_number`, `seat_status`) VALUES ('2025-05-03 01:01:14', 3, 2, 137, '2025-05-03 01:01:14', NULL, NULL, 'STD-6', 'AVAILABLE');
INSERT INTO `seat_reservations` (`created_date`, `fare_class_id`, `flight_id`, `id`, `modified_date`, `created_by`, `modified_by`, `seat_number`, `seat_status`) VALUES ('2025-05-03 01:01:14', 3, 2, 138, '2025-05-03 01:01:14', NULL, NULL, 'STD-7', 'AVAILABLE');
INSERT INTO `seat_reservations` (`created_date`, `fare_class_id`, `flight_id`, `id`, `modified_date`, `created_by`, `modified_by`, `seat_number`, `seat_status`) VALUES ('2025-05-03 01:01:14', 3, 2, 139, '2025-05-03 01:01:14', NULL, NULL, 'STD-8', 'AVAILABLE');
INSERT INTO `seat_reservations` (`created_date`, `fare_class_id`, `flight_id`, `id`, `modified_date`, `created_by`, `modified_by`, `seat_number`, `seat_status`) VALUES ('2025-05-03 01:01:14', 3, 2, 140, '2025-05-03 01:01:14', NULL, NULL, 'STD-9', 'AVAILABLE');
INSERT INTO `seat_reservations` (`created_date`, `fare_class_id`, `flight_id`, `id`, `modified_date`, `created_by`, `modified_by`, `seat_number`, `seat_status`) VALUES ('2025-05-03 01:01:14', 3, 2, 141, '2025-05-03 01:01:14', NULL, NULL, 'STD-10', 'AVAILABLE');
INSERT INTO `seat_reservations` (`created_date`, `fare_class_id`, `flight_id`, `id`, `modified_date`, `created_by`, `modified_by`, `seat_number`, `seat_status`) VALUES ('2025-05-03 01:01:14', 3, 2, 142, '2025-05-03 01:01:14', NULL, NULL, 'STD-11', 'AVAILABLE');
INSERT INTO `seat_reservations` (`created_date`, `fare_class_id`, `flight_id`, `id`, `modified_date`, `created_by`, `modified_by`, `seat_number`, `seat_status`) VALUES ('2025-05-03 01:01:14', 3, 2, 143, '2025-05-03 01:01:14', NULL, NULL, 'STD-12', 'AVAILABLE');
INSERT INTO `seat_reservations` (`created_date`, `fare_class_id`, `flight_id`, `id`, `modified_date`, `created_by`, `modified_by`, `seat_number`, `seat_status`) VALUES ('2025-05-03 01:01:14', 3, 2, 144, '2025-05-03 01:01:14', NULL, NULL, 'STD-13', 'AVAILABLE');
INSERT INTO `seat_reservations` (`created_date`, `fare_class_id`, `flight_id`, `id`, `modified_date`, `created_by`, `modified_by`, `seat_number`, `seat_status`) VALUES ('2025-05-03 01:01:14', 3, 2, 145, '2025-05-03 01:01:14', NULL, NULL, 'STD-14', 'AVAILABLE');
INSERT INTO `seat_reservations` (`created_date`, `fare_class_id`, `flight_id`, `id`, `modified_date`, `created_by`, `modified_by`, `seat_number`, `seat_status`) VALUES ('2025-05-03 01:01:14', 3, 2, 146, '2025-05-03 01:01:14', NULL, NULL, 'STD-15', 'AVAILABLE');
INSERT INTO `seat_reservations` (`created_date`, `fare_class_id`, `flight_id`, `id`, `modified_date`, `created_by`, `modified_by`, `seat_number`, `seat_status`) VALUES ('2025-05-03 01:01:14', 3, 2, 147, '2025-05-03 01:01:14', NULL, NULL, 'STD-16', 'AVAILABLE');
INSERT INTO `seat_reservations` (`created_date`, `fare_class_id`, `flight_id`, `id`, `modified_date`, `created_by`, `modified_by`, `seat_number`, `seat_status`) VALUES ('2025-05-03 01:01:14', 3, 2, 148, '2025-05-03 01:01:14', NULL, NULL, 'STD-17', 'AVAILABLE');
INSERT INTO `seat_reservations` (`created_date`, `fare_class_id`, `flight_id`, `id`, `modified_date`, `created_by`, `modified_by`, `seat_number`, `seat_status`) VALUES ('2025-05-03 01:01:14', 3, 2, 149, '2025-05-03 01:01:14', NULL, NULL, 'STD-18', 'AVAILABLE');
INSERT INTO `seat_reservations` (`created_date`, `fare_class_id`, `flight_id`, `id`, `modified_date`, `created_by`, `modified_by`, `seat_number`, `seat_status`) VALUES ('2025-05-03 01:01:14', 3, 2, 150, '2025-05-03 01:01:14', NULL, NULL, 'STD-19', 'AVAILABLE');
INSERT INTO `seat_reservations` (`created_date`, `fare_class_id`, `flight_id`, `id`, `modified_date`, `created_by`, `modified_by`, `seat_number`, `seat_status`) VALUES ('2025-05-03 01:01:14', 3, 2, 151, '2025-05-03 01:01:14', NULL, NULL, 'STD-20', 'AVAILABLE');
INSERT INTO `seat_reservations` (`created_date`, `fare_class_id`, `flight_id`, `id`, `modified_date`, `created_by`, `modified_by`, `seat_number`, `seat_status`) VALUES ('2025-05-03 01:01:14', 3, 2, 152, '2025-05-03 01:01:14', NULL, NULL, 'STD-21', 'AVAILABLE');
INSERT INTO `seat_reservations` (`created_date`, `fare_class_id`, `flight_id`, `id`, `modified_date`, `created_by`, `modified_by`, `seat_number`, `seat_status`) VALUES ('2025-05-03 01:01:14', 3, 2, 153, '2025-05-03 01:01:14', NULL, NULL, 'STD-22', 'AVAILABLE');
INSERT INTO `seat_reservations` (`created_date`, `fare_class_id`, `flight_id`, `id`, `modified_date`, `created_by`, `modified_by`, `seat_number`, `seat_status`) VALUES ('2025-05-03 01:01:14', 3, 2, 154, '2025-05-03 01:01:14', NULL, NULL, 'STD-23', 'AVAILABLE');
INSERT INTO `seat_reservations` (`created_date`, `fare_class_id`, `flight_id`, `id`, `modified_date`, `created_by`, `modified_by`, `seat_number`, `seat_status`) VALUES ('2025-05-03 01:01:14', 3, 2, 155, '2025-05-03 01:01:14', NULL, NULL, 'STD-24', 'AVAILABLE');
INSERT INTO `seat_reservations` (`created_date`, `fare_class_id`, `flight_id`, `id`, `modified_date`, `created_by`, `modified_by`, `seat_number`, `seat_status`) VALUES ('2025-05-03 01:01:14', 3, 2, 156, '2025-05-03 01:01:14', NULL, NULL, 'STD-25', 'AVAILABLE');
INSERT INTO `seat_reservations` (`created_date`, `fare_class_id`, `flight_id`, `id`, `modified_date`, `created_by`, `modified_by`, `seat_number`, `seat_status`) VALUES ('2025-05-03 01:01:14', 3, 2, 157, '2025-05-03 01:01:14', NULL, NULL, 'STD-26', 'AVAILABLE');
INSERT INTO `seat_reservations` (`created_date`, `fare_class_id`, `flight_id`, `id`, `modified_date`, `created_by`, `modified_by`, `seat_number`, `seat_status`) VALUES ('2025-05-03 01:01:14', 3, 2, 158, '2025-05-03 01:01:14', NULL, NULL, 'STD-27', 'AVAILABLE');
INSERT INTO `seat_reservations` (`created_date`, `fare_class_id`, `flight_id`, `id`, `modified_date`, `created_by`, `modified_by`, `seat_number`, `seat_status`) VALUES ('2025-05-03 01:01:14', 3, 2, 159, '2025-05-03 01:01:14', NULL, NULL, 'STD-28', 'AVAILABLE');
INSERT INTO `seat_reservations` (`created_date`, `fare_class_id`, `flight_id`, `id`, `modified_date`, `created_by`, `modified_by`, `seat_number`, `seat_status`) VALUES ('2025-05-03 01:01:14', 3, 2, 160, '2025-05-03 01:01:14', NULL, NULL, 'STD-29', 'AVAILABLE');
INSERT INTO `seat_reservations` (`created_date`, `fare_class_id`, `flight_id`, `id`, `modified_date`, `created_by`, `modified_by`, `seat_number`, `seat_status`) VALUES ('2025-05-03 01:01:14', 3, 2, 161, '2025-05-03 01:01:14', NULL, NULL, 'STD-30', 'AVAILABLE');
INSERT INTO `seat_reservations` (`created_date`, `fare_class_id`, `flight_id`, `id`, `modified_date`, `created_by`, `modified_by`, `seat_number`, `seat_status`) VALUES ('2025-05-03 01:01:14', 1, 2, 162, '2025-05-03 01:01:14', NULL, NULL, 'PRM-1', 'AVAILABLE');
INSERT INTO `seat_reservations` (`created_date`, `fare_class_id`, `flight_id`, `id`, `modified_date`, `created_by`, `modified_by`, `seat_number`, `seat_status`) VALUES ('2025-05-03 01:01:14', 1, 2, 163, '2025-05-03 01:01:14', NULL, NULL, 'PRM-2', 'AVAILABLE');
INSERT INTO `seat_reservations` (`created_date`, `fare_class_id`, `flight_id`, `id`, `modified_date`, `created_by`, `modified_by`, `seat_number`, `seat_status`) VALUES ('2025-05-03 01:01:14', 1, 2, 164, '2025-05-03 01:01:14', NULL, NULL, 'PRM-3', 'AVAILABLE');
INSERT INTO `seat_reservations` (`created_date`, `fare_class_id`, `flight_id`, `id`, `modified_date`, `created_by`, `modified_by`, `seat_number`, `seat_status`) VALUES ('2025-05-03 01:01:14', 1, 2, 165, '2025-05-03 01:01:14', NULL, NULL, 'PRM-4', 'AVAILABLE');
INSERT INTO `seat_reservations` (`created_date`, `fare_class_id`, `flight_id`, `id`, `modified_date`, `created_by`, `modified_by`, `seat_number`, `seat_status`) VALUES ('2025-05-03 01:01:14', 1, 2, 166, '2025-05-03 01:01:14', NULL, NULL, 'PRM-5', 'AVAILABLE');
INSERT INTO `seat_reservations` (`created_date`, `fare_class_id`, `flight_id`, `id`, `modified_date`, `created_by`, `modified_by`, `seat_number`, `seat_status`) VALUES ('2025-05-03 01:01:14', 1, 2, 167, '2025-05-03 01:01:14', NULL, NULL, 'PRM-6', 'AVAILABLE');
INSERT INTO `seat_reservations` (`created_date`, `fare_class_id`, `flight_id`, `id`, `modified_date`, `created_by`, `modified_by`, `seat_number`, `seat_status`) VALUES ('2025-05-03 01:01:14', 1, 2, 168, '2025-05-03 01:01:14', NULL, NULL, 'PRM-7', 'AVAILABLE');
INSERT INTO `seat_reservations` (`created_date`, `fare_class_id`, `flight_id`, `id`, `modified_date`, `created_by`, `modified_by`, `seat_number`, `seat_status`) VALUES ('2025-05-03 01:01:14', 1, 2, 169, '2025-05-03 01:01:14', NULL, NULL, 'PRM-8', 'AVAILABLE');
INSERT INTO `seat_reservations` (`created_date`, `fare_class_id`, `flight_id`, `id`, `modified_date`, `created_by`, `modified_by`, `seat_number`, `seat_status`) VALUES ('2025-05-03 01:01:14', 1, 2, 170, '2025-05-03 01:01:14', NULL, NULL, 'PRM-9', 'AVAILABLE');
INSERT INTO `seat_reservations` (`created_date`, `fare_class_id`, `flight_id`, `id`, `modified_date`, `created_by`, `modified_by`, `seat_number`, `seat_status`) VALUES ('2025-05-03 01:01:14', 1, 2, 171, '2025-05-03 01:01:14', NULL, NULL, 'PRM-10', 'AVAILABLE');
INSERT INTO `seat_reservations` (`created_date`, `fare_class_id`, `flight_id`, `id`, `modified_date`, `created_by`, `modified_by`, `seat_number`, `seat_status`) VALUES ('2025-05-03 01:01:14', 1, 2, 172, '2025-05-03 01:01:14', NULL, NULL, 'PRM-11', 'AVAILABLE');
INSERT INTO `seat_reservations` (`created_date`, `fare_class_id`, `flight_id`, `id`, `modified_date`, `created_by`, `modified_by`, `seat_number`, `seat_status`) VALUES ('2025-05-03 01:01:14', 1, 2, 173, '2025-05-03 01:01:14', NULL, NULL, 'PRM-12', 'AVAILABLE');
INSERT INTO `seat_reservations` (`created_date`, `fare_class_id`, `flight_id`, `id`, `modified_date`, `created_by`, `modified_by`, `seat_number`, `seat_status`) VALUES ('2025-05-03 01:01:14', 1, 2, 174, '2025-05-03 01:01:14', NULL, NULL, 'PRM-13', 'AVAILABLE');
INSERT INTO `seat_reservations` (`created_date`, `fare_class_id`, `flight_id`, `id`, `modified_date`, `created_by`, `modified_by`, `seat_number`, `seat_status`) VALUES ('2025-05-03 01:01:14', 1, 2, 175, '2025-05-03 01:01:14', NULL, NULL, 'PRM-14', 'AVAILABLE');
INSERT INTO `seat_reservations` (`created_date`, `fare_class_id`, `flight_id`, `id`, `modified_date`, `created_by`, `modified_by`, `seat_number`, `seat_status`) VALUES ('2025-05-03 01:01:14', 1, 2, 176, '2025-05-03 01:01:14', NULL, NULL, 'PRM-15', 'AVAILABLE');
INSERT INTO `seat_reservations` (`created_date`, `fare_class_id`, `flight_id`, `id`, `modified_date`, `created_by`, `modified_by`, `seat_number`, `seat_status`) VALUES ('2025-05-03 01:01:14', 1, 2, 177, '2025-05-03 01:01:14', NULL, NULL, 'PRM-16', 'AVAILABLE');
INSERT INTO `seat_reservations` (`created_date`, `fare_class_id`, `flight_id`, `id`, `modified_date`, `created_by`, `modified_by`, `seat_number`, `seat_status`) VALUES ('2025-05-03 01:01:14', 1, 2, 178, '2025-05-03 01:01:14', NULL, NULL, 'PRM-17', 'AVAILABLE');
INSERT INTO `seat_reservations` (`created_date`, `fare_class_id`, `flight_id`, `id`, `modified_date`, `created_by`, `modified_by`, `seat_number`, `seat_status`) VALUES ('2025-05-03 01:01:14', 1, 2, 179, '2025-05-03 01:01:14', NULL, NULL, 'PRM-18', 'AVAILABLE');
INSERT INTO `seat_reservations` (`created_date`, `fare_class_id`, `flight_id`, `id`, `modified_date`, `created_by`, `modified_by`, `seat_number`, `seat_status`) VALUES ('2025-05-03 01:01:14', 1, 2, 180, '2025-05-03 01:01:14', NULL, NULL, 'PRM-19', 'AVAILABLE');
INSERT INTO `seat_reservations` (`created_date`, `fare_class_id`, `flight_id`, `id`, `modified_date`, `created_by`, `modified_by`, `seat_number`, `seat_status`) VALUES ('2025-05-03 01:01:14', 1, 2, 181, '2025-05-03 01:01:14', NULL, NULL, 'PRM-20', 'AVAILABLE');
INSERT INTO `seat_reservations` (`created_date`, `fare_class_id`, `flight_id`, `id`, `modified_date`, `created_by`, `modified_by`, `seat_number`, `seat_status`) VALUES ('2025-05-03 01:01:14', 1, 2, 182, '2025-05-03 01:01:14', NULL, NULL, 'PRM-21', 'AVAILABLE');
INSERT INTO `seat_reservations` (`created_date`, `fare_class_id`, `flight_id`, `id`, `modified_date`, `created_by`, `modified_by`, `seat_number`, `seat_status`) VALUES ('2025-05-03 01:01:14', 1, 2, 183, '2025-05-03 01:01:14', NULL, NULL, 'PRM-22', 'AVAILABLE');
INSERT INTO `seat_reservations` (`created_date`, `fare_class_id`, `flight_id`, `id`, `modified_date`, `created_by`, `modified_by`, `seat_number`, `seat_status`) VALUES ('2025-05-03 01:01:14', 1, 2, 184, '2025-05-03 01:01:14', NULL, NULL, 'PRM-23', 'AVAILABLE');
INSERT INTO `seat_reservations` (`created_date`, `fare_class_id`, `flight_id`, `id`, `modified_date`, `created_by`, `modified_by`, `seat_number`, `seat_status`) VALUES ('2025-05-03 01:01:14', 1, 2, 185, '2025-05-03 01:01:14', NULL, NULL, 'PRM-24', 'AVAILABLE');
INSERT INTO `seat_reservations` (`created_date`, `fare_class_id`, `flight_id`, `id`, `modified_date`, `created_by`, `modified_by`, `seat_number`, `seat_status`) VALUES ('2025-05-03 01:01:14', 2, 3, 186, '2025-05-03 01:01:15', NULL, NULL, 'BUS-1', 'AVAILABLE');
INSERT INTO `seat_reservations` (`created_date`, `fare_class_id`, `flight_id`, `id`, `modified_date`, `created_by`, `modified_by`, `seat_number`, `seat_status`) VALUES ('2025-05-03 01:01:14', 2, 3, 187, '2025-05-03 01:01:15', NULL, NULL, 'BUS-2', 'AVAILABLE');
INSERT INTO `seat_reservations` (`created_date`, `fare_class_id`, `flight_id`, `id`, `modified_date`, `created_by`, `modified_by`, `seat_number`, `seat_status`) VALUES ('2025-05-03 01:01:14', 2, 3, 188, '2025-05-03 01:01:15', NULL, NULL, 'BUS-3', 'AVAILABLE');
INSERT INTO `seat_reservations` (`created_date`, `fare_class_id`, `flight_id`, `id`, `modified_date`, `created_by`, `modified_by`, `seat_number`, `seat_status`) VALUES ('2025-05-03 01:01:14', 2, 3, 189, '2025-05-03 01:01:15', NULL, NULL, 'BUS-4', 'AVAILABLE');
INSERT INTO `seat_reservations` (`created_date`, `fare_class_id`, `flight_id`, `id`, `modified_date`, `created_by`, `modified_by`, `seat_number`, `seat_status`) VALUES ('2025-05-03 01:01:14', 2, 3, 190, '2025-05-03 01:01:15', NULL, NULL, 'BUS-5', 'AVAILABLE');
INSERT INTO `seat_reservations` (`created_date`, `fare_class_id`, `flight_id`, `id`, `modified_date`, `created_by`, `modified_by`, `seat_number`, `seat_status`) VALUES ('2025-05-03 01:01:14', 2, 3, 191, '2025-05-03 01:01:15', NULL, NULL, 'BUS-6', 'AVAILABLE');
INSERT INTO `seat_reservations` (`created_date`, `fare_class_id`, `flight_id`, `id`, `modified_date`, `created_by`, `modified_by`, `seat_number`, `seat_status`) VALUES ('2025-05-03 01:01:14', 2, 3, 192, '2025-05-03 01:01:15', NULL, NULL, 'BUS-7', 'AVAILABLE');
INSERT INTO `seat_reservations` (`created_date`, `fare_class_id`, `flight_id`, `id`, `modified_date`, `created_by`, `modified_by`, `seat_number`, `seat_status`) VALUES ('2025-05-03 01:01:14', 2, 3, 193, '2025-05-03 01:01:15', NULL, NULL, 'BUS-8', 'AVAILABLE');
INSERT INTO `seat_reservations` (`created_date`, `fare_class_id`, `flight_id`, `id`, `modified_date`, `created_by`, `modified_by`, `seat_number`, `seat_status`) VALUES ('2025-05-03 01:01:14', 2, 3, 194, '2025-05-03 01:01:15', NULL, NULL, 'BUS-9', 'AVAILABLE');
INSERT INTO `seat_reservations` (`created_date`, `fare_class_id`, `flight_id`, `id`, `modified_date`, `created_by`, `modified_by`, `seat_number`, `seat_status`) VALUES ('2025-05-03 01:01:14', 2, 3, 195, '2025-05-03 01:01:15', NULL, NULL, 'BUS-10', 'AVAILABLE');
INSERT INTO `seat_reservations` (`created_date`, `fare_class_id`, `flight_id`, `id`, `modified_date`, `created_by`, `modified_by`, `seat_number`, `seat_status`) VALUES ('2025-05-03 01:01:14', 2, 3, 196, '2025-05-03 01:01:15', NULL, NULL, 'BUS-11', 'AVAILABLE');
INSERT INTO `seat_reservations` (`created_date`, `fare_class_id`, `flight_id`, `id`, `modified_date`, `created_by`, `modified_by`, `seat_number`, `seat_status`) VALUES ('2025-05-03 01:01:14', 2, 3, 197, '2025-05-03 01:01:15', NULL, NULL, 'BUS-12', 'AVAILABLE');
INSERT INTO `seat_reservations` (`created_date`, `fare_class_id`, `flight_id`, `id`, `modified_date`, `created_by`, `modified_by`, `seat_number`, `seat_status`) VALUES ('2025-05-03 01:01:14', 2, 3, 198, '2025-05-03 01:01:15', NULL, NULL, 'BUS-13', 'AVAILABLE');
INSERT INTO `seat_reservations` (`created_date`, `fare_class_id`, `flight_id`, `id`, `modified_date`, `created_by`, `modified_by`, `seat_number`, `seat_status`) VALUES ('2025-05-03 01:01:14', 2, 3, 199, '2025-05-03 01:01:15', NULL, NULL, 'BUS-14', 'AVAILABLE');
INSERT INTO `seat_reservations` (`created_date`, `fare_class_id`, `flight_id`, `id`, `modified_date`, `created_by`, `modified_by`, `seat_number`, `seat_status`) VALUES ('2025-05-03 01:01:14', 2, 3, 200, '2025-05-03 01:01:15', NULL, NULL, 'BUS-15', 'AVAILABLE');
INSERT INTO `seat_reservations` (`created_date`, `fare_class_id`, `flight_id`, `id`, `modified_date`, `created_by`, `modified_by`, `seat_number`, `seat_status`) VALUES ('2025-05-03 01:01:14', 2, 3, 201, '2025-05-03 01:01:15', NULL, NULL, 'BUS-16', 'AVAILABLE');
INSERT INTO `seat_reservations` (`created_date`, `fare_class_id`, `flight_id`, `id`, `modified_date`, `created_by`, `modified_by`, `seat_number`, `seat_status`) VALUES ('2025-05-03 01:01:14', 2, 3, 202, '2025-05-03 01:01:15', NULL, NULL, 'BUS-17', 'AVAILABLE');
INSERT INTO `seat_reservations` (`created_date`, `fare_class_id`, `flight_id`, `id`, `modified_date`, `created_by`, `modified_by`, `seat_number`, `seat_status`) VALUES ('2025-05-03 01:01:14', 2, 3, 203, '2025-05-03 01:01:15', NULL, NULL, 'BUS-18', 'AVAILABLE');
INSERT INTO `seat_reservations` (`created_date`, `fare_class_id`, `flight_id`, `id`, `modified_date`, `created_by`, `modified_by`, `seat_number`, `seat_status`) VALUES ('2025-05-03 01:01:14', 2, 3, 204, '2025-05-03 01:01:15', NULL, NULL, 'BUS-19', 'AVAILABLE');
INSERT INTO `seat_reservations` (`created_date`, `fare_class_id`, `flight_id`, `id`, `modified_date`, `created_by`, `modified_by`, `seat_number`, `seat_status`) VALUES ('2025-05-03 01:01:14', 2, 3, 205, '2025-05-03 01:01:15', NULL, NULL, 'BUS-20', 'AVAILABLE');
INSERT INTO `seat_reservations` (`created_date`, `fare_class_id`, `flight_id`, `id`, `modified_date`, `created_by`, `modified_by`, `seat_number`, `seat_status`) VALUES ('2025-05-03 01:01:14', 3, 3, 206, '2025-05-03 01:01:15', NULL, NULL, 'STD-1', 'AVAILABLE');
INSERT INTO `seat_reservations` (`created_date`, `fare_class_id`, `flight_id`, `id`, `modified_date`, `created_by`, `modified_by`, `seat_number`, `seat_status`) VALUES ('2025-05-03 01:01:14', 3, 3, 207, '2025-05-03 01:01:15', NULL, NULL, 'STD-2', 'AVAILABLE');
INSERT INTO `seat_reservations` (`created_date`, `fare_class_id`, `flight_id`, `id`, `modified_date`, `created_by`, `modified_by`, `seat_number`, `seat_status`) VALUES ('2025-05-03 01:01:14', 3, 3, 208, '2025-05-03 01:01:15', NULL, NULL, 'STD-3', 'AVAILABLE');
INSERT INTO `seat_reservations` (`created_date`, `fare_class_id`, `flight_id`, `id`, `modified_date`, `created_by`, `modified_by`, `seat_number`, `seat_status`) VALUES ('2025-05-03 01:01:14', 3, 3, 209, '2025-05-03 01:01:15', NULL, NULL, 'STD-4', 'AVAILABLE');
INSERT INTO `seat_reservations` (`created_date`, `fare_class_id`, `flight_id`, `id`, `modified_date`, `created_by`, `modified_by`, `seat_number`, `seat_status`) VALUES ('2025-05-03 01:01:14', 3, 3, 210, '2025-05-03 01:01:15', NULL, NULL, 'STD-5', 'AVAILABLE');
INSERT INTO `seat_reservations` (`created_date`, `fare_class_id`, `flight_id`, `id`, `modified_date`, `created_by`, `modified_by`, `seat_number`, `seat_status`) VALUES ('2025-05-03 01:01:14', 3, 3, 211, '2025-05-03 01:01:15', NULL, NULL, 'STD-6', 'AVAILABLE');
INSERT INTO `seat_reservations` (`created_date`, `fare_class_id`, `flight_id`, `id`, `modified_date`, `created_by`, `modified_by`, `seat_number`, `seat_status`) VALUES ('2025-05-03 01:01:14', 3, 3, 212, '2025-05-03 01:01:15', NULL, NULL, 'STD-7', 'AVAILABLE');
INSERT INTO `seat_reservations` (`created_date`, `fare_class_id`, `flight_id`, `id`, `modified_date`, `created_by`, `modified_by`, `seat_number`, `seat_status`) VALUES ('2025-05-03 01:01:14', 3, 3, 213, '2025-05-03 01:01:15', NULL, NULL, 'STD-8', 'AVAILABLE');
INSERT INTO `seat_reservations` (`created_date`, `fare_class_id`, `flight_id`, `id`, `modified_date`, `created_by`, `modified_by`, `seat_number`, `seat_status`) VALUES ('2025-05-03 01:01:14', 3, 3, 214, '2025-05-03 01:01:15', NULL, NULL, 'STD-9', 'AVAILABLE');
INSERT INTO `seat_reservations` (`created_date`, `fare_class_id`, `flight_id`, `id`, `modified_date`, `created_by`, `modified_by`, `seat_number`, `seat_status`) VALUES ('2025-05-03 01:01:14', 3, 3, 215, '2025-05-03 01:01:15', NULL, NULL, 'STD-10', 'AVAILABLE');
INSERT INTO `seat_reservations` (`created_date`, `fare_class_id`, `flight_id`, `id`, `modified_date`, `created_by`, `modified_by`, `seat_number`, `seat_status`) VALUES ('2025-05-03 01:01:14', 3, 3, 216, '2025-05-03 01:01:15', NULL, NULL, 'STD-11', 'AVAILABLE');
INSERT INTO `seat_reservations` (`created_date`, `fare_class_id`, `flight_id`, `id`, `modified_date`, `created_by`, `modified_by`, `seat_number`, `seat_status`) VALUES ('2025-05-03 01:01:14', 3, 3, 217, '2025-05-03 01:01:15', NULL, NULL, 'STD-12', 'AVAILABLE');
INSERT INTO `seat_reservations` (`created_date`, `fare_class_id`, `flight_id`, `id`, `modified_date`, `created_by`, `modified_by`, `seat_number`, `seat_status`) VALUES ('2025-05-03 01:01:14', 3, 3, 218, '2025-05-03 01:01:15', NULL, NULL, 'STD-13', 'AVAILABLE');
INSERT INTO `seat_reservations` (`created_date`, `fare_class_id`, `flight_id`, `id`, `modified_date`, `created_by`, `modified_by`, `seat_number`, `seat_status`) VALUES ('2025-05-03 01:01:14', 3, 3, 219, '2025-05-03 01:01:15', NULL, NULL, 'STD-14', 'AVAILABLE');
INSERT INTO `seat_reservations` (`created_date`, `fare_class_id`, `flight_id`, `id`, `modified_date`, `created_by`, `modified_by`, `seat_number`, `seat_status`) VALUES ('2025-05-03 01:01:14', 3, 3, 220, '2025-05-03 01:01:15', NULL, NULL, 'STD-15', 'AVAILABLE');
INSERT INTO `seat_reservations` (`created_date`, `fare_class_id`, `flight_id`, `id`, `modified_date`, `created_by`, `modified_by`, `seat_number`, `seat_status`) VALUES ('2025-05-03 01:01:14', 3, 3, 221, '2025-05-03 01:01:15', NULL, NULL, 'STD-16', 'AVAILABLE');
INSERT INTO `seat_reservations` (`created_date`, `fare_class_id`, `flight_id`, `id`, `modified_date`, `created_by`, `modified_by`, `seat_number`, `seat_status`) VALUES ('2025-05-03 01:01:14', 3, 3, 222, '2025-05-03 01:01:15', NULL, NULL, 'STD-17', 'AVAILABLE');
INSERT INTO `seat_reservations` (`created_date`, `fare_class_id`, `flight_id`, `id`, `modified_date`, `created_by`, `modified_by`, `seat_number`, `seat_status`) VALUES ('2025-05-03 01:01:14', 3, 3, 223, '2025-05-03 01:01:15', NULL, NULL, 'STD-18', 'AVAILABLE');
INSERT INTO `seat_reservations` (`created_date`, `fare_class_id`, `flight_id`, `id`, `modified_date`, `created_by`, `modified_by`, `seat_number`, `seat_status`) VALUES ('2025-05-03 01:01:14', 3, 3, 224, '2025-05-03 01:01:15', NULL, NULL, 'STD-19', 'AVAILABLE');
INSERT INTO `seat_reservations` (`created_date`, `fare_class_id`, `flight_id`, `id`, `modified_date`, `created_by`, `modified_by`, `seat_number`, `seat_status`) VALUES ('2025-05-03 01:01:14', 3, 3, 225, '2025-05-03 01:01:15', NULL, NULL, 'STD-20', 'AVAILABLE');
INSERT INTO `seat_reservations` (`created_date`, `fare_class_id`, `flight_id`, `id`, `modified_date`, `created_by`, `modified_by`, `seat_number`, `seat_status`) VALUES ('2025-05-03 01:01:14', 3, 3, 226, '2025-05-03 01:01:15', NULL, NULL, 'STD-21', 'AVAILABLE');
INSERT INTO `seat_reservations` (`created_date`, `fare_class_id`, `flight_id`, `id`, `modified_date`, `created_by`, `modified_by`, `seat_number`, `seat_status`) VALUES ('2025-05-03 01:01:14', 3, 3, 227, '2025-05-03 01:01:15', NULL, NULL, 'STD-22', 'AVAILABLE');
INSERT INTO `seat_reservations` (`created_date`, `fare_class_id`, `flight_id`, `id`, `modified_date`, `created_by`, `modified_by`, `seat_number`, `seat_status`) VALUES ('2025-05-03 01:01:14', 3, 3, 228, '2025-05-03 01:01:15', NULL, NULL, 'STD-23', 'AVAILABLE');
INSERT INTO `seat_reservations` (`created_date`, `fare_class_id`, `flight_id`, `id`, `modified_date`, `created_by`, `modified_by`, `seat_number`, `seat_status`) VALUES ('2025-05-03 01:01:14', 3, 3, 229, '2025-05-03 01:01:15', NULL, NULL, 'STD-24', 'AVAILABLE');
INSERT INTO `seat_reservations` (`created_date`, `fare_class_id`, `flight_id`, `id`, `modified_date`, `created_by`, `modified_by`, `seat_number`, `seat_status`) VALUES ('2025-05-03 01:01:14', 3, 3, 230, '2025-05-03 01:01:15', NULL, NULL, 'STD-25', 'AVAILABLE');
INSERT INTO `seat_reservations` (`created_date`, `fare_class_id`, `flight_id`, `id`, `modified_date`, `created_by`, `modified_by`, `seat_number`, `seat_status`) VALUES ('2025-05-03 01:01:14', 3, 3, 231, '2025-05-03 01:01:15', NULL, NULL, 'STD-26', 'AVAILABLE');
INSERT INTO `seat_reservations` (`created_date`, `fare_class_id`, `flight_id`, `id`, `modified_date`, `created_by`, `modified_by`, `seat_number`, `seat_status`) VALUES ('2025-05-03 01:01:14', 3, 3, 232, '2025-05-03 01:01:15', NULL, NULL, 'STD-27', 'AVAILABLE');
INSERT INTO `seat_reservations` (`created_date`, `fare_class_id`, `flight_id`, `id`, `modified_date`, `created_by`, `modified_by`, `seat_number`, `seat_status`) VALUES ('2025-05-03 01:01:14', 3, 3, 233, '2025-05-03 01:01:15', NULL, NULL, 'STD-28', 'AVAILABLE');
INSERT INTO `seat_reservations` (`created_date`, `fare_class_id`, `flight_id`, `id`, `modified_date`, `created_by`, `modified_by`, `seat_number`, `seat_status`) VALUES ('2025-05-03 01:01:14', 3, 3, 234, '2025-05-03 01:01:15', NULL, NULL, 'STD-29', 'AVAILABLE');
INSERT INTO `seat_reservations` (`created_date`, `fare_class_id`, `flight_id`, `id`, `modified_date`, `created_by`, `modified_by`, `seat_number`, `seat_status`) VALUES ('2025-05-03 01:01:14', 3, 3, 235, '2025-05-03 01:01:15', NULL, NULL, 'STD-30', 'AVAILABLE');
INSERT INTO `seat_reservations` (`created_date`, `fare_class_id`, `flight_id`, `id`, `modified_date`, `created_by`, `modified_by`, `seat_number`, `seat_status`) VALUES ('2025-05-03 01:01:14', 1, 3, 236, '2025-05-03 01:01:15', NULL, NULL, 'PRM-1', 'AVAILABLE');
INSERT INTO `seat_reservations` (`created_date`, `fare_class_id`, `flight_id`, `id`, `modified_date`, `created_by`, `modified_by`, `seat_number`, `seat_status`) VALUES ('2025-05-03 01:01:14', 1, 3, 237, '2025-05-03 01:01:15', NULL, NULL, 'PRM-2', 'AVAILABLE');
INSERT INTO `seat_reservations` (`created_date`, `fare_class_id`, `flight_id`, `id`, `modified_date`, `created_by`, `modified_by`, `seat_number`, `seat_status`) VALUES ('2025-05-03 01:01:14', 1, 3, 238, '2025-05-03 01:01:15', NULL, NULL, 'PRM-3', 'AVAILABLE');
INSERT INTO `seat_reservations` (`created_date`, `fare_class_id`, `flight_id`, `id`, `modified_date`, `created_by`, `modified_by`, `seat_number`, `seat_status`) VALUES ('2025-05-03 01:01:14', 1, 3, 239, '2025-05-03 01:01:15', NULL, NULL, 'PRM-4', 'AVAILABLE');
INSERT INTO `seat_reservations` (`created_date`, `fare_class_id`, `flight_id`, `id`, `modified_date`, `created_by`, `modified_by`, `seat_number`, `seat_status`) VALUES ('2025-05-03 01:01:14', 1, 3, 240, '2025-05-03 01:01:15', NULL, NULL, 'PRM-5', 'AVAILABLE');
INSERT INTO `seat_reservations` (`created_date`, `fare_class_id`, `flight_id`, `id`, `modified_date`, `created_by`, `modified_by`, `seat_number`, `seat_status`) VALUES ('2025-05-03 01:01:14', 1, 3, 241, '2025-05-03 01:01:15', NULL, NULL, 'PRM-6', 'AVAILABLE');
INSERT INTO `seat_reservations` (`created_date`, `fare_class_id`, `flight_id`, `id`, `modified_date`, `created_by`, `modified_by`, `seat_number`, `seat_status`) VALUES ('2025-05-03 01:01:14', 1, 3, 242, '2025-05-03 01:01:15', NULL, NULL, 'PRM-7', 'AVAILABLE');
INSERT INTO `seat_reservations` (`created_date`, `fare_class_id`, `flight_id`, `id`, `modified_date`, `created_by`, `modified_by`, `seat_number`, `seat_status`) VALUES ('2025-05-03 01:01:14', 1, 3, 243, '2025-05-03 01:01:15', NULL, NULL, 'PRM-8', 'AVAILABLE');
INSERT INTO `seat_reservations` (`created_date`, `fare_class_id`, `flight_id`, `id`, `modified_date`, `created_by`, `modified_by`, `seat_number`, `seat_status`) VALUES ('2025-05-03 01:01:14', 1, 3, 244, '2025-05-03 01:01:15', NULL, NULL, 'PRM-9', 'AVAILABLE');
INSERT INTO `seat_reservations` (`created_date`, `fare_class_id`, `flight_id`, `id`, `modified_date`, `created_by`, `modified_by`, `seat_number`, `seat_status`) VALUES ('2025-05-03 01:01:14', 1, 3, 245, '2025-05-03 01:01:15', NULL, NULL, 'PRM-10', 'AVAILABLE');
INSERT INTO `seat_reservations` (`created_date`, `fare_class_id`, `flight_id`, `id`, `modified_date`, `created_by`, `modified_by`, `seat_number`, `seat_status`) VALUES ('2025-05-03 01:01:14', 1, 3, 246, '2025-05-03 01:01:15', NULL, NULL, 'PRM-11', 'AVAILABLE');
INSERT INTO `seat_reservations` (`created_date`, `fare_class_id`, `flight_id`, `id`, `modified_date`, `created_by`, `modified_by`, `seat_number`, `seat_status`) VALUES ('2025-05-03 01:01:14', 1, 3, 247, '2025-05-03 01:01:15', NULL, NULL, 'PRM-12', 'AVAILABLE');
INSERT INTO `seat_reservations` (`created_date`, `fare_class_id`, `flight_id`, `id`, `modified_date`, `created_by`, `modified_by`, `seat_number`, `seat_status`) VALUES ('2025-05-03 01:01:14', 1, 3, 248, '2025-05-03 01:01:15', NULL, NULL, 'PRM-13', 'AVAILABLE');
INSERT INTO `seat_reservations` (`created_date`, `fare_class_id`, `flight_id`, `id`, `modified_date`, `created_by`, `modified_by`, `seat_number`, `seat_status`) VALUES ('2025-05-03 01:01:14', 1, 3, 249, '2025-05-03 01:01:15', NULL, NULL, 'PRM-14', 'AVAILABLE');
INSERT INTO `seat_reservations` (`created_date`, `fare_class_id`, `flight_id`, `id`, `modified_date`, `created_by`, `modified_by`, `seat_number`, `seat_status`) VALUES ('2025-05-03 01:01:14', 1, 3, 250, '2025-05-03 01:01:15', NULL, NULL, 'PRM-15', 'AVAILABLE');
INSERT INTO `seat_reservations` (`created_date`, `fare_class_id`, `flight_id`, `id`, `modified_date`, `created_by`, `modified_by`, `seat_number`, `seat_status`) VALUES ('2025-05-03 01:01:14', 1, 3, 251, '2025-05-03 01:01:15', NULL, NULL, 'PRM-16', 'AVAILABLE');
INSERT INTO `seat_reservations` (`created_date`, `fare_class_id`, `flight_id`, `id`, `modified_date`, `created_by`, `modified_by`, `seat_number`, `seat_status`) VALUES ('2025-05-03 01:01:14', 1, 3, 252, '2025-05-03 01:01:15', NULL, NULL, 'PRM-17', 'AVAILABLE');
INSERT INTO `seat_reservations` (`created_date`, `fare_class_id`, `flight_id`, `id`, `modified_date`, `created_by`, `modified_by`, `seat_number`, `seat_status`) VALUES ('2025-05-03 01:01:14', 1, 3, 253, '2025-05-03 01:01:15', NULL, NULL, 'PRM-18', 'AVAILABLE');
INSERT INTO `seat_reservations` (`created_date`, `fare_class_id`, `flight_id`, `id`, `modified_date`, `created_by`, `modified_by`, `seat_number`, `seat_status`) VALUES ('2025-05-03 01:01:15', 1, 3, 254, '2025-05-03 01:01:15', NULL, NULL, 'PRM-19', 'AVAILABLE');
INSERT INTO `seat_reservations` (`created_date`, `fare_class_id`, `flight_id`, `id`, `modified_date`, `created_by`, `modified_by`, `seat_number`, `seat_status`) VALUES ('2025-05-03 01:01:15', 1, 3, 255, '2025-05-03 01:01:15', NULL, NULL, 'PRM-20', 'AVAILABLE');
INSERT INTO `seat_reservations` (`created_date`, `fare_class_id`, `flight_id`, `id`, `modified_date`, `created_by`, `modified_by`, `seat_number`, `seat_status`) VALUES ('2025-05-03 01:01:15', 1, 3, 256, '2025-05-03 01:01:15', NULL, NULL, 'PRM-21', 'AVAILABLE');
INSERT INTO `seat_reservations` (`created_date`, `fare_class_id`, `flight_id`, `id`, `modified_date`, `created_by`, `modified_by`, `seat_number`, `seat_status`) VALUES ('2025-05-03 01:01:15', 1, 3, 257, '2025-05-03 01:01:15', NULL, NULL, 'PRM-22', 'AVAILABLE');
INSERT INTO `seat_reservations` (`created_date`, `fare_class_id`, `flight_id`, `id`, `modified_date`, `created_by`, `modified_by`, `seat_number`, `seat_status`) VALUES ('2025-05-03 01:01:15', 1, 3, 258, '2025-05-03 01:01:15', NULL, NULL, 'PRM-23', 'AVAILABLE');
INSERT INTO `seat_reservations` (`created_date`, `fare_class_id`, `flight_id`, `id`, `modified_date`, `created_by`, `modified_by`, `seat_number`, `seat_status`) VALUES ('2025-05-03 01:01:15', 1, 3, 259, '2025-05-03 01:01:15', NULL, NULL, 'PRM-24', 'AVAILABLE');
INSERT INTO `seat_reservations` (`created_date`, `fare_class_id`, `flight_id`, `id`, `modified_date`, `created_by`, `modified_by`, `seat_number`, `seat_status`) VALUES ('2025-05-03 01:01:15', 1, 3, 260, '2025-05-03 01:01:15', NULL, NULL, 'PRM-25', 'AVAILABLE');
INSERT INTO `seat_reservations` (`created_date`, `fare_class_id`, `flight_id`, `id`, `modified_date`, `created_by`, `modified_by`, `seat_number`, `seat_status`) VALUES ('2025-05-03 01:01:15', 1, 3, 261, '2025-05-03 01:01:15', NULL, NULL, 'PRM-26', 'AVAILABLE');
INSERT INTO `seat_reservations` (`created_date`, `fare_class_id`, `flight_id`, `id`, `modified_date`, `created_by`, `modified_by`, `seat_number`, `seat_status`) VALUES ('2025-05-03 01:01:15', 1, 3, 262, '2025-05-03 01:01:15', NULL, NULL, 'PRM-27', 'AVAILABLE');
INSERT INTO `seat_reservations` (`created_date`, `fare_class_id`, `flight_id`, `id`, `modified_date`, `created_by`, `modified_by`, `seat_number`, `seat_status`) VALUES ('2025-05-03 01:01:15', 1, 3, 263, '2025-05-03 01:01:15', NULL, NULL, 'PRM-28', 'AVAILABLE');
INSERT INTO `seat_reservations` (`created_date`, `fare_class_id`, `flight_id`, `id`, `modified_date`, `created_by`, `modified_by`, `seat_number`, `seat_status`) VALUES ('2025-05-03 01:01:15', 1, 3, 264, '2025-05-03 01:01:15', NULL, NULL, 'PRM-29', 'AVAILABLE');
INSERT INTO `seat_reservations` (`created_date`, `fare_class_id`, `flight_id`, `id`, `modified_date`, `created_by`, `modified_by`, `seat_number`, `seat_status`) VALUES ('2025-05-03 01:01:15', 1, 3, 265, '2025-05-03 01:01:15', NULL, NULL, 'PRM-30', 'AVAILABLE');
INSERT INTO `seat_reservations` (`created_date`, `fare_class_id`, `flight_id`, `id`, `modified_date`, `created_by`, `modified_by`, `seat_number`, `seat_status`) VALUES ('2025-05-03 01:01:15', 2, 4, 266, '2025-05-03 01:01:15', NULL, NULL, 'BUS-1', 'AVAILABLE');
INSERT INTO `seat_reservations` (`created_date`, `fare_class_id`, `flight_id`, `id`, `modified_date`, `created_by`, `modified_by`, `seat_number`, `seat_status`) VALUES ('2025-05-03 01:01:15', 2, 4, 267, '2025-05-03 01:01:15', NULL, NULL, 'BUS-2', 'AVAILABLE');
INSERT INTO `seat_reservations` (`created_date`, `fare_class_id`, `flight_id`, `id`, `modified_date`, `created_by`, `modified_by`, `seat_number`, `seat_status`) VALUES ('2025-05-03 01:01:15', 2, 4, 268, '2025-05-03 01:01:15', NULL, NULL, 'BUS-3', 'AVAILABLE');
INSERT INTO `seat_reservations` (`created_date`, `fare_class_id`, `flight_id`, `id`, `modified_date`, `created_by`, `modified_by`, `seat_number`, `seat_status`) VALUES ('2025-05-03 01:01:15', 2, 4, 269, '2025-05-03 01:01:15', NULL, NULL, 'BUS-4', 'AVAILABLE');
INSERT INTO `seat_reservations` (`created_date`, `fare_class_id`, `flight_id`, `id`, `modified_date`, `created_by`, `modified_by`, `seat_number`, `seat_status`) VALUES ('2025-05-03 01:01:15', 2, 4, 270, '2025-05-03 01:01:15', NULL, NULL, 'BUS-5', 'AVAILABLE');
INSERT INTO `seat_reservations` (`created_date`, `fare_class_id`, `flight_id`, `id`, `modified_date`, `created_by`, `modified_by`, `seat_number`, `seat_status`) VALUES ('2025-05-03 01:01:15', 2, 4, 271, '2025-05-03 01:01:15', NULL, NULL, 'BUS-6', 'AVAILABLE');
INSERT INTO `seat_reservations` (`created_date`, `fare_class_id`, `flight_id`, `id`, `modified_date`, `created_by`, `modified_by`, `seat_number`, `seat_status`) VALUES ('2025-05-03 01:01:15', 2, 4, 272, '2025-05-03 01:01:15', NULL, NULL, 'BUS-7', 'AVAILABLE');
INSERT INTO `seat_reservations` (`created_date`, `fare_class_id`, `flight_id`, `id`, `modified_date`, `created_by`, `modified_by`, `seat_number`, `seat_status`) VALUES ('2025-05-03 01:01:15', 2, 4, 273, '2025-05-03 01:01:15', NULL, NULL, 'BUS-8', 'AVAILABLE');
INSERT INTO `seat_reservations` (`created_date`, `fare_class_id`, `flight_id`, `id`, `modified_date`, `created_by`, `modified_by`, `seat_number`, `seat_status`) VALUES ('2025-05-03 01:01:15', 2, 4, 274, '2025-05-03 01:01:15', NULL, NULL, 'BUS-9', 'AVAILABLE');
INSERT INTO `seat_reservations` (`created_date`, `fare_class_id`, `flight_id`, `id`, `modified_date`, `created_by`, `modified_by`, `seat_number`, `seat_status`) VALUES ('2025-05-03 01:01:15', 2, 4, 275, '2025-05-03 01:01:15', NULL, NULL, 'BUS-10', 'AVAILABLE');
INSERT INTO `seat_reservations` (`created_date`, `fare_class_id`, `flight_id`, `id`, `modified_date`, `created_by`, `modified_by`, `seat_number`, `seat_status`) VALUES ('2025-05-03 01:01:15', 2, 4, 276, '2025-05-03 01:01:15', NULL, NULL, 'BUS-11', 'AVAILABLE');
INSERT INTO `seat_reservations` (`created_date`, `fare_class_id`, `flight_id`, `id`, `modified_date`, `created_by`, `modified_by`, `seat_number`, `seat_status`) VALUES ('2025-05-03 01:01:15', 2, 4, 277, '2025-05-03 01:01:15', NULL, NULL, 'BUS-12', 'AVAILABLE');
INSERT INTO `seat_reservations` (`created_date`, `fare_class_id`, `flight_id`, `id`, `modified_date`, `created_by`, `modified_by`, `seat_number`, `seat_status`) VALUES ('2025-05-03 01:01:15', 2, 4, 278, '2025-05-03 01:01:15', NULL, NULL, 'BUS-13', 'AVAILABLE');
INSERT INTO `seat_reservations` (`created_date`, `fare_class_id`, `flight_id`, `id`, `modified_date`, `created_by`, `modified_by`, `seat_number`, `seat_status`) VALUES ('2025-05-03 01:01:15', 2, 4, 279, '2025-05-03 01:01:15', NULL, NULL, 'BUS-14', 'AVAILABLE');
INSERT INTO `seat_reservations` (`created_date`, `fare_class_id`, `flight_id`, `id`, `modified_date`, `created_by`, `modified_by`, `seat_number`, `seat_status`) VALUES ('2025-05-03 01:01:15', 2, 4, 280, '2025-05-03 01:01:15', NULL, NULL, 'BUS-15', 'AVAILABLE');
INSERT INTO `seat_reservations` (`created_date`, `fare_class_id`, `flight_id`, `id`, `modified_date`, `created_by`, `modified_by`, `seat_number`, `seat_status`) VALUES ('2025-05-03 01:01:15', 2, 4, 281, '2025-05-03 01:01:15', NULL, NULL, 'BUS-16', 'AVAILABLE');
INSERT INTO `seat_reservations` (`created_date`, `fare_class_id`, `flight_id`, `id`, `modified_date`, `created_by`, `modified_by`, `seat_number`, `seat_status`) VALUES ('2025-05-03 01:01:15', 2, 4, 282, '2025-05-03 01:01:15', NULL, NULL, 'BUS-17', 'AVAILABLE');
INSERT INTO `seat_reservations` (`created_date`, `fare_class_id`, `flight_id`, `id`, `modified_date`, `created_by`, `modified_by`, `seat_number`, `seat_status`) VALUES ('2025-05-03 01:01:15', 2, 4, 283, '2025-05-03 01:01:15', NULL, NULL, 'BUS-18', 'AVAILABLE');
INSERT INTO `seat_reservations` (`created_date`, `fare_class_id`, `flight_id`, `id`, `modified_date`, `created_by`, `modified_by`, `seat_number`, `seat_status`) VALUES ('2025-05-03 01:01:15', 2, 4, 284, '2025-05-03 01:01:15', NULL, NULL, 'BUS-19', 'AVAILABLE');
INSERT INTO `seat_reservations` (`created_date`, `fare_class_id`, `flight_id`, `id`, `modified_date`, `created_by`, `modified_by`, `seat_number`, `seat_status`) VALUES ('2025-05-03 01:01:15', 2, 4, 285, '2025-05-03 01:01:15', NULL, NULL, 'BUS-20', 'AVAILABLE');
INSERT INTO `seat_reservations` (`created_date`, `fare_class_id`, `flight_id`, `id`, `modified_date`, `created_by`, `modified_by`, `seat_number`, `seat_status`) VALUES ('2025-05-03 01:01:15', 2, 4, 286, '2025-05-03 01:01:15', NULL, NULL, 'BUS-21', 'AVAILABLE');
INSERT INTO `seat_reservations` (`created_date`, `fare_class_id`, `flight_id`, `id`, `modified_date`, `created_by`, `modified_by`, `seat_number`, `seat_status`) VALUES ('2025-05-03 01:01:15', 2, 4, 287, '2025-05-03 01:01:15', NULL, NULL, 'BUS-22', 'AVAILABLE');
INSERT INTO `seat_reservations` (`created_date`, `fare_class_id`, `flight_id`, `id`, `modified_date`, `created_by`, `modified_by`, `seat_number`, `seat_status`) VALUES ('2025-05-03 01:01:15', 2, 4, 288, '2025-05-03 01:01:15', NULL, NULL, 'BUS-23', 'AVAILABLE');
INSERT INTO `seat_reservations` (`created_date`, `fare_class_id`, `flight_id`, `id`, `modified_date`, `created_by`, `modified_by`, `seat_number`, `seat_status`) VALUES ('2025-05-03 01:01:15', 2, 4, 289, '2025-05-03 01:01:15', NULL, NULL, 'BUS-24', 'AVAILABLE');
INSERT INTO `seat_reservations` (`created_date`, `fare_class_id`, `flight_id`, `id`, `modified_date`, `created_by`, `modified_by`, `seat_number`, `seat_status`) VALUES ('2025-05-03 01:01:15', 2, 4, 290, '2025-05-03 01:01:15', NULL, NULL, 'BUS-25', 'AVAILABLE');
INSERT INTO `seat_reservations` (`created_date`, `fare_class_id`, `flight_id`, `id`, `modified_date`, `created_by`, `modified_by`, `seat_number`, `seat_status`) VALUES ('2025-05-03 01:01:15', 2, 4, 291, '2025-05-03 01:01:15', NULL, NULL, 'BUS-26', 'AVAILABLE');
INSERT INTO `seat_reservations` (`created_date`, `fare_class_id`, `flight_id`, `id`, `modified_date`, `created_by`, `modified_by`, `seat_number`, `seat_status`) VALUES ('2025-05-03 01:01:15', 2, 4, 292, '2025-05-03 01:01:15', NULL, NULL, 'BUS-27', 'AVAILABLE');
INSERT INTO `seat_reservations` (`created_date`, `fare_class_id`, `flight_id`, `id`, `modified_date`, `created_by`, `modified_by`, `seat_number`, `seat_status`) VALUES ('2025-05-03 01:01:15', 2, 4, 293, '2025-05-03 01:01:15', NULL, NULL, 'BUS-28', 'AVAILABLE');
INSERT INTO `seat_reservations` (`created_date`, `fare_class_id`, `flight_id`, `id`, `modified_date`, `created_by`, `modified_by`, `seat_number`, `seat_status`) VALUES ('2025-05-03 01:01:15', 3, 4, 294, '2025-05-03 01:01:15', NULL, NULL, 'STD-1', 'AVAILABLE');
INSERT INTO `seat_reservations` (`created_date`, `fare_class_id`, `flight_id`, `id`, `modified_date`, `created_by`, `modified_by`, `seat_number`, `seat_status`) VALUES ('2025-05-03 01:01:15', 3, 4, 295, '2025-05-03 01:01:15', NULL, NULL, 'STD-2', 'AVAILABLE');
INSERT INTO `seat_reservations` (`created_date`, `fare_class_id`, `flight_id`, `id`, `modified_date`, `created_by`, `modified_by`, `seat_number`, `seat_status`) VALUES ('2025-05-03 01:01:15', 3, 4, 296, '2025-05-03 01:01:15', NULL, NULL, 'STD-3', 'AVAILABLE');
INSERT INTO `seat_reservations` (`created_date`, `fare_class_id`, `flight_id`, `id`, `modified_date`, `created_by`, `modified_by`, `seat_number`, `seat_status`) VALUES ('2025-05-03 01:01:15', 3, 4, 297, '2025-05-03 01:01:15', NULL, NULL, 'STD-4', 'AVAILABLE');
INSERT INTO `seat_reservations` (`created_date`, `fare_class_id`, `flight_id`, `id`, `modified_date`, `created_by`, `modified_by`, `seat_number`, `seat_status`) VALUES ('2025-05-03 01:01:15', 3, 4, 298, '2025-05-03 01:01:15', NULL, NULL, 'STD-5', 'AVAILABLE');
INSERT INTO `seat_reservations` (`created_date`, `fare_class_id`, `flight_id`, `id`, `modified_date`, `created_by`, `modified_by`, `seat_number`, `seat_status`) VALUES ('2025-05-03 01:01:15', 3, 4, 299, '2025-05-03 01:01:15', NULL, NULL, 'STD-6', 'AVAILABLE');
INSERT INTO `seat_reservations` (`created_date`, `fare_class_id`, `flight_id`, `id`, `modified_date`, `created_by`, `modified_by`, `seat_number`, `seat_status`) VALUES ('2025-05-03 01:01:15', 3, 4, 300, '2025-05-03 01:01:15', NULL, NULL, 'STD-7', 'AVAILABLE');
INSERT INTO `seat_reservations` (`created_date`, `fare_class_id`, `flight_id`, `id`, `modified_date`, `created_by`, `modified_by`, `seat_number`, `seat_status`) VALUES ('2025-05-03 01:01:15', 3, 4, 301, '2025-05-03 01:01:15', NULL, NULL, 'STD-8', 'AVAILABLE');
INSERT INTO `seat_reservations` (`created_date`, `fare_class_id`, `flight_id`, `id`, `modified_date`, `created_by`, `modified_by`, `seat_number`, `seat_status`) VALUES ('2025-05-03 01:01:15', 3, 4, 302, '2025-05-03 01:01:15', NULL, NULL, 'STD-9', 'AVAILABLE');
INSERT INTO `seat_reservations` (`created_date`, `fare_class_id`, `flight_id`, `id`, `modified_date`, `created_by`, `modified_by`, `seat_number`, `seat_status`) VALUES ('2025-05-03 01:01:15', 3, 4, 303, '2025-05-03 01:01:15', NULL, NULL, 'STD-10', 'AVAILABLE');
INSERT INTO `seat_reservations` (`created_date`, `fare_class_id`, `flight_id`, `id`, `modified_date`, `created_by`, `modified_by`, `seat_number`, `seat_status`) VALUES ('2025-05-03 01:01:15', 3, 4, 304, '2025-05-03 01:01:15', NULL, NULL, 'STD-11', 'AVAILABLE');
INSERT INTO `seat_reservations` (`created_date`, `fare_class_id`, `flight_id`, `id`, `modified_date`, `created_by`, `modified_by`, `seat_number`, `seat_status`) VALUES ('2025-05-03 01:01:15', 3, 4, 305, '2025-05-03 01:01:15', NULL, NULL, 'STD-12', 'AVAILABLE');
INSERT INTO `seat_reservations` (`created_date`, `fare_class_id`, `flight_id`, `id`, `modified_date`, `created_by`, `modified_by`, `seat_number`, `seat_status`) VALUES ('2025-05-03 01:01:15', 3, 4, 306, '2025-05-03 01:01:15', NULL, NULL, 'STD-13', 'AVAILABLE');
INSERT INTO `seat_reservations` (`created_date`, `fare_class_id`, `flight_id`, `id`, `modified_date`, `created_by`, `modified_by`, `seat_number`, `seat_status`) VALUES ('2025-05-03 01:01:15', 3, 4, 307, '2025-05-03 01:01:15', NULL, NULL, 'STD-14', 'AVAILABLE');
INSERT INTO `seat_reservations` (`created_date`, `fare_class_id`, `flight_id`, `id`, `modified_date`, `created_by`, `modified_by`, `seat_number`, `seat_status`) VALUES ('2025-05-03 01:01:15', 3, 4, 308, '2025-05-03 01:01:15', NULL, NULL, 'STD-15', 'AVAILABLE');
INSERT INTO `seat_reservations` (`created_date`, `fare_class_id`, `flight_id`, `id`, `modified_date`, `created_by`, `modified_by`, `seat_number`, `seat_status`) VALUES ('2025-05-03 01:01:15', 3, 4, 309, '2025-05-03 01:01:15', NULL, NULL, 'STD-16', 'AVAILABLE');
INSERT INTO `seat_reservations` (`created_date`, `fare_class_id`, `flight_id`, `id`, `modified_date`, `created_by`, `modified_by`, `seat_number`, `seat_status`) VALUES ('2025-05-03 01:01:15', 3, 4, 310, '2025-05-03 01:01:15', NULL, NULL, 'STD-17', 'AVAILABLE');
INSERT INTO `seat_reservations` (`created_date`, `fare_class_id`, `flight_id`, `id`, `modified_date`, `created_by`, `modified_by`, `seat_number`, `seat_status`) VALUES ('2025-05-03 01:01:15', 3, 4, 311, '2025-05-03 01:01:15', NULL, NULL, 'STD-18', 'AVAILABLE');
INSERT INTO `seat_reservations` (`created_date`, `fare_class_id`, `flight_id`, `id`, `modified_date`, `created_by`, `modified_by`, `seat_number`, `seat_status`) VALUES ('2025-05-03 01:01:15', 3, 4, 312, '2025-05-03 01:01:15', NULL, NULL, 'STD-19', 'AVAILABLE');
INSERT INTO `seat_reservations` (`created_date`, `fare_class_id`, `flight_id`, `id`, `modified_date`, `created_by`, `modified_by`, `seat_number`, `seat_status`) VALUES ('2025-05-03 01:01:15', 3, 4, 313, '2025-05-03 01:01:15', NULL, NULL, 'STD-20', 'AVAILABLE');
INSERT INTO `seat_reservations` (`created_date`, `fare_class_id`, `flight_id`, `id`, `modified_date`, `created_by`, `modified_by`, `seat_number`, `seat_status`) VALUES ('2025-05-03 01:01:15', 3, 4, 314, '2025-05-03 01:01:15', NULL, NULL, 'STD-21', 'AVAILABLE');
INSERT INTO `seat_reservations` (`created_date`, `fare_class_id`, `flight_id`, `id`, `modified_date`, `created_by`, `modified_by`, `seat_number`, `seat_status`) VALUES ('2025-05-03 01:01:15', 3, 4, 315, '2025-05-03 01:01:15', NULL, NULL, 'STD-22', 'AVAILABLE');
INSERT INTO `seat_reservations` (`created_date`, `fare_class_id`, `flight_id`, `id`, `modified_date`, `created_by`, `modified_by`, `seat_number`, `seat_status`) VALUES ('2025-05-03 01:01:15', 3, 4, 316, '2025-05-03 01:01:15', NULL, NULL, 'STD-23', 'AVAILABLE');
INSERT INTO `seat_reservations` (`created_date`, `fare_class_id`, `flight_id`, `id`, `modified_date`, `created_by`, `modified_by`, `seat_number`, `seat_status`) VALUES ('2025-05-03 01:01:15', 3, 4, 317, '2025-05-03 01:01:15', NULL, NULL, 'STD-24', 'AVAILABLE');
INSERT INTO `seat_reservations` (`created_date`, `fare_class_id`, `flight_id`, `id`, `modified_date`, `created_by`, `modified_by`, `seat_number`, `seat_status`) VALUES ('2025-05-03 01:01:15', 3, 4, 318, '2025-05-03 01:01:15', NULL, NULL, 'STD-25', 'AVAILABLE');
INSERT INTO `seat_reservations` (`created_date`, `fare_class_id`, `flight_id`, `id`, `modified_date`, `created_by`, `modified_by`, `seat_number`, `seat_status`) VALUES ('2025-05-03 01:01:15', 3, 4, 319, '2025-05-03 01:01:15', NULL, NULL, 'STD-26', 'AVAILABLE');
INSERT INTO `seat_reservations` (`created_date`, `fare_class_id`, `flight_id`, `id`, `modified_date`, `created_by`, `modified_by`, `seat_number`, `seat_status`) VALUES ('2025-05-03 01:01:15', 3, 4, 320, '2025-05-03 01:01:15', NULL, NULL, 'STD-27', 'AVAILABLE');
INSERT INTO `seat_reservations` (`created_date`, `fare_class_id`, `flight_id`, `id`, `modified_date`, `created_by`, `modified_by`, `seat_number`, `seat_status`) VALUES ('2025-05-03 01:01:15', 3, 4, 321, '2025-05-03 01:01:15', NULL, NULL, 'STD-28', 'AVAILABLE');
INSERT INTO `seat_reservations` (`created_date`, `fare_class_id`, `flight_id`, `id`, `modified_date`, `created_by`, `modified_by`, `seat_number`, `seat_status`) VALUES ('2025-05-03 01:01:15', 3, 4, 322, '2025-05-03 01:01:15', NULL, NULL, 'STD-29', 'AVAILABLE');
INSERT INTO `seat_reservations` (`created_date`, `fare_class_id`, `flight_id`, `id`, `modified_date`, `created_by`, `modified_by`, `seat_number`, `seat_status`) VALUES ('2025-05-03 01:01:15', 3, 4, 323, '2025-05-03 01:01:15', NULL, NULL, 'STD-30', 'AVAILABLE');
INSERT INTO `seat_reservations` (`created_date`, `fare_class_id`, `flight_id`, `id`, `modified_date`, `created_by`, `modified_by`, `seat_number`, `seat_status`) VALUES ('2025-05-03 01:01:15', 1, 4, 324, '2025-05-03 01:01:15', NULL, NULL, 'PRM-1', 'AVAILABLE');
INSERT INTO `seat_reservations` (`created_date`, `fare_class_id`, `flight_id`, `id`, `modified_date`, `created_by`, `modified_by`, `seat_number`, `seat_status`) VALUES ('2025-05-03 01:01:15', 1, 4, 325, '2025-05-03 01:01:15', NULL, NULL, 'PRM-2', 'AVAILABLE');
INSERT INTO `seat_reservations` (`created_date`, `fare_class_id`, `flight_id`, `id`, `modified_date`, `created_by`, `modified_by`, `seat_number`, `seat_status`) VALUES ('2025-05-03 01:01:15', 1, 4, 326, '2025-05-03 01:01:15', NULL, NULL, 'PRM-3', 'AVAILABLE');
INSERT INTO `seat_reservations` (`created_date`, `fare_class_id`, `flight_id`, `id`, `modified_date`, `created_by`, `modified_by`, `seat_number`, `seat_status`) VALUES ('2025-05-03 01:01:15', 1, 4, 327, '2025-05-03 01:01:15', NULL, NULL, 'PRM-4', 'AVAILABLE');
INSERT INTO `seat_reservations` (`created_date`, `fare_class_id`, `flight_id`, `id`, `modified_date`, `created_by`, `modified_by`, `seat_number`, `seat_status`) VALUES ('2025-05-03 01:01:15', 1, 4, 328, '2025-05-03 01:01:15', NULL, NULL, 'PRM-5', 'AVAILABLE');
INSERT INTO `seat_reservations` (`created_date`, `fare_class_id`, `flight_id`, `id`, `modified_date`, `created_by`, `modified_by`, `seat_number`, `seat_status`) VALUES ('2025-05-03 01:01:15', 1, 4, 329, '2025-05-03 01:01:15', NULL, NULL, 'PRM-6', 'AVAILABLE');
INSERT INTO `seat_reservations` (`created_date`, `fare_class_id`, `flight_id`, `id`, `modified_date`, `created_by`, `modified_by`, `seat_number`, `seat_status`) VALUES ('2025-05-03 01:01:15', 1, 4, 330, '2025-05-03 01:01:15', NULL, NULL, 'PRM-7', 'AVAILABLE');
INSERT INTO `seat_reservations` (`created_date`, `fare_class_id`, `flight_id`, `id`, `modified_date`, `created_by`, `modified_by`, `seat_number`, `seat_status`) VALUES ('2025-05-03 01:01:15', 1, 4, 331, '2025-05-03 01:01:15', NULL, NULL, 'PRM-8', 'AVAILABLE');
INSERT INTO `seat_reservations` (`created_date`, `fare_class_id`, `flight_id`, `id`, `modified_date`, `created_by`, `modified_by`, `seat_number`, `seat_status`) VALUES ('2025-05-03 01:01:15', 1, 4, 332, '2025-05-03 01:01:15', NULL, NULL, 'PRM-9', 'AVAILABLE');
INSERT INTO `seat_reservations` (`created_date`, `fare_class_id`, `flight_id`, `id`, `modified_date`, `created_by`, `modified_by`, `seat_number`, `seat_status`) VALUES ('2025-05-03 01:01:15', 1, 4, 333, '2025-05-03 01:01:15', NULL, NULL, 'PRM-10', 'AVAILABLE');
INSERT INTO `seat_reservations` (`created_date`, `fare_class_id`, `flight_id`, `id`, `modified_date`, `created_by`, `modified_by`, `seat_number`, `seat_status`) VALUES ('2025-05-03 01:01:15', 1, 4, 334, '2025-05-03 01:01:15', NULL, NULL, 'PRM-11', 'AVAILABLE');
INSERT INTO `seat_reservations` (`created_date`, `fare_class_id`, `flight_id`, `id`, `modified_date`, `created_by`, `modified_by`, `seat_number`, `seat_status`) VALUES ('2025-05-03 01:01:15', 1, 4, 335, '2025-05-03 01:01:15', NULL, NULL, 'PRM-12', 'AVAILABLE');
INSERT INTO `seat_reservations` (`created_date`, `fare_class_id`, `flight_id`, `id`, `modified_date`, `created_by`, `modified_by`, `seat_number`, `seat_status`) VALUES ('2025-05-03 01:01:15', 1, 4, 336, '2025-05-03 01:01:15', NULL, NULL, 'PRM-13', 'AVAILABLE');
INSERT INTO `seat_reservations` (`created_date`, `fare_class_id`, `flight_id`, `id`, `modified_date`, `created_by`, `modified_by`, `seat_number`, `seat_status`) VALUES ('2025-05-03 01:01:15', 1, 4, 337, '2025-05-03 01:01:15', NULL, NULL, 'PRM-14', 'AVAILABLE');
INSERT INTO `seat_reservations` (`created_date`, `fare_class_id`, `flight_id`, `id`, `modified_date`, `created_by`, `modified_by`, `seat_number`, `seat_status`) VALUES ('2025-05-03 01:01:15', 1, 4, 338, '2025-05-03 01:01:15', NULL, NULL, 'PRM-15', 'AVAILABLE');
INSERT INTO `seat_reservations` (`created_date`, `fare_class_id`, `flight_id`, `id`, `modified_date`, `created_by`, `modified_by`, `seat_number`, `seat_status`) VALUES ('2025-05-03 01:01:15', 1, 4, 339, '2025-05-03 01:01:15', NULL, NULL, 'PRM-16', 'AVAILABLE');
INSERT INTO `seat_reservations` (`created_date`, `fare_class_id`, `flight_id`, `id`, `modified_date`, `created_by`, `modified_by`, `seat_number`, `seat_status`) VALUES ('2025-05-03 01:01:15', 1, 4, 340, '2025-05-03 01:01:15', NULL, NULL, 'PRM-17', 'AVAILABLE');
INSERT INTO `seat_reservations` (`created_date`, `fare_class_id`, `flight_id`, `id`, `modified_date`, `created_by`, `modified_by`, `seat_number`, `seat_status`) VALUES ('2025-05-03 01:01:15', 1, 4, 341, '2025-05-03 01:01:15', NULL, NULL, 'PRM-18', 'AVAILABLE');
INSERT INTO `seat_reservations` (`created_date`, `fare_class_id`, `flight_id`, `id`, `modified_date`, `created_by`, `modified_by`, `seat_number`, `seat_status`) VALUES ('2025-05-03 01:01:15', 1, 4, 342, '2025-05-03 01:01:15', NULL, NULL, 'PRM-19', 'AVAILABLE');
INSERT INTO `seat_reservations` (`created_date`, `fare_class_id`, `flight_id`, `id`, `modified_date`, `created_by`, `modified_by`, `seat_number`, `seat_status`) VALUES ('2025-05-03 01:01:15', 1, 4, 343, '2025-05-03 01:01:15', NULL, NULL, 'PRM-20', 'AVAILABLE');
INSERT INTO `seat_reservations` (`created_date`, `fare_class_id`, `flight_id`, `id`, `modified_date`, `created_by`, `modified_by`, `seat_number`, `seat_status`) VALUES ('2025-05-03 01:01:15', 1, 4, 344, '2025-05-03 01:01:15', NULL, NULL, 'PRM-21', 'AVAILABLE');
INSERT INTO `seat_reservations` (`created_date`, `fare_class_id`, `flight_id`, `id`, `modified_date`, `created_by`, `modified_by`, `seat_number`, `seat_status`) VALUES ('2025-05-03 01:01:16', 2, 5, 345, '2025-05-03 01:01:16', NULL, NULL, 'BUS-1', 'AVAILABLE');
INSERT INTO `seat_reservations` (`created_date`, `fare_class_id`, `flight_id`, `id`, `modified_date`, `created_by`, `modified_by`, `seat_number`, `seat_status`) VALUES ('2025-05-03 01:01:16', 2, 5, 346, '2025-05-03 01:01:16', NULL, NULL, 'BUS-2', 'AVAILABLE');
INSERT INTO `seat_reservations` (`created_date`, `fare_class_id`, `flight_id`, `id`, `modified_date`, `created_by`, `modified_by`, `seat_number`, `seat_status`) VALUES ('2025-05-03 01:01:16', 2, 5, 347, '2025-05-03 01:01:16', NULL, NULL, 'BUS-3', 'AVAILABLE');
INSERT INTO `seat_reservations` (`created_date`, `fare_class_id`, `flight_id`, `id`, `modified_date`, `created_by`, `modified_by`, `seat_number`, `seat_status`) VALUES ('2025-05-03 01:01:16', 2, 5, 348, '2025-05-03 01:01:16', NULL, NULL, 'BUS-4', 'AVAILABLE');
INSERT INTO `seat_reservations` (`created_date`, `fare_class_id`, `flight_id`, `id`, `modified_date`, `created_by`, `modified_by`, `seat_number`, `seat_status`) VALUES ('2025-05-03 01:01:16', 2, 5, 349, '2025-05-03 01:01:16', NULL, NULL, 'BUS-5', 'AVAILABLE');
INSERT INTO `seat_reservations` (`created_date`, `fare_class_id`, `flight_id`, `id`, `modified_date`, `created_by`, `modified_by`, `seat_number`, `seat_status`) VALUES ('2025-05-03 01:01:16', 2, 5, 350, '2025-05-03 01:01:16', NULL, NULL, 'BUS-6', 'AVAILABLE');
INSERT INTO `seat_reservations` (`created_date`, `fare_class_id`, `flight_id`, `id`, `modified_date`, `created_by`, `modified_by`, `seat_number`, `seat_status`) VALUES ('2025-05-03 01:01:16', 2, 5, 351, '2025-05-03 01:01:16', NULL, NULL, 'BUS-7', 'AVAILABLE');
INSERT INTO `seat_reservations` (`created_date`, `fare_class_id`, `flight_id`, `id`, `modified_date`, `created_by`, `modified_by`, `seat_number`, `seat_status`) VALUES ('2025-05-03 01:01:16', 2, 5, 352, '2025-05-03 01:01:16', NULL, NULL, 'BUS-8', 'AVAILABLE');
INSERT INTO `seat_reservations` (`created_date`, `fare_class_id`, `flight_id`, `id`, `modified_date`, `created_by`, `modified_by`, `seat_number`, `seat_status`) VALUES ('2025-05-03 01:01:16', 2, 5, 353, '2025-05-03 01:01:16', NULL, NULL, 'BUS-9', 'AVAILABLE');
INSERT INTO `seat_reservations` (`created_date`, `fare_class_id`, `flight_id`, `id`, `modified_date`, `created_by`, `modified_by`, `seat_number`, `seat_status`) VALUES ('2025-05-03 01:01:16', 2, 5, 354, '2025-05-03 01:01:16', NULL, NULL, 'BUS-10', 'AVAILABLE');
INSERT INTO `seat_reservations` (`created_date`, `fare_class_id`, `flight_id`, `id`, `modified_date`, `created_by`, `modified_by`, `seat_number`, `seat_status`) VALUES ('2025-05-03 01:01:16', 2, 5, 355, '2025-05-03 01:01:16', NULL, NULL, 'BUS-11', 'AVAILABLE');
INSERT INTO `seat_reservations` (`created_date`, `fare_class_id`, `flight_id`, `id`, `modified_date`, `created_by`, `modified_by`, `seat_number`, `seat_status`) VALUES ('2025-05-03 01:01:16', 2, 5, 356, '2025-05-03 01:01:16', NULL, NULL, 'BUS-12', 'AVAILABLE');
INSERT INTO `seat_reservations` (`created_date`, `fare_class_id`, `flight_id`, `id`, `modified_date`, `created_by`, `modified_by`, `seat_number`, `seat_status`) VALUES ('2025-05-03 01:01:16', 2, 5, 357, '2025-05-03 01:01:16', NULL, NULL, 'BUS-13', 'AVAILABLE');
INSERT INTO `seat_reservations` (`created_date`, `fare_class_id`, `flight_id`, `id`, `modified_date`, `created_by`, `modified_by`, `seat_number`, `seat_status`) VALUES ('2025-05-03 01:01:16', 2, 5, 358, '2025-05-03 01:01:16', NULL, NULL, 'BUS-14', 'AVAILABLE');
INSERT INTO `seat_reservations` (`created_date`, `fare_class_id`, `flight_id`, `id`, `modified_date`, `created_by`, `modified_by`, `seat_number`, `seat_status`) VALUES ('2025-05-03 01:01:16', 2, 5, 359, '2025-05-03 01:01:16', NULL, NULL, 'BUS-15', 'AVAILABLE');
INSERT INTO `seat_reservations` (`created_date`, `fare_class_id`, `flight_id`, `id`, `modified_date`, `created_by`, `modified_by`, `seat_number`, `seat_status`) VALUES ('2025-05-03 01:01:16', 2, 5, 360, '2025-05-03 01:01:16', NULL, NULL, 'BUS-16', 'AVAILABLE');
INSERT INTO `seat_reservations` (`created_date`, `fare_class_id`, `flight_id`, `id`, `modified_date`, `created_by`, `modified_by`, `seat_number`, `seat_status`) VALUES ('2025-05-03 01:01:16', 2, 5, 361, '2025-05-03 01:01:16', NULL, NULL, 'BUS-17', 'AVAILABLE');
INSERT INTO `seat_reservations` (`created_date`, `fare_class_id`, `flight_id`, `id`, `modified_date`, `created_by`, `modified_by`, `seat_number`, `seat_status`) VALUES ('2025-05-03 01:01:16', 2, 5, 362, '2025-05-03 01:01:16', NULL, NULL, 'BUS-18', 'AVAILABLE');
INSERT INTO `seat_reservations` (`created_date`, `fare_class_id`, `flight_id`, `id`, `modified_date`, `created_by`, `modified_by`, `seat_number`, `seat_status`) VALUES ('2025-05-03 01:01:16', 2, 5, 363, '2025-05-03 01:01:16', NULL, NULL, 'BUS-19', 'AVAILABLE');
INSERT INTO `seat_reservations` (`created_date`, `fare_class_id`, `flight_id`, `id`, `modified_date`, `created_by`, `modified_by`, `seat_number`, `seat_status`) VALUES ('2025-05-03 01:01:16', 2, 5, 364, '2025-05-03 01:01:16', NULL, NULL, 'BUS-20', 'AVAILABLE');
INSERT INTO `seat_reservations` (`created_date`, `fare_class_id`, `flight_id`, `id`, `modified_date`, `created_by`, `modified_by`, `seat_number`, `seat_status`) VALUES ('2025-05-03 01:01:16', 2, 5, 365, '2025-05-03 01:01:16', NULL, NULL, 'BUS-21', 'AVAILABLE');
INSERT INTO `seat_reservations` (`created_date`, `fare_class_id`, `flight_id`, `id`, `modified_date`, `created_by`, `modified_by`, `seat_number`, `seat_status`) VALUES ('2025-05-03 01:01:16', 2, 5, 366, '2025-05-03 01:01:16', NULL, NULL, 'BUS-22', 'AVAILABLE');
INSERT INTO `seat_reservations` (`created_date`, `fare_class_id`, `flight_id`, `id`, `modified_date`, `created_by`, `modified_by`, `seat_number`, `seat_status`) VALUES ('2025-05-03 01:01:16', 2, 5, 367, '2025-05-03 01:01:16', NULL, NULL, 'BUS-23', 'AVAILABLE');
INSERT INTO `seat_reservations` (`created_date`, `fare_class_id`, `flight_id`, `id`, `modified_date`, `created_by`, `modified_by`, `seat_number`, `seat_status`) VALUES ('2025-05-03 01:01:16', 2, 5, 368, '2025-05-03 01:01:16', NULL, NULL, 'BUS-24', 'AVAILABLE');
INSERT INTO `seat_reservations` (`created_date`, `fare_class_id`, `flight_id`, `id`, `modified_date`, `created_by`, `modified_by`, `seat_number`, `seat_status`) VALUES ('2025-05-03 01:01:16', 2, 5, 369, '2025-05-03 01:01:16', NULL, NULL, 'BUS-25', 'AVAILABLE');
INSERT INTO `seat_reservations` (`created_date`, `fare_class_id`, `flight_id`, `id`, `modified_date`, `created_by`, `modified_by`, `seat_number`, `seat_status`) VALUES ('2025-05-03 01:01:16', 2, 5, 370, '2025-05-03 01:01:16', NULL, NULL, 'BUS-26', 'AVAILABLE');
INSERT INTO `seat_reservations` (`created_date`, `fare_class_id`, `flight_id`, `id`, `modified_date`, `created_by`, `modified_by`, `seat_number`, `seat_status`) VALUES ('2025-05-03 01:01:16', 2, 5, 371, '2025-05-03 01:01:16', NULL, NULL, 'BUS-27', 'AVAILABLE');
INSERT INTO `seat_reservations` (`created_date`, `fare_class_id`, `flight_id`, `id`, `modified_date`, `created_by`, `modified_by`, `seat_number`, `seat_status`) VALUES ('2025-05-03 01:01:16', 2, 5, 372, '2025-05-03 01:01:16', NULL, NULL, 'BUS-28', 'AVAILABLE');
INSERT INTO `seat_reservations` (`created_date`, `fare_class_id`, `flight_id`, `id`, `modified_date`, `created_by`, `modified_by`, `seat_number`, `seat_status`) VALUES ('2025-05-03 01:01:16', 2, 5, 373, '2025-05-03 01:01:16', NULL, NULL, 'BUS-29', 'AVAILABLE');
INSERT INTO `seat_reservations` (`created_date`, `fare_class_id`, `flight_id`, `id`, `modified_date`, `created_by`, `modified_by`, `seat_number`, `seat_status`) VALUES ('2025-05-03 01:01:16', 2, 5, 374, '2025-05-03 01:01:16', NULL, NULL, 'BUS-30', 'AVAILABLE');
INSERT INTO `seat_reservations` (`created_date`, `fare_class_id`, `flight_id`, `id`, `modified_date`, `created_by`, `modified_by`, `seat_number`, `seat_status`) VALUES ('2025-05-03 01:01:16', 2, 5, 375, '2025-05-03 01:01:16', NULL, NULL, 'BUS-31', 'AVAILABLE');
INSERT INTO `seat_reservations` (`created_date`, `fare_class_id`, `flight_id`, `id`, `modified_date`, `created_by`, `modified_by`, `seat_number`, `seat_status`) VALUES ('2025-05-03 01:01:16', 2, 5, 376, '2025-05-03 01:01:16', NULL, NULL, 'BUS-32', 'AVAILABLE');
INSERT INTO `seat_reservations` (`created_date`, `fare_class_id`, `flight_id`, `id`, `modified_date`, `created_by`, `modified_by`, `seat_number`, `seat_status`) VALUES ('2025-05-03 01:01:16', 2, 5, 377, '2025-05-03 01:01:16', NULL, NULL, 'BUS-33', 'AVAILABLE');
INSERT INTO `seat_reservations` (`created_date`, `fare_class_id`, `flight_id`, `id`, `modified_date`, `created_by`, `modified_by`, `seat_number`, `seat_status`) VALUES ('2025-05-03 01:01:16', 2, 5, 378, '2025-05-03 01:01:16', NULL, NULL, 'BUS-34', 'AVAILABLE');
INSERT INTO `seat_reservations` (`created_date`, `fare_class_id`, `flight_id`, `id`, `modified_date`, `created_by`, `modified_by`, `seat_number`, `seat_status`) VALUES ('2025-05-03 01:01:16', 2, 5, 379, '2025-05-03 01:01:16', NULL, NULL, 'BUS-35', 'AVAILABLE');
INSERT INTO `seat_reservations` (`created_date`, `fare_class_id`, `flight_id`, `id`, `modified_date`, `created_by`, `modified_by`, `seat_number`, `seat_status`) VALUES ('2025-05-03 01:01:16', 2, 5, 380, '2025-05-03 01:01:16', NULL, NULL, 'BUS-36', 'AVAILABLE');
INSERT INTO `seat_reservations` (`created_date`, `fare_class_id`, `flight_id`, `id`, `modified_date`, `created_by`, `modified_by`, `seat_number`, `seat_status`) VALUES ('2025-05-03 01:01:16', 2, 5, 381, '2025-05-03 01:01:16', NULL, NULL, 'BUS-37', 'AVAILABLE');
INSERT INTO `seat_reservations` (`created_date`, `fare_class_id`, `flight_id`, `id`, `modified_date`, `created_by`, `modified_by`, `seat_number`, `seat_status`) VALUES ('2025-05-03 01:01:16', 2, 5, 382, '2025-05-03 01:01:16', NULL, NULL, 'BUS-38', 'AVAILABLE');
INSERT INTO `seat_reservations` (`created_date`, `fare_class_id`, `flight_id`, `id`, `modified_date`, `created_by`, `modified_by`, `seat_number`, `seat_status`) VALUES ('2025-05-03 01:01:16', 2, 5, 383, '2025-05-03 01:01:16', NULL, NULL, 'BUS-39', 'AVAILABLE');
INSERT INTO `seat_reservations` (`created_date`, `fare_class_id`, `flight_id`, `id`, `modified_date`, `created_by`, `modified_by`, `seat_number`, `seat_status`) VALUES ('2025-05-03 01:01:16', 2, 5, 384, '2025-05-03 01:01:16', NULL, NULL, 'BUS-40', 'AVAILABLE');
INSERT INTO `seat_reservations` (`created_date`, `fare_class_id`, `flight_id`, `id`, `modified_date`, `created_by`, `modified_by`, `seat_number`, `seat_status`) VALUES ('2025-05-03 01:01:16', 2, 5, 385, '2025-05-03 01:01:16', NULL, NULL, 'BUS-41', 'AVAILABLE');
INSERT INTO `seat_reservations` (`created_date`, `fare_class_id`, `flight_id`, `id`, `modified_date`, `created_by`, `modified_by`, `seat_number`, `seat_status`) VALUES ('2025-05-03 01:01:16', 2, 5, 386, '2025-05-03 01:01:16', NULL, NULL, 'BUS-42', 'AVAILABLE');
INSERT INTO `seat_reservations` (`created_date`, `fare_class_id`, `flight_id`, `id`, `modified_date`, `created_by`, `modified_by`, `seat_number`, `seat_status`) VALUES ('2025-05-03 01:01:16', 2, 5, 387, '2025-05-03 01:01:16', NULL, NULL, 'BUS-43', 'AVAILABLE');
INSERT INTO `seat_reservations` (`created_date`, `fare_class_id`, `flight_id`, `id`, `modified_date`, `created_by`, `modified_by`, `seat_number`, `seat_status`) VALUES ('2025-05-03 01:01:16', 2, 5, 388, '2025-05-03 01:01:16', NULL, NULL, 'BUS-44', 'AVAILABLE');
INSERT INTO `seat_reservations` (`created_date`, `fare_class_id`, `flight_id`, `id`, `modified_date`, `created_by`, `modified_by`, `seat_number`, `seat_status`) VALUES ('2025-05-03 01:01:16', 2, 5, 389, '2025-05-03 01:01:16', NULL, NULL, 'BUS-45', 'AVAILABLE');
INSERT INTO `seat_reservations` (`created_date`, `fare_class_id`, `flight_id`, `id`, `modified_date`, `created_by`, `modified_by`, `seat_number`, `seat_status`) VALUES ('2025-05-03 01:01:16', 2, 5, 390, '2025-05-03 01:01:16', NULL, NULL, 'BUS-46', 'AVAILABLE');
INSERT INTO `seat_reservations` (`created_date`, `fare_class_id`, `flight_id`, `id`, `modified_date`, `created_by`, `modified_by`, `seat_number`, `seat_status`) VALUES ('2025-05-03 01:01:16', 2, 5, 391, '2025-05-03 01:01:16', NULL, NULL, 'BUS-47', 'AVAILABLE');
INSERT INTO `seat_reservations` (`created_date`, `fare_class_id`, `flight_id`, `id`, `modified_date`, `created_by`, `modified_by`, `seat_number`, `seat_status`) VALUES ('2025-05-03 01:01:16', 2, 5, 392, '2025-05-03 01:01:16', NULL, NULL, 'BUS-48', 'AVAILABLE');
INSERT INTO `seat_reservations` (`created_date`, `fare_class_id`, `flight_id`, `id`, `modified_date`, `created_by`, `modified_by`, `seat_number`, `seat_status`) VALUES ('2025-05-03 01:01:16', 2, 5, 393, '2025-05-03 01:01:16', NULL, NULL, 'BUS-49', 'AVAILABLE');
INSERT INTO `seat_reservations` (`created_date`, `fare_class_id`, `flight_id`, `id`, `modified_date`, `created_by`, `modified_by`, `seat_number`, `seat_status`) VALUES ('2025-05-03 01:01:16', 2, 5, 394, '2025-05-03 01:01:16', NULL, NULL, 'BUS-50', 'AVAILABLE');
INSERT INTO `seat_reservations` (`created_date`, `fare_class_id`, `flight_id`, `id`, `modified_date`, `created_by`, `modified_by`, `seat_number`, `seat_status`) VALUES ('2025-05-03 01:01:16', 2, 5, 395, '2025-05-03 01:01:16', NULL, NULL, 'BUS-51', 'AVAILABLE');
INSERT INTO `seat_reservations` (`created_date`, `fare_class_id`, `flight_id`, `id`, `modified_date`, `created_by`, `modified_by`, `seat_number`, `seat_status`) VALUES ('2025-05-03 01:01:16', 2, 5, 396, '2025-05-03 01:01:16', NULL, NULL, 'BUS-52', 'AVAILABLE');
INSERT INTO `seat_reservations` (`created_date`, `fare_class_id`, `flight_id`, `id`, `modified_date`, `created_by`, `modified_by`, `seat_number`, `seat_status`) VALUES ('2025-05-03 01:01:16', 2, 5, 397, '2025-05-03 01:01:16', NULL, NULL, 'BUS-53', 'AVAILABLE');
INSERT INTO `seat_reservations` (`created_date`, `fare_class_id`, `flight_id`, `id`, `modified_date`, `created_by`, `modified_by`, `seat_number`, `seat_status`) VALUES ('2025-05-03 01:01:16', 2, 5, 398, '2025-05-03 01:01:16', NULL, NULL, 'BUS-54', 'AVAILABLE');
INSERT INTO `seat_reservations` (`created_date`, `fare_class_id`, `flight_id`, `id`, `modified_date`, `created_by`, `modified_by`, `seat_number`, `seat_status`) VALUES ('2025-05-03 01:01:16', 2, 5, 399, '2025-05-03 01:01:16', NULL, NULL, 'BUS-55', 'AVAILABLE');
INSERT INTO `seat_reservations` (`created_date`, `fare_class_id`, `flight_id`, `id`, `modified_date`, `created_by`, `modified_by`, `seat_number`, `seat_status`) VALUES ('2025-05-03 01:01:16', 2, 5, 400, '2025-05-03 01:01:16', NULL, NULL, 'BUS-56', 'AVAILABLE');
INSERT INTO `seat_reservations` (`created_date`, `fare_class_id`, `flight_id`, `id`, `modified_date`, `created_by`, `modified_by`, `seat_number`, `seat_status`) VALUES ('2025-05-03 01:01:16', 2, 5, 401, '2025-05-03 01:01:16', NULL, NULL, 'BUS-57', 'AVAILABLE');
INSERT INTO `seat_reservations` (`created_date`, `fare_class_id`, `flight_id`, `id`, `modified_date`, `created_by`, `modified_by`, `seat_number`, `seat_status`) VALUES ('2025-05-03 01:01:16', 2, 5, 402, '2025-05-03 01:01:16', NULL, NULL, 'BUS-58', 'AVAILABLE');
INSERT INTO `seat_reservations` (`created_date`, `fare_class_id`, `flight_id`, `id`, `modified_date`, `created_by`, `modified_by`, `seat_number`, `seat_status`) VALUES ('2025-05-03 01:01:16', 2, 5, 403, '2025-05-03 01:01:16', NULL, NULL, 'BUS-59', 'AVAILABLE');
INSERT INTO `seat_reservations` (`created_date`, `fare_class_id`, `flight_id`, `id`, `modified_date`, `created_by`, `modified_by`, `seat_number`, `seat_status`) VALUES ('2025-05-03 01:01:16', 2, 5, 404, '2025-05-03 01:01:16', NULL, NULL, 'BUS-60', 'AVAILABLE');
INSERT INTO `seat_reservations` (`created_date`, `fare_class_id`, `flight_id`, `id`, `modified_date`, `created_by`, `modified_by`, `seat_number`, `seat_status`) VALUES ('2025-05-03 01:01:16', 2, 5, 405, '2025-05-03 01:01:16', NULL, NULL, 'BUS-61', 'AVAILABLE');
INSERT INTO `seat_reservations` (`created_date`, `fare_class_id`, `flight_id`, `id`, `modified_date`, `created_by`, `modified_by`, `seat_number`, `seat_status`) VALUES ('2025-05-03 01:01:16', 2, 5, 406, '2025-05-03 01:01:16', NULL, NULL, 'BUS-62', 'AVAILABLE');
INSERT INTO `seat_reservations` (`created_date`, `fare_class_id`, `flight_id`, `id`, `modified_date`, `created_by`, `modified_by`, `seat_number`, `seat_status`) VALUES ('2025-05-03 01:01:16', 2, 5, 407, '2025-05-03 01:01:16', NULL, NULL, 'BUS-63', 'AVAILABLE');
INSERT INTO `seat_reservations` (`created_date`, `fare_class_id`, `flight_id`, `id`, `modified_date`, `created_by`, `modified_by`, `seat_number`, `seat_status`) VALUES ('2025-05-03 01:01:16', 2, 5, 408, '2025-05-03 01:01:16', NULL, NULL, 'BUS-64', 'AVAILABLE');
INSERT INTO `seat_reservations` (`created_date`, `fare_class_id`, `flight_id`, `id`, `modified_date`, `created_by`, `modified_by`, `seat_number`, `seat_status`) VALUES ('2025-05-03 01:01:16', 2, 5, 409, '2025-05-03 01:01:16', NULL, NULL, 'BUS-65', 'AVAILABLE');
INSERT INTO `seat_reservations` (`created_date`, `fare_class_id`, `flight_id`, `id`, `modified_date`, `created_by`, `modified_by`, `seat_number`, `seat_status`) VALUES ('2025-05-03 01:01:16', 2, 5, 410, '2025-05-03 01:01:16', NULL, NULL, 'BUS-66', 'AVAILABLE');
INSERT INTO `seat_reservations` (`created_date`, `fare_class_id`, `flight_id`, `id`, `modified_date`, `created_by`, `modified_by`, `seat_number`, `seat_status`) VALUES ('2025-05-03 01:01:16', 2, 5, 411, '2025-05-03 01:01:16', NULL, NULL, 'BUS-67', 'AVAILABLE');
INSERT INTO `seat_reservations` (`created_date`, `fare_class_id`, `flight_id`, `id`, `modified_date`, `created_by`, `modified_by`, `seat_number`, `seat_status`) VALUES ('2025-05-03 01:01:16', 2, 5, 412, '2025-05-03 01:01:16', NULL, NULL, 'BUS-68', 'AVAILABLE');
INSERT INTO `seat_reservations` (`created_date`, `fare_class_id`, `flight_id`, `id`, `modified_date`, `created_by`, `modified_by`, `seat_number`, `seat_status`) VALUES ('2025-05-03 01:01:16', 2, 5, 413, '2025-05-03 01:01:16', NULL, NULL, 'BUS-69', 'AVAILABLE');
INSERT INTO `seat_reservations` (`created_date`, `fare_class_id`, `flight_id`, `id`, `modified_date`, `created_by`, `modified_by`, `seat_number`, `seat_status`) VALUES ('2025-05-03 01:01:16', 2, 5, 414, '2025-05-03 01:01:16', NULL, NULL, 'BUS-70', 'AVAILABLE');
INSERT INTO `seat_reservations` (`created_date`, `fare_class_id`, `flight_id`, `id`, `modified_date`, `created_by`, `modified_by`, `seat_number`, `seat_status`) VALUES ('2025-05-03 01:01:16', 2, 5, 415, '2025-05-03 01:01:16', NULL, NULL, 'BUS-71', 'AVAILABLE');
INSERT INTO `seat_reservations` (`created_date`, `fare_class_id`, `flight_id`, `id`, `modified_date`, `created_by`, `modified_by`, `seat_number`, `seat_status`) VALUES ('2025-05-03 01:01:16', 2, 5, 416, '2025-05-03 01:01:16', NULL, NULL, 'BUS-72', 'AVAILABLE');
INSERT INTO `seat_reservations` (`created_date`, `fare_class_id`, `flight_id`, `id`, `modified_date`, `created_by`, `modified_by`, `seat_number`, `seat_status`) VALUES ('2025-05-03 01:01:16', 2, 5, 417, '2025-05-03 01:01:16', NULL, NULL, 'BUS-73', 'AVAILABLE');
INSERT INTO `seat_reservations` (`created_date`, `fare_class_id`, `flight_id`, `id`, `modified_date`, `created_by`, `modified_by`, `seat_number`, `seat_status`) VALUES ('2025-05-03 01:01:16', 2, 5, 418, '2025-05-03 01:01:16', NULL, NULL, 'BUS-74', 'AVAILABLE');
INSERT INTO `seat_reservations` (`created_date`, `fare_class_id`, `flight_id`, `id`, `modified_date`, `created_by`, `modified_by`, `seat_number`, `seat_status`) VALUES ('2025-05-03 01:01:16', 2, 5, 419, '2025-05-03 01:01:16', NULL, NULL, 'BUS-75', 'AVAILABLE');
INSERT INTO `seat_reservations` (`created_date`, `fare_class_id`, `flight_id`, `id`, `modified_date`, `created_by`, `modified_by`, `seat_number`, `seat_status`) VALUES ('2025-05-03 01:01:16', 2, 5, 420, '2025-05-03 01:01:16', NULL, NULL, 'BUS-76', 'AVAILABLE');
INSERT INTO `seat_reservations` (`created_date`, `fare_class_id`, `flight_id`, `id`, `modified_date`, `created_by`, `modified_by`, `seat_number`, `seat_status`) VALUES ('2025-05-03 01:01:16', 2, 5, 421, '2025-05-03 01:01:16', NULL, NULL, 'BUS-77', 'AVAILABLE');
INSERT INTO `seat_reservations` (`created_date`, `fare_class_id`, `flight_id`, `id`, `modified_date`, `created_by`, `modified_by`, `seat_number`, `seat_status`) VALUES ('2025-05-03 01:01:16', 2, 5, 422, '2025-05-03 01:01:16', NULL, NULL, 'BUS-78', 'AVAILABLE');
INSERT INTO `seat_reservations` (`created_date`, `fare_class_id`, `flight_id`, `id`, `modified_date`, `created_by`, `modified_by`, `seat_number`, `seat_status`) VALUES ('2025-05-03 01:01:16', 2, 5, 423, '2025-05-03 01:01:16', NULL, NULL, 'BUS-79', 'AVAILABLE');
INSERT INTO `seat_reservations` (`created_date`, `fare_class_id`, `flight_id`, `id`, `modified_date`, `created_by`, `modified_by`, `seat_number`, `seat_status`) VALUES ('2025-05-03 01:01:16', 2, 5, 424, '2025-05-03 01:01:16', NULL, NULL, 'BUS-80', 'AVAILABLE');
INSERT INTO `seat_reservations` (`created_date`, `fare_class_id`, `flight_id`, `id`, `modified_date`, `created_by`, `modified_by`, `seat_number`, `seat_status`) VALUES ('2025-05-03 01:01:16', 2, 5, 425, '2025-05-03 01:01:16', NULL, NULL, 'BUS-81', 'AVAILABLE');
INSERT INTO `seat_reservations` (`created_date`, `fare_class_id`, `flight_id`, `id`, `modified_date`, `created_by`, `modified_by`, `seat_number`, `seat_status`) VALUES ('2025-05-03 01:01:16', 2, 5, 426, '2025-05-03 01:01:16', NULL, NULL, 'BUS-82', 'AVAILABLE');
INSERT INTO `seat_reservations` (`created_date`, `fare_class_id`, `flight_id`, `id`, `modified_date`, `created_by`, `modified_by`, `seat_number`, `seat_status`) VALUES ('2025-05-03 01:01:16', 2, 5, 427, '2025-05-03 01:01:16', NULL, NULL, 'BUS-83', 'AVAILABLE');
INSERT INTO `seat_reservations` (`created_date`, `fare_class_id`, `flight_id`, `id`, `modified_date`, `created_by`, `modified_by`, `seat_number`, `seat_status`) VALUES ('2025-05-03 01:01:16', 2, 5, 428, '2025-05-03 01:01:16', NULL, NULL, 'BUS-84', 'AVAILABLE');
INSERT INTO `seat_reservations` (`created_date`, `fare_class_id`, `flight_id`, `id`, `modified_date`, `created_by`, `modified_by`, `seat_number`, `seat_status`) VALUES ('2025-05-03 01:01:16', 2, 5, 429, '2025-05-03 01:01:16', NULL, NULL, 'BUS-85', 'AVAILABLE');
INSERT INTO `seat_reservations` (`created_date`, `fare_class_id`, `flight_id`, `id`, `modified_date`, `created_by`, `modified_by`, `seat_number`, `seat_status`) VALUES ('2025-05-03 01:01:16', 2, 5, 430, '2025-05-03 01:01:16', NULL, NULL, 'BUS-86', 'AVAILABLE');
INSERT INTO `seat_reservations` (`created_date`, `fare_class_id`, `flight_id`, `id`, `modified_date`, `created_by`, `modified_by`, `seat_number`, `seat_status`) VALUES ('2025-05-03 01:01:16', 2, 5, 431, '2025-05-03 01:01:16', NULL, NULL, 'BUS-87', 'AVAILABLE');
INSERT INTO `seat_reservations` (`created_date`, `fare_class_id`, `flight_id`, `id`, `modified_date`, `created_by`, `modified_by`, `seat_number`, `seat_status`) VALUES ('2025-05-03 01:01:16', 2, 5, 432, '2025-05-03 01:01:16', NULL, NULL, 'BUS-88', 'AVAILABLE');
INSERT INTO `seat_reservations` (`created_date`, `fare_class_id`, `flight_id`, `id`, `modified_date`, `created_by`, `modified_by`, `seat_number`, `seat_status`) VALUES ('2025-05-03 01:01:16', 2, 5, 433, '2025-05-03 01:01:16', NULL, NULL, 'BUS-89', 'AVAILABLE');
INSERT INTO `seat_reservations` (`created_date`, `fare_class_id`, `flight_id`, `id`, `modified_date`, `created_by`, `modified_by`, `seat_number`, `seat_status`) VALUES ('2025-05-03 01:01:16', 2, 5, 434, '2025-05-03 01:01:16', NULL, NULL, 'BUS-90', 'AVAILABLE');
INSERT INTO `seat_reservations` (`created_date`, `fare_class_id`, `flight_id`, `id`, `modified_date`, `created_by`, `modified_by`, `seat_number`, `seat_status`) VALUES ('2025-05-03 01:01:16', 2, 5, 435, '2025-05-03 01:01:16', NULL, NULL, 'BUS-91', 'AVAILABLE');
INSERT INTO `seat_reservations` (`created_date`, `fare_class_id`, `flight_id`, `id`, `modified_date`, `created_by`, `modified_by`, `seat_number`, `seat_status`) VALUES ('2025-05-03 01:01:16', 2, 5, 436, '2025-05-03 01:01:16', NULL, NULL, 'BUS-92', 'AVAILABLE');
INSERT INTO `seat_reservations` (`created_date`, `fare_class_id`, `flight_id`, `id`, `modified_date`, `created_by`, `modified_by`, `seat_number`, `seat_status`) VALUES ('2025-05-03 01:01:16', 2, 5, 437, '2025-05-03 01:01:16', NULL, NULL, 'BUS-93', 'AVAILABLE');
INSERT INTO `seat_reservations` (`created_date`, `fare_class_id`, `flight_id`, `id`, `modified_date`, `created_by`, `modified_by`, `seat_number`, `seat_status`) VALUES ('2025-05-03 01:01:16', 2, 5, 438, '2025-05-03 01:01:16', NULL, NULL, 'BUS-94', 'AVAILABLE');
INSERT INTO `seat_reservations` (`created_date`, `fare_class_id`, `flight_id`, `id`, `modified_date`, `created_by`, `modified_by`, `seat_number`, `seat_status`) VALUES ('2025-05-03 01:01:16', 2, 5, 439, '2025-05-03 01:01:16', NULL, NULL, 'BUS-95', 'AVAILABLE');
INSERT INTO `seat_reservations` (`created_date`, `fare_class_id`, `flight_id`, `id`, `modified_date`, `created_by`, `modified_by`, `seat_number`, `seat_status`) VALUES ('2025-05-03 01:01:16', 2, 5, 440, '2025-05-03 01:01:16', NULL, NULL, 'BUS-96', 'AVAILABLE');
INSERT INTO `seat_reservations` (`created_date`, `fare_class_id`, `flight_id`, `id`, `modified_date`, `created_by`, `modified_by`, `seat_number`, `seat_status`) VALUES ('2025-05-03 01:01:16', 3, 5, 441, '2025-05-03 01:01:16', NULL, NULL, 'STD-1', 'AVAILABLE');
INSERT INTO `seat_reservations` (`created_date`, `fare_class_id`, `flight_id`, `id`, `modified_date`, `created_by`, `modified_by`, `seat_number`, `seat_status`) VALUES ('2025-05-03 01:01:16', 3, 5, 442, '2025-05-03 01:01:16', NULL, NULL, 'STD-2', 'AVAILABLE');
INSERT INTO `seat_reservations` (`created_date`, `fare_class_id`, `flight_id`, `id`, `modified_date`, `created_by`, `modified_by`, `seat_number`, `seat_status`) VALUES ('2025-05-03 01:01:16', 3, 5, 443, '2025-05-03 01:01:16', NULL, NULL, 'STD-3', 'AVAILABLE');
INSERT INTO `seat_reservations` (`created_date`, `fare_class_id`, `flight_id`, `id`, `modified_date`, `created_by`, `modified_by`, `seat_number`, `seat_status`) VALUES ('2025-05-03 01:01:16', 3, 5, 444, '2025-05-03 01:01:16', NULL, NULL, 'STD-4', 'AVAILABLE');
INSERT INTO `seat_reservations` (`created_date`, `fare_class_id`, `flight_id`, `id`, `modified_date`, `created_by`, `modified_by`, `seat_number`, `seat_status`) VALUES ('2025-05-03 01:01:16', 3, 5, 445, '2025-05-03 01:01:16', NULL, NULL, 'STD-5', 'AVAILABLE');
INSERT INTO `seat_reservations` (`created_date`, `fare_class_id`, `flight_id`, `id`, `modified_date`, `created_by`, `modified_by`, `seat_number`, `seat_status`) VALUES ('2025-05-03 01:01:16', 3, 5, 446, '2025-05-03 01:01:16', NULL, NULL, 'STD-6', 'AVAILABLE');
INSERT INTO `seat_reservations` (`created_date`, `fare_class_id`, `flight_id`, `id`, `modified_date`, `created_by`, `modified_by`, `seat_number`, `seat_status`) VALUES ('2025-05-03 01:01:16', 3, 5, 447, '2025-05-03 01:01:16', NULL, NULL, 'STD-7', 'AVAILABLE');
INSERT INTO `seat_reservations` (`created_date`, `fare_class_id`, `flight_id`, `id`, `modified_date`, `created_by`, `modified_by`, `seat_number`, `seat_status`) VALUES ('2025-05-03 01:01:16', 3, 5, 448, '2025-05-03 01:01:16', NULL, NULL, 'STD-8', 'AVAILABLE');
INSERT INTO `seat_reservations` (`created_date`, `fare_class_id`, `flight_id`, `id`, `modified_date`, `created_by`, `modified_by`, `seat_number`, `seat_status`) VALUES ('2025-05-03 01:01:16', 3, 5, 449, '2025-05-03 01:01:16', NULL, NULL, 'STD-9', 'AVAILABLE');
INSERT INTO `seat_reservations` (`created_date`, `fare_class_id`, `flight_id`, `id`, `modified_date`, `created_by`, `modified_by`, `seat_number`, `seat_status`) VALUES ('2025-05-03 01:01:16', 3, 5, 450, '2025-05-03 01:01:16', NULL, NULL, 'STD-10', 'AVAILABLE');
INSERT INTO `seat_reservations` (`created_date`, `fare_class_id`, `flight_id`, `id`, `modified_date`, `created_by`, `modified_by`, `seat_number`, `seat_status`) VALUES ('2025-05-03 01:01:16', 3, 5, 451, '2025-05-03 01:01:16', NULL, NULL, 'STD-11', 'AVAILABLE');
INSERT INTO `seat_reservations` (`created_date`, `fare_class_id`, `flight_id`, `id`, `modified_date`, `created_by`, `modified_by`, `seat_number`, `seat_status`) VALUES ('2025-05-03 01:01:16', 3, 5, 452, '2025-05-03 01:01:16', NULL, NULL, 'STD-12', 'AVAILABLE');
INSERT INTO `seat_reservations` (`created_date`, `fare_class_id`, `flight_id`, `id`, `modified_date`, `created_by`, `modified_by`, `seat_number`, `seat_status`) VALUES ('2025-05-03 01:01:16', 3, 5, 453, '2025-05-03 01:01:16', NULL, NULL, 'STD-13', 'AVAILABLE');
INSERT INTO `seat_reservations` (`created_date`, `fare_class_id`, `flight_id`, `id`, `modified_date`, `created_by`, `modified_by`, `seat_number`, `seat_status`) VALUES ('2025-05-03 01:01:16', 3, 5, 454, '2025-05-03 01:01:16', NULL, NULL, 'STD-14', 'AVAILABLE');
INSERT INTO `seat_reservations` (`created_date`, `fare_class_id`, `flight_id`, `id`, `modified_date`, `created_by`, `modified_by`, `seat_number`, `seat_status`) VALUES ('2025-05-03 01:01:16', 3, 5, 455, '2025-05-03 01:01:16', NULL, NULL, 'STD-15', 'AVAILABLE');
INSERT INTO `seat_reservations` (`created_date`, `fare_class_id`, `flight_id`, `id`, `modified_date`, `created_by`, `modified_by`, `seat_number`, `seat_status`) VALUES ('2025-05-03 01:01:16', 3, 5, 456, '2025-05-03 01:01:16', NULL, NULL, 'STD-16', 'AVAILABLE');
INSERT INTO `seat_reservations` (`created_date`, `fare_class_id`, `flight_id`, `id`, `modified_date`, `created_by`, `modified_by`, `seat_number`, `seat_status`) VALUES ('2025-05-03 01:01:16', 3, 5, 457, '2025-05-03 01:01:16', NULL, NULL, 'STD-17', 'AVAILABLE');
INSERT INTO `seat_reservations` (`created_date`, `fare_class_id`, `flight_id`, `id`, `modified_date`, `created_by`, `modified_by`, `seat_number`, `seat_status`) VALUES ('2025-05-03 01:01:16', 3, 5, 458, '2025-05-03 01:01:16', NULL, NULL, 'STD-18', 'AVAILABLE');
INSERT INTO `seat_reservations` (`created_date`, `fare_class_id`, `flight_id`, `id`, `modified_date`, `created_by`, `modified_by`, `seat_number`, `seat_status`) VALUES ('2025-05-03 01:01:16', 3, 5, 459, '2025-05-03 01:01:16', NULL, NULL, 'STD-19', 'AVAILABLE');
INSERT INTO `seat_reservations` (`created_date`, `fare_class_id`, `flight_id`, `id`, `modified_date`, `created_by`, `modified_by`, `seat_number`, `seat_status`) VALUES ('2025-05-03 01:01:16', 3, 5, 460, '2025-05-03 01:01:16', NULL, NULL, 'STD-20', 'AVAILABLE');
INSERT INTO `seat_reservations` (`created_date`, `fare_class_id`, `flight_id`, `id`, `modified_date`, `created_by`, `modified_by`, `seat_number`, `seat_status`) VALUES ('2025-05-03 01:01:16', 3, 5, 461, '2025-05-03 01:01:16', NULL, NULL, 'STD-21', 'AVAILABLE');
INSERT INTO `seat_reservations` (`created_date`, `fare_class_id`, `flight_id`, `id`, `modified_date`, `created_by`, `modified_by`, `seat_number`, `seat_status`) VALUES ('2025-05-03 01:01:16', 3, 5, 462, '2025-05-03 01:01:16', NULL, NULL, 'STD-22', 'AVAILABLE');
INSERT INTO `seat_reservations` (`created_date`, `fare_class_id`, `flight_id`, `id`, `modified_date`, `created_by`, `modified_by`, `seat_number`, `seat_status`) VALUES ('2025-05-03 01:01:16', 3, 5, 463, '2025-05-03 01:01:16', NULL, NULL, 'STD-23', 'AVAILABLE');
INSERT INTO `seat_reservations` (`created_date`, `fare_class_id`, `flight_id`, `id`, `modified_date`, `created_by`, `modified_by`, `seat_number`, `seat_status`) VALUES ('2025-05-03 01:01:16', 3, 5, 464, '2025-05-03 01:01:16', NULL, NULL, 'STD-24', 'AVAILABLE');
INSERT INTO `seat_reservations` (`created_date`, `fare_class_id`, `flight_id`, `id`, `modified_date`, `created_by`, `modified_by`, `seat_number`, `seat_status`) VALUES ('2025-05-03 01:01:16', 3, 5, 465, '2025-05-03 01:01:16', NULL, NULL, 'STD-25', 'AVAILABLE');
INSERT INTO `seat_reservations` (`created_date`, `fare_class_id`, `flight_id`, `id`, `modified_date`, `created_by`, `modified_by`, `seat_number`, `seat_status`) VALUES ('2025-05-03 01:01:16', 3, 5, 466, '2025-05-03 01:01:16', NULL, NULL, 'STD-26', 'AVAILABLE');
INSERT INTO `seat_reservations` (`created_date`, `fare_class_id`, `flight_id`, `id`, `modified_date`, `created_by`, `modified_by`, `seat_number`, `seat_status`) VALUES ('2025-05-03 01:01:16', 3, 5, 467, '2025-05-03 01:01:16', NULL, NULL, 'STD-27', 'AVAILABLE');
INSERT INTO `seat_reservations` (`created_date`, `fare_class_id`, `flight_id`, `id`, `modified_date`, `created_by`, `modified_by`, `seat_number`, `seat_status`) VALUES ('2025-05-03 01:01:16', 3, 5, 468, '2025-05-03 01:01:16', NULL, NULL, 'STD-28', 'AVAILABLE');
INSERT INTO `seat_reservations` (`created_date`, `fare_class_id`, `flight_id`, `id`, `modified_date`, `created_by`, `modified_by`, `seat_number`, `seat_status`) VALUES ('2025-05-03 01:01:16', 3, 5, 469, '2025-05-03 01:01:16', NULL, NULL, 'STD-29', 'AVAILABLE');
INSERT INTO `seat_reservations` (`created_date`, `fare_class_id`, `flight_id`, `id`, `modified_date`, `created_by`, `modified_by`, `seat_number`, `seat_status`) VALUES ('2025-05-03 01:01:16', 3, 5, 470, '2025-05-03 01:01:16', NULL, NULL, 'STD-30', 'AVAILABLE');
INSERT INTO `seat_reservations` (`created_date`, `fare_class_id`, `flight_id`, `id`, `modified_date`, `created_by`, `modified_by`, `seat_number`, `seat_status`) VALUES ('2025-05-03 01:01:16', 3, 5, 471, '2025-05-03 01:01:16', NULL, NULL, 'STD-31', 'AVAILABLE');
INSERT INTO `seat_reservations` (`created_date`, `fare_class_id`, `flight_id`, `id`, `modified_date`, `created_by`, `modified_by`, `seat_number`, `seat_status`) VALUES ('2025-05-03 01:01:16', 3, 5, 472, '2025-05-03 01:01:16', NULL, NULL, 'STD-32', 'AVAILABLE');
INSERT INTO `seat_reservations` (`created_date`, `fare_class_id`, `flight_id`, `id`, `modified_date`, `created_by`, `modified_by`, `seat_number`, `seat_status`) VALUES ('2025-05-03 01:01:16', 3, 5, 473, '2025-05-03 01:01:16', NULL, NULL, 'STD-33', 'AVAILABLE');
INSERT INTO `seat_reservations` (`created_date`, `fare_class_id`, `flight_id`, `id`, `modified_date`, `created_by`, `modified_by`, `seat_number`, `seat_status`) VALUES ('2025-05-03 01:01:16', 3, 5, 474, '2025-05-03 01:01:16', NULL, NULL, 'STD-34', 'AVAILABLE');
INSERT INTO `seat_reservations` (`created_date`, `fare_class_id`, `flight_id`, `id`, `modified_date`, `created_by`, `modified_by`, `seat_number`, `seat_status`) VALUES ('2025-05-03 01:01:16', 3, 5, 475, '2025-05-03 01:01:16', NULL, NULL, 'STD-35', 'AVAILABLE');
INSERT INTO `seat_reservations` (`created_date`, `fare_class_id`, `flight_id`, `id`, `modified_date`, `created_by`, `modified_by`, `seat_number`, `seat_status`) VALUES ('2025-05-03 01:01:16', 3, 5, 476, '2025-05-03 01:01:16', NULL, NULL, 'STD-36', 'AVAILABLE');
INSERT INTO `seat_reservations` (`created_date`, `fare_class_id`, `flight_id`, `id`, `modified_date`, `created_by`, `modified_by`, `seat_number`, `seat_status`) VALUES ('2025-05-03 01:01:16', 3, 5, 477, '2025-05-03 01:01:16', NULL, NULL, 'STD-37', 'AVAILABLE');
INSERT INTO `seat_reservations` (`created_date`, `fare_class_id`, `flight_id`, `id`, `modified_date`, `created_by`, `modified_by`, `seat_number`, `seat_status`) VALUES ('2025-05-03 01:01:16', 3, 5, 478, '2025-05-03 01:01:16', NULL, NULL, 'STD-38', 'AVAILABLE');
INSERT INTO `seat_reservations` (`created_date`, `fare_class_id`, `flight_id`, `id`, `modified_date`, `created_by`, `modified_by`, `seat_number`, `seat_status`) VALUES ('2025-05-03 01:01:16', 3, 5, 479, '2025-05-03 01:01:16', NULL, NULL, 'STD-39', 'AVAILABLE');
INSERT INTO `seat_reservations` (`created_date`, `fare_class_id`, `flight_id`, `id`, `modified_date`, `created_by`, `modified_by`, `seat_number`, `seat_status`) VALUES ('2025-05-03 01:01:16', 3, 5, 480, '2025-05-03 01:01:16', NULL, NULL, 'STD-40', 'AVAILABLE');
INSERT INTO `seat_reservations` (`created_date`, `fare_class_id`, `flight_id`, `id`, `modified_date`, `created_by`, `modified_by`, `seat_number`, `seat_status`) VALUES ('2025-05-03 01:01:16', 3, 5, 481, '2025-05-03 01:01:16', NULL, NULL, 'STD-41', 'AVAILABLE');
INSERT INTO `seat_reservations` (`created_date`, `fare_class_id`, `flight_id`, `id`, `modified_date`, `created_by`, `modified_by`, `seat_number`, `seat_status`) VALUES ('2025-05-03 01:01:16', 3, 5, 482, '2025-05-03 01:01:16', NULL, NULL, 'STD-42', 'AVAILABLE');
INSERT INTO `seat_reservations` (`created_date`, `fare_class_id`, `flight_id`, `id`, `modified_date`, `created_by`, `modified_by`, `seat_number`, `seat_status`) VALUES ('2025-05-03 01:01:16', 3, 5, 483, '2025-05-03 01:01:16', NULL, NULL, 'STD-43', 'AVAILABLE');
INSERT INTO `seat_reservations` (`created_date`, `fare_class_id`, `flight_id`, `id`, `modified_date`, `created_by`, `modified_by`, `seat_number`, `seat_status`) VALUES ('2025-05-03 01:01:16', 3, 5, 484, '2025-05-03 01:01:16', NULL, NULL, 'STD-44', 'AVAILABLE');
INSERT INTO `seat_reservations` (`created_date`, `fare_class_id`, `flight_id`, `id`, `modified_date`, `created_by`, `modified_by`, `seat_number`, `seat_status`) VALUES ('2025-05-03 01:01:16', 3, 5, 485, '2025-05-03 01:01:16', NULL, NULL, 'STD-45', 'AVAILABLE');
INSERT INTO `seat_reservations` (`created_date`, `fare_class_id`, `flight_id`, `id`, `modified_date`, `created_by`, `modified_by`, `seat_number`, `seat_status`) VALUES ('2025-05-03 01:01:16', 3, 5, 486, '2025-05-03 01:01:16', NULL, NULL, 'STD-46', 'AVAILABLE');
INSERT INTO `seat_reservations` (`created_date`, `fare_class_id`, `flight_id`, `id`, `modified_date`, `created_by`, `modified_by`, `seat_number`, `seat_status`) VALUES ('2025-05-03 01:01:16', 3, 5, 487, '2025-05-03 01:01:16', NULL, NULL, 'STD-47', 'AVAILABLE');
INSERT INTO `seat_reservations` (`created_date`, `fare_class_id`, `flight_id`, `id`, `modified_date`, `created_by`, `modified_by`, `seat_number`, `seat_status`) VALUES ('2025-05-03 01:01:16', 3, 5, 488, '2025-05-03 01:01:16', NULL, NULL, 'STD-48', 'AVAILABLE');
INSERT INTO `seat_reservations` (`created_date`, `fare_class_id`, `flight_id`, `id`, `modified_date`, `created_by`, `modified_by`, `seat_number`, `seat_status`) VALUES ('2025-05-03 01:01:16', 3, 5, 489, '2025-05-03 01:01:16', NULL, NULL, 'STD-49', 'AVAILABLE');
INSERT INTO `seat_reservations` (`created_date`, `fare_class_id`, `flight_id`, `id`, `modified_date`, `created_by`, `modified_by`, `seat_number`, `seat_status`) VALUES ('2025-05-03 01:01:16', 3, 5, 490, '2025-05-03 01:01:16', NULL, NULL, 'STD-50', 'AVAILABLE');
INSERT INTO `seat_reservations` (`created_date`, `fare_class_id`, `flight_id`, `id`, `modified_date`, `created_by`, `modified_by`, `seat_number`, `seat_status`) VALUES ('2025-05-03 01:01:16', 3, 5, 491, '2025-05-03 01:01:16', NULL, NULL, 'STD-51', 'AVAILABLE');
INSERT INTO `seat_reservations` (`created_date`, `fare_class_id`, `flight_id`, `id`, `modified_date`, `created_by`, `modified_by`, `seat_number`, `seat_status`) VALUES ('2025-05-03 01:01:16', 3, 5, 492, '2025-05-03 01:01:16', NULL, NULL, 'STD-52', 'AVAILABLE');
INSERT INTO `seat_reservations` (`created_date`, `fare_class_id`, `flight_id`, `id`, `modified_date`, `created_by`, `modified_by`, `seat_number`, `seat_status`) VALUES ('2025-05-03 01:01:16', 3, 5, 493, '2025-05-03 01:01:16', NULL, NULL, 'STD-53', 'AVAILABLE');
INSERT INTO `seat_reservations` (`created_date`, `fare_class_id`, `flight_id`, `id`, `modified_date`, `created_by`, `modified_by`, `seat_number`, `seat_status`) VALUES ('2025-05-03 01:01:16', 3, 5, 494, '2025-05-03 01:01:16', NULL, NULL, 'STD-54', 'AVAILABLE');
INSERT INTO `seat_reservations` (`created_date`, `fare_class_id`, `flight_id`, `id`, `modified_date`, `created_by`, `modified_by`, `seat_number`, `seat_status`) VALUES ('2025-05-03 01:01:16', 3, 5, 495, '2025-05-03 01:01:16', NULL, NULL, 'STD-55', 'AVAILABLE');
INSERT INTO `seat_reservations` (`created_date`, `fare_class_id`, `flight_id`, `id`, `modified_date`, `created_by`, `modified_by`, `seat_number`, `seat_status`) VALUES ('2025-05-03 01:01:16', 3, 5, 496, '2025-05-03 01:01:16', NULL, NULL, 'STD-56', 'AVAILABLE');
INSERT INTO `seat_reservations` (`created_date`, `fare_class_id`, `flight_id`, `id`, `modified_date`, `created_by`, `modified_by`, `seat_number`, `seat_status`) VALUES ('2025-05-03 01:01:16', 3, 5, 497, '2025-05-03 01:01:16', NULL, NULL, 'STD-57', 'AVAILABLE');
INSERT INTO `seat_reservations` (`created_date`, `fare_class_id`, `flight_id`, `id`, `modified_date`, `created_by`, `modified_by`, `seat_number`, `seat_status`) VALUES ('2025-05-03 01:01:16', 3, 5, 498, '2025-05-03 01:01:16', NULL, NULL, 'STD-58', 'AVAILABLE');
INSERT INTO `seat_reservations` (`created_date`, `fare_class_id`, `flight_id`, `id`, `modified_date`, `created_by`, `modified_by`, `seat_number`, `seat_status`) VALUES ('2025-05-03 01:01:16', 3, 5, 499, '2025-05-03 01:01:16', NULL, NULL, 'STD-59', 'AVAILABLE');
INSERT INTO `seat_reservations` (`created_date`, `fare_class_id`, `flight_id`, `id`, `modified_date`, `created_by`, `modified_by`, `seat_number`, `seat_status`) VALUES ('2025-05-03 01:01:16', 3, 5, 500, '2025-05-03 01:01:16', NULL, NULL, 'STD-60', 'AVAILABLE');
INSERT INTO `seat_reservations` (`created_date`, `fare_class_id`, `flight_id`, `id`, `modified_date`, `created_by`, `modified_by`, `seat_number`, `seat_status`) VALUES ('2025-05-03 01:01:16', 3, 5, 501, '2025-05-03 01:01:16', NULL, NULL, 'STD-61', 'AVAILABLE');
INSERT INTO `seat_reservations` (`created_date`, `fare_class_id`, `flight_id`, `id`, `modified_date`, `created_by`, `modified_by`, `seat_number`, `seat_status`) VALUES ('2025-05-03 01:01:16', 3, 5, 502, '2025-05-03 01:01:16', NULL, NULL, 'STD-62', 'AVAILABLE');
INSERT INTO `seat_reservations` (`created_date`, `fare_class_id`, `flight_id`, `id`, `modified_date`, `created_by`, `modified_by`, `seat_number`, `seat_status`) VALUES ('2025-05-03 01:01:16', 3, 5, 503, '2025-05-03 01:01:16', NULL, NULL, 'STD-63', 'AVAILABLE');
INSERT INTO `seat_reservations` (`created_date`, `fare_class_id`, `flight_id`, `id`, `modified_date`, `created_by`, `modified_by`, `seat_number`, `seat_status`) VALUES ('2025-05-03 01:01:16', 3, 5, 504, '2025-05-03 01:01:16', NULL, NULL, 'STD-64', 'AVAILABLE');
INSERT INTO `seat_reservations` (`created_date`, `fare_class_id`, `flight_id`, `id`, `modified_date`, `created_by`, `modified_by`, `seat_number`, `seat_status`) VALUES ('2025-05-03 01:01:16', 3, 5, 505, '2025-05-03 01:01:16', NULL, NULL, 'STD-65', 'AVAILABLE');
INSERT INTO `seat_reservations` (`created_date`, `fare_class_id`, `flight_id`, `id`, `modified_date`, `created_by`, `modified_by`, `seat_number`, `seat_status`) VALUES ('2025-05-03 01:01:16', 3, 5, 506, '2025-05-03 01:01:16', NULL, NULL, 'STD-66', 'AVAILABLE');
INSERT INTO `seat_reservations` (`created_date`, `fare_class_id`, `flight_id`, `id`, `modified_date`, `created_by`, `modified_by`, `seat_number`, `seat_status`) VALUES ('2025-05-03 01:01:16', 3, 5, 507, '2025-05-03 01:01:16', NULL, NULL, 'STD-67', 'AVAILABLE');
INSERT INTO `seat_reservations` (`created_date`, `fare_class_id`, `flight_id`, `id`, `modified_date`, `created_by`, `modified_by`, `seat_number`, `seat_status`) VALUES ('2025-05-03 01:01:16', 3, 5, 508, '2025-05-03 01:01:16', NULL, NULL, 'STD-68', 'AVAILABLE');
INSERT INTO `seat_reservations` (`created_date`, `fare_class_id`, `flight_id`, `id`, `modified_date`, `created_by`, `modified_by`, `seat_number`, `seat_status`) VALUES ('2025-05-03 01:01:16', 3, 5, 509, '2025-05-03 01:01:16', NULL, NULL, 'STD-69', 'AVAILABLE');
INSERT INTO `seat_reservations` (`created_date`, `fare_class_id`, `flight_id`, `id`, `modified_date`, `created_by`, `modified_by`, `seat_number`, `seat_status`) VALUES ('2025-05-03 01:01:16', 3, 5, 510, '2025-05-03 01:01:16', NULL, NULL, 'STD-70', 'AVAILABLE');
INSERT INTO `seat_reservations` (`created_date`, `fare_class_id`, `flight_id`, `id`, `modified_date`, `created_by`, `modified_by`, `seat_number`, `seat_status`) VALUES ('2025-05-03 01:01:16', 3, 5, 511, '2025-05-03 01:01:16', NULL, NULL, 'STD-71', 'AVAILABLE');
INSERT INTO `seat_reservations` (`created_date`, `fare_class_id`, `flight_id`, `id`, `modified_date`, `created_by`, `modified_by`, `seat_number`, `seat_status`) VALUES ('2025-05-03 01:01:16', 3, 5, 512, '2025-05-03 01:01:16', NULL, NULL, 'STD-72', 'AVAILABLE');
INSERT INTO `seat_reservations` (`created_date`, `fare_class_id`, `flight_id`, `id`, `modified_date`, `created_by`, `modified_by`, `seat_number`, `seat_status`) VALUES ('2025-05-03 01:01:16', 3, 5, 513, '2025-05-03 01:01:16', NULL, NULL, 'STD-73', 'AVAILABLE');
INSERT INTO `seat_reservations` (`created_date`, `fare_class_id`, `flight_id`, `id`, `modified_date`, `created_by`, `modified_by`, `seat_number`, `seat_status`) VALUES ('2025-05-03 01:01:16', 3, 5, 514, '2025-05-03 01:01:16', NULL, NULL, 'STD-74', 'AVAILABLE');
INSERT INTO `seat_reservations` (`created_date`, `fare_class_id`, `flight_id`, `id`, `modified_date`, `created_by`, `modified_by`, `seat_number`, `seat_status`) VALUES ('2025-05-03 01:01:16', 3, 5, 515, '2025-05-03 01:01:16', NULL, NULL, 'STD-75', 'AVAILABLE');
INSERT INTO `seat_reservations` (`created_date`, `fare_class_id`, `flight_id`, `id`, `modified_date`, `created_by`, `modified_by`, `seat_number`, `seat_status`) VALUES ('2025-05-03 01:01:17', 2, 6, 516, '2025-05-03 01:01:17', NULL, NULL, 'BUS-1', 'AVAILABLE');
INSERT INTO `seat_reservations` (`created_date`, `fare_class_id`, `flight_id`, `id`, `modified_date`, `created_by`, `modified_by`, `seat_number`, `seat_status`) VALUES ('2025-05-03 01:01:17', 2, 6, 517, '2025-05-03 01:01:17', NULL, NULL, 'BUS-2', 'AVAILABLE');
INSERT INTO `seat_reservations` (`created_date`, `fare_class_id`, `flight_id`, `id`, `modified_date`, `created_by`, `modified_by`, `seat_number`, `seat_status`) VALUES ('2025-05-03 01:01:17', 2, 6, 518, '2025-05-03 01:01:17', NULL, NULL, 'BUS-3', 'AVAILABLE');
INSERT INTO `seat_reservations` (`created_date`, `fare_class_id`, `flight_id`, `id`, `modified_date`, `created_by`, `modified_by`, `seat_number`, `seat_status`) VALUES ('2025-05-03 01:01:17', 2, 6, 519, '2025-05-03 01:01:17', NULL, NULL, 'BUS-4', 'AVAILABLE');
INSERT INTO `seat_reservations` (`created_date`, `fare_class_id`, `flight_id`, `id`, `modified_date`, `created_by`, `modified_by`, `seat_number`, `seat_status`) VALUES ('2025-05-03 01:01:17', 2, 6, 520, '2025-05-03 01:01:17', NULL, NULL, 'BUS-5', 'AVAILABLE');
INSERT INTO `seat_reservations` (`created_date`, `fare_class_id`, `flight_id`, `id`, `modified_date`, `created_by`, `modified_by`, `seat_number`, `seat_status`) VALUES ('2025-05-03 01:01:17', 2, 6, 521, '2025-05-03 01:01:17', NULL, NULL, 'BUS-6', 'AVAILABLE');
INSERT INTO `seat_reservations` (`created_date`, `fare_class_id`, `flight_id`, `id`, `modified_date`, `created_by`, `modified_by`, `seat_number`, `seat_status`) VALUES ('2025-05-03 01:01:17', 2, 6, 522, '2025-05-03 01:01:17', NULL, NULL, 'BUS-7', 'AVAILABLE');
INSERT INTO `seat_reservations` (`created_date`, `fare_class_id`, `flight_id`, `id`, `modified_date`, `created_by`, `modified_by`, `seat_number`, `seat_status`) VALUES ('2025-05-03 01:01:17', 2, 6, 523, '2025-05-03 01:01:17', NULL, NULL, 'BUS-8', 'AVAILABLE');
INSERT INTO `seat_reservations` (`created_date`, `fare_class_id`, `flight_id`, `id`, `modified_date`, `created_by`, `modified_by`, `seat_number`, `seat_status`) VALUES ('2025-05-03 01:01:17', 2, 6, 524, '2025-05-03 01:01:17', NULL, NULL, 'BUS-9', 'AVAILABLE');
INSERT INTO `seat_reservations` (`created_date`, `fare_class_id`, `flight_id`, `id`, `modified_date`, `created_by`, `modified_by`, `seat_number`, `seat_status`) VALUES ('2025-05-03 01:01:17', 2, 6, 525, '2025-05-03 01:01:17', NULL, NULL, 'BUS-10', 'AVAILABLE');
INSERT INTO `seat_reservations` (`created_date`, `fare_class_id`, `flight_id`, `id`, `modified_date`, `created_by`, `modified_by`, `seat_number`, `seat_status`) VALUES ('2025-05-03 01:01:17', 2, 6, 526, '2025-05-03 01:01:17', NULL, NULL, 'BUS-11', 'AVAILABLE');
INSERT INTO `seat_reservations` (`created_date`, `fare_class_id`, `flight_id`, `id`, `modified_date`, `created_by`, `modified_by`, `seat_number`, `seat_status`) VALUES ('2025-05-03 01:01:17', 2, 6, 527, '2025-05-03 01:01:17', NULL, NULL, 'BUS-12', 'AVAILABLE');
INSERT INTO `seat_reservations` (`created_date`, `fare_class_id`, `flight_id`, `id`, `modified_date`, `created_by`, `modified_by`, `seat_number`, `seat_status`) VALUES ('2025-05-03 01:01:17', 3, 6, 528, '2025-05-03 01:01:17', NULL, NULL, 'STD-1', 'AVAILABLE');
INSERT INTO `seat_reservations` (`created_date`, `fare_class_id`, `flight_id`, `id`, `modified_date`, `created_by`, `modified_by`, `seat_number`, `seat_status`) VALUES ('2025-05-03 01:01:17', 3, 6, 529, '2025-05-03 01:01:17', NULL, NULL, 'STD-2', 'AVAILABLE');
INSERT INTO `seat_reservations` (`created_date`, `fare_class_id`, `flight_id`, `id`, `modified_date`, `created_by`, `modified_by`, `seat_number`, `seat_status`) VALUES ('2025-05-03 01:01:17', 3, 6, 530, '2025-05-03 01:01:17', NULL, NULL, 'STD-3', 'AVAILABLE');
INSERT INTO `seat_reservations` (`created_date`, `fare_class_id`, `flight_id`, `id`, `modified_date`, `created_by`, `modified_by`, `seat_number`, `seat_status`) VALUES ('2025-05-03 01:01:17', 3, 6, 531, '2025-05-03 01:01:17', NULL, NULL, 'STD-4', 'AVAILABLE');
INSERT INTO `seat_reservations` (`created_date`, `fare_class_id`, `flight_id`, `id`, `modified_date`, `created_by`, `modified_by`, `seat_number`, `seat_status`) VALUES ('2025-05-03 01:01:17', 3, 6, 532, '2025-05-03 01:01:17', NULL, NULL, 'STD-5', 'AVAILABLE');
INSERT INTO `seat_reservations` (`created_date`, `fare_class_id`, `flight_id`, `id`, `modified_date`, `created_by`, `modified_by`, `seat_number`, `seat_status`) VALUES ('2025-05-03 01:01:17', 3, 6, 533, '2025-05-03 01:01:17', NULL, NULL, 'STD-6', 'AVAILABLE');
INSERT INTO `seat_reservations` (`created_date`, `fare_class_id`, `flight_id`, `id`, `modified_date`, `created_by`, `modified_by`, `seat_number`, `seat_status`) VALUES ('2025-05-03 01:01:17', 3, 6, 534, '2025-05-03 01:01:17', NULL, NULL, 'STD-7', 'AVAILABLE');
INSERT INTO `seat_reservations` (`created_date`, `fare_class_id`, `flight_id`, `id`, `modified_date`, `created_by`, `modified_by`, `seat_number`, `seat_status`) VALUES ('2025-05-03 01:01:17', 3, 6, 535, '2025-05-03 01:01:17', NULL, NULL, 'STD-8', 'AVAILABLE');
INSERT INTO `seat_reservations` (`created_date`, `fare_class_id`, `flight_id`, `id`, `modified_date`, `created_by`, `modified_by`, `seat_number`, `seat_status`) VALUES ('2025-05-03 01:01:17', 3, 6, 536, '2025-05-03 01:01:17', NULL, NULL, 'STD-9', 'AVAILABLE');
INSERT INTO `seat_reservations` (`created_date`, `fare_class_id`, `flight_id`, `id`, `modified_date`, `created_by`, `modified_by`, `seat_number`, `seat_status`) VALUES ('2025-05-03 01:01:17', 3, 6, 537, '2025-05-03 01:01:17', NULL, NULL, 'STD-10', 'AVAILABLE');
INSERT INTO `seat_reservations` (`created_date`, `fare_class_id`, `flight_id`, `id`, `modified_date`, `created_by`, `modified_by`, `seat_number`, `seat_status`) VALUES ('2025-05-03 01:01:17', 3, 6, 538, '2025-05-03 01:01:17', NULL, NULL, 'STD-11', 'AVAILABLE');
INSERT INTO `seat_reservations` (`created_date`, `fare_class_id`, `flight_id`, `id`, `modified_date`, `created_by`, `modified_by`, `seat_number`, `seat_status`) VALUES ('2025-05-03 01:01:17', 3, 6, 539, '2025-05-03 01:01:17', NULL, NULL, 'STD-12', 'AVAILABLE');
INSERT INTO `seat_reservations` (`created_date`, `fare_class_id`, `flight_id`, `id`, `modified_date`, `created_by`, `modified_by`, `seat_number`, `seat_status`) VALUES ('2025-05-03 01:01:17', 3, 6, 540, '2025-05-03 01:01:17', NULL, NULL, 'STD-13', 'AVAILABLE');
INSERT INTO `seat_reservations` (`created_date`, `fare_class_id`, `flight_id`, `id`, `modified_date`, `created_by`, `modified_by`, `seat_number`, `seat_status`) VALUES ('2025-05-03 01:01:17', 3, 6, 541, '2025-05-03 01:01:17', NULL, NULL, 'STD-14', 'AVAILABLE');
INSERT INTO `seat_reservations` (`created_date`, `fare_class_id`, `flight_id`, `id`, `modified_date`, `created_by`, `modified_by`, `seat_number`, `seat_status`) VALUES ('2025-05-03 01:01:17', 3, 6, 542, '2025-05-03 01:01:17', NULL, NULL, 'STD-15', 'AVAILABLE');
INSERT INTO `seat_reservations` (`created_date`, `fare_class_id`, `flight_id`, `id`, `modified_date`, `created_by`, `modified_by`, `seat_number`, `seat_status`) VALUES ('2025-05-03 01:01:17', 3, 6, 543, '2025-05-03 01:01:17', NULL, NULL, 'STD-16', 'AVAILABLE');
INSERT INTO `seat_reservations` (`created_date`, `fare_class_id`, `flight_id`, `id`, `modified_date`, `created_by`, `modified_by`, `seat_number`, `seat_status`) VALUES ('2025-05-03 01:01:17', 3, 6, 544, '2025-05-03 01:01:17', NULL, NULL, 'STD-17', 'AVAILABLE');
INSERT INTO `seat_reservations` (`created_date`, `fare_class_id`, `flight_id`, `id`, `modified_date`, `created_by`, `modified_by`, `seat_number`, `seat_status`) VALUES ('2025-05-03 01:01:17', 3, 6, 545, '2025-05-03 01:01:17', NULL, NULL, 'STD-18', 'AVAILABLE');
INSERT INTO `seat_reservations` (`created_date`, `fare_class_id`, `flight_id`, `id`, `modified_date`, `created_by`, `modified_by`, `seat_number`, `seat_status`) VALUES ('2025-05-03 01:01:17', 3, 6, 546, '2025-05-03 01:01:17', NULL, NULL, 'STD-19', 'AVAILABLE');
INSERT INTO `seat_reservations` (`created_date`, `fare_class_id`, `flight_id`, `id`, `modified_date`, `created_by`, `modified_by`, `seat_number`, `seat_status`) VALUES ('2025-05-03 01:01:17', 3, 6, 547, '2025-05-03 01:01:17', NULL, NULL, 'STD-20', 'AVAILABLE');
INSERT INTO `seat_reservations` (`created_date`, `fare_class_id`, `flight_id`, `id`, `modified_date`, `created_by`, `modified_by`, `seat_number`, `seat_status`) VALUES ('2025-05-03 01:01:17', 3, 6, 548, '2025-05-03 01:01:17', NULL, NULL, 'STD-21', 'AVAILABLE');
INSERT INTO `seat_reservations` (`created_date`, `fare_class_id`, `flight_id`, `id`, `modified_date`, `created_by`, `modified_by`, `seat_number`, `seat_status`) VALUES ('2025-05-03 01:01:17', 3, 6, 549, '2025-05-03 01:01:17', NULL, NULL, 'STD-22', 'AVAILABLE');
INSERT INTO `seat_reservations` (`created_date`, `fare_class_id`, `flight_id`, `id`, `modified_date`, `created_by`, `modified_by`, `seat_number`, `seat_status`) VALUES ('2025-05-03 01:01:17', 3, 6, 550, '2025-05-03 01:01:17', NULL, NULL, 'STD-23', 'AVAILABLE');
INSERT INTO `seat_reservations` (`created_date`, `fare_class_id`, `flight_id`, `id`, `modified_date`, `created_by`, `modified_by`, `seat_number`, `seat_status`) VALUES ('2025-05-03 01:01:17', 3, 6, 551, '2025-05-03 01:01:17', NULL, NULL, 'STD-24', 'AVAILABLE');
INSERT INTO `seat_reservations` (`created_date`, `fare_class_id`, `flight_id`, `id`, `modified_date`, `created_by`, `modified_by`, `seat_number`, `seat_status`) VALUES ('2025-05-03 01:01:17', 3, 6, 552, '2025-05-03 01:01:17', NULL, NULL, 'STD-25', 'AVAILABLE');
INSERT INTO `seat_reservations` (`created_date`, `fare_class_id`, `flight_id`, `id`, `modified_date`, `created_by`, `modified_by`, `seat_number`, `seat_status`) VALUES ('2025-05-03 01:01:17', 2, 7, 553, '2025-05-03 01:01:18', NULL, NULL, 'BUS-1', 'AVAILABLE');
INSERT INTO `seat_reservations` (`created_date`, `fare_class_id`, `flight_id`, `id`, `modified_date`, `created_by`, `modified_by`, `seat_number`, `seat_status`) VALUES ('2025-05-03 01:01:17', 2, 7, 554, '2025-05-03 01:01:18', NULL, NULL, 'BUS-2', 'AVAILABLE');
INSERT INTO `seat_reservations` (`created_date`, `fare_class_id`, `flight_id`, `id`, `modified_date`, `created_by`, `modified_by`, `seat_number`, `seat_status`) VALUES ('2025-05-03 01:01:17', 2, 7, 555, '2025-05-03 01:01:18', NULL, NULL, 'BUS-3', 'AVAILABLE');
INSERT INTO `seat_reservations` (`created_date`, `fare_class_id`, `flight_id`, `id`, `modified_date`, `created_by`, `modified_by`, `seat_number`, `seat_status`) VALUES ('2025-05-03 01:01:17', 2, 7, 556, '2025-05-03 01:01:18', NULL, NULL, 'BUS-4', 'AVAILABLE');
INSERT INTO `seat_reservations` (`created_date`, `fare_class_id`, `flight_id`, `id`, `modified_date`, `created_by`, `modified_by`, `seat_number`, `seat_status`) VALUES ('2025-05-03 01:01:17', 2, 7, 557, '2025-05-03 01:01:18', NULL, NULL, 'BUS-5', 'AVAILABLE');
INSERT INTO `seat_reservations` (`created_date`, `fare_class_id`, `flight_id`, `id`, `modified_date`, `created_by`, `modified_by`, `seat_number`, `seat_status`) VALUES ('2025-05-03 01:01:17', 2, 7, 558, '2025-05-03 01:01:18', NULL, NULL, 'BUS-6', 'AVAILABLE');
INSERT INTO `seat_reservations` (`created_date`, `fare_class_id`, `flight_id`, `id`, `modified_date`, `created_by`, `modified_by`, `seat_number`, `seat_status`) VALUES ('2025-05-03 01:01:17', 2, 7, 559, '2025-05-03 01:01:18', NULL, NULL, 'BUS-7', 'AVAILABLE');
INSERT INTO `seat_reservations` (`created_date`, `fare_class_id`, `flight_id`, `id`, `modified_date`, `created_by`, `modified_by`, `seat_number`, `seat_status`) VALUES ('2025-05-03 01:01:17', 2, 7, 560, '2025-05-03 01:01:18', NULL, NULL, 'BUS-8', 'AVAILABLE');
INSERT INTO `seat_reservations` (`created_date`, `fare_class_id`, `flight_id`, `id`, `modified_date`, `created_by`, `modified_by`, `seat_number`, `seat_status`) VALUES ('2025-05-03 01:01:17', 2, 7, 561, '2025-05-03 01:01:18', NULL, NULL, 'BUS-9', 'AVAILABLE');
INSERT INTO `seat_reservations` (`created_date`, `fare_class_id`, `flight_id`, `id`, `modified_date`, `created_by`, `modified_by`, `seat_number`, `seat_status`) VALUES ('2025-05-03 01:01:17', 2, 7, 562, '2025-05-03 01:01:18', NULL, NULL, 'BUS-10', 'AVAILABLE');
INSERT INTO `seat_reservations` (`created_date`, `fare_class_id`, `flight_id`, `id`, `modified_date`, `created_by`, `modified_by`, `seat_number`, `seat_status`) VALUES ('2025-05-03 01:01:17', 2, 7, 563, '2025-05-03 01:01:18', NULL, NULL, 'BUS-11', 'AVAILABLE');
INSERT INTO `seat_reservations` (`created_date`, `fare_class_id`, `flight_id`, `id`, `modified_date`, `created_by`, `modified_by`, `seat_number`, `seat_status`) VALUES ('2025-05-03 01:01:17', 2, 7, 564, '2025-05-03 01:01:18', NULL, NULL, 'BUS-12', 'AVAILABLE');
INSERT INTO `seat_reservations` (`created_date`, `fare_class_id`, `flight_id`, `id`, `modified_date`, `created_by`, `modified_by`, `seat_number`, `seat_status`) VALUES ('2025-05-03 01:01:17', 2, 7, 565, '2025-05-03 01:01:18', NULL, NULL, 'BUS-13', 'AVAILABLE');
INSERT INTO `seat_reservations` (`created_date`, `fare_class_id`, `flight_id`, `id`, `modified_date`, `created_by`, `modified_by`, `seat_number`, `seat_status`) VALUES ('2025-05-03 01:01:17', 2, 7, 566, '2025-05-03 01:01:18', NULL, NULL, 'BUS-14', 'AVAILABLE');
INSERT INTO `seat_reservations` (`created_date`, `fare_class_id`, `flight_id`, `id`, `modified_date`, `created_by`, `modified_by`, `seat_number`, `seat_status`) VALUES ('2025-05-03 01:01:17', 2, 7, 567, '2025-05-03 01:01:18', NULL, NULL, 'BUS-15', 'AVAILABLE');
INSERT INTO `seat_reservations` (`created_date`, `fare_class_id`, `flight_id`, `id`, `modified_date`, `created_by`, `modified_by`, `seat_number`, `seat_status`) VALUES ('2025-05-03 01:01:17', 2, 7, 568, '2025-05-03 01:01:18', NULL, NULL, 'BUS-16', 'AVAILABLE');
INSERT INTO `seat_reservations` (`created_date`, `fare_class_id`, `flight_id`, `id`, `modified_date`, `created_by`, `modified_by`, `seat_number`, `seat_status`) VALUES ('2025-05-03 01:01:17', 2, 7, 569, '2025-05-03 01:01:18', NULL, NULL, 'BUS-17', 'AVAILABLE');
INSERT INTO `seat_reservations` (`created_date`, `fare_class_id`, `flight_id`, `id`, `modified_date`, `created_by`, `modified_by`, `seat_number`, `seat_status`) VALUES ('2025-05-03 01:01:17', 2, 7, 570, '2025-05-03 01:01:18', NULL, NULL, 'BUS-18', 'AVAILABLE');
INSERT INTO `seat_reservations` (`created_date`, `fare_class_id`, `flight_id`, `id`, `modified_date`, `created_by`, `modified_by`, `seat_number`, `seat_status`) VALUES ('2025-05-03 01:01:17', 2, 7, 571, '2025-05-03 01:01:18', NULL, NULL, 'BUS-19', 'AVAILABLE');
INSERT INTO `seat_reservations` (`created_date`, `fare_class_id`, `flight_id`, `id`, `modified_date`, `created_by`, `modified_by`, `seat_number`, `seat_status`) VALUES ('2025-05-03 01:01:17', 2, 7, 572, '2025-05-03 01:01:18', NULL, NULL, 'BUS-20', 'AVAILABLE');
INSERT INTO `seat_reservations` (`created_date`, `fare_class_id`, `flight_id`, `id`, `modified_date`, `created_by`, `modified_by`, `seat_number`, `seat_status`) VALUES ('2025-05-03 01:01:17', 2, 7, 573, '2025-05-03 01:01:18', NULL, NULL, 'BUS-21', 'AVAILABLE');
INSERT INTO `seat_reservations` (`created_date`, `fare_class_id`, `flight_id`, `id`, `modified_date`, `created_by`, `modified_by`, `seat_number`, `seat_status`) VALUES ('2025-05-03 01:01:17', 2, 7, 574, '2025-05-03 01:01:18', NULL, NULL, 'BUS-22', 'AVAILABLE');
INSERT INTO `seat_reservations` (`created_date`, `fare_class_id`, `flight_id`, `id`, `modified_date`, `created_by`, `modified_by`, `seat_number`, `seat_status`) VALUES ('2025-05-03 01:01:17', 2, 7, 575, '2025-05-03 01:01:18', NULL, NULL, 'BUS-23', 'AVAILABLE');
INSERT INTO `seat_reservations` (`created_date`, `fare_class_id`, `flight_id`, `id`, `modified_date`, `created_by`, `modified_by`, `seat_number`, `seat_status`) VALUES ('2025-05-03 01:01:17', 2, 7, 576, '2025-05-03 01:01:18', NULL, NULL, 'BUS-24', 'AVAILABLE');
INSERT INTO `seat_reservations` (`created_date`, `fare_class_id`, `flight_id`, `id`, `modified_date`, `created_by`, `modified_by`, `seat_number`, `seat_status`) VALUES ('2025-05-03 01:01:17', 2, 7, 577, '2025-05-03 01:01:18', NULL, NULL, 'BUS-25', 'AVAILABLE');
INSERT INTO `seat_reservations` (`created_date`, `fare_class_id`, `flight_id`, `id`, `modified_date`, `created_by`, `modified_by`, `seat_number`, `seat_status`) VALUES ('2025-05-03 01:01:17', 2, 7, 578, '2025-05-03 01:01:18', NULL, NULL, 'BUS-26', 'AVAILABLE');
INSERT INTO `seat_reservations` (`created_date`, `fare_class_id`, `flight_id`, `id`, `modified_date`, `created_by`, `modified_by`, `seat_number`, `seat_status`) VALUES ('2025-05-03 01:01:17', 2, 7, 579, '2025-05-03 01:01:18', NULL, NULL, 'BUS-27', 'AVAILABLE');
INSERT INTO `seat_reservations` (`created_date`, `fare_class_id`, `flight_id`, `id`, `modified_date`, `created_by`, `modified_by`, `seat_number`, `seat_status`) VALUES ('2025-05-03 01:01:17', 2, 7, 580, '2025-05-03 01:01:18', NULL, NULL, 'BUS-28', 'AVAILABLE');
INSERT INTO `seat_reservations` (`created_date`, `fare_class_id`, `flight_id`, `id`, `modified_date`, `created_by`, `modified_by`, `seat_number`, `seat_status`) VALUES ('2025-05-03 01:01:17', 2, 7, 581, '2025-05-03 01:01:18', NULL, NULL, 'BUS-29', 'AVAILABLE');
INSERT INTO `seat_reservations` (`created_date`, `fare_class_id`, `flight_id`, `id`, `modified_date`, `created_by`, `modified_by`, `seat_number`, `seat_status`) VALUES ('2025-05-03 01:01:17', 2, 7, 582, '2025-05-03 01:01:18', NULL, NULL, 'BUS-30', 'AVAILABLE');
INSERT INTO `seat_reservations` (`created_date`, `fare_class_id`, `flight_id`, `id`, `modified_date`, `created_by`, `modified_by`, `seat_number`, `seat_status`) VALUES ('2025-05-03 01:01:17', 2, 7, 583, '2025-05-03 01:01:18', NULL, NULL, 'BUS-31', 'AVAILABLE');
INSERT INTO `seat_reservations` (`created_date`, `fare_class_id`, `flight_id`, `id`, `modified_date`, `created_by`, `modified_by`, `seat_number`, `seat_status`) VALUES ('2025-05-03 01:01:17', 2, 7, 584, '2025-05-03 01:01:18', NULL, NULL, 'BUS-32', 'AVAILABLE');
INSERT INTO `seat_reservations` (`created_date`, `fare_class_id`, `flight_id`, `id`, `modified_date`, `created_by`, `modified_by`, `seat_number`, `seat_status`) VALUES ('2025-05-03 01:01:17', 2, 7, 585, '2025-05-03 01:01:18', NULL, NULL, 'BUS-33', 'AVAILABLE');
INSERT INTO `seat_reservations` (`created_date`, `fare_class_id`, `flight_id`, `id`, `modified_date`, `created_by`, `modified_by`, `seat_number`, `seat_status`) VALUES ('2025-05-03 01:01:17', 2, 7, 586, '2025-05-03 01:01:18', NULL, NULL, 'BUS-34', 'AVAILABLE');
INSERT INTO `seat_reservations` (`created_date`, `fare_class_id`, `flight_id`, `id`, `modified_date`, `created_by`, `modified_by`, `seat_number`, `seat_status`) VALUES ('2025-05-03 01:01:17', 2, 7, 587, '2025-05-03 01:01:18', NULL, NULL, 'BUS-35', 'AVAILABLE');
INSERT INTO `seat_reservations` (`created_date`, `fare_class_id`, `flight_id`, `id`, `modified_date`, `created_by`, `modified_by`, `seat_number`, `seat_status`) VALUES ('2025-05-03 01:01:17', 2, 7, 588, '2025-05-03 01:01:18', NULL, NULL, 'BUS-36', 'AVAILABLE');
INSERT INTO `seat_reservations` (`created_date`, `fare_class_id`, `flight_id`, `id`, `modified_date`, `created_by`, `modified_by`, `seat_number`, `seat_status`) VALUES ('2025-05-03 01:01:17', 2, 7, 589, '2025-05-03 01:01:18', NULL, NULL, 'BUS-37', 'AVAILABLE');
INSERT INTO `seat_reservations` (`created_date`, `fare_class_id`, `flight_id`, `id`, `modified_date`, `created_by`, `modified_by`, `seat_number`, `seat_status`) VALUES ('2025-05-03 01:01:17', 2, 7, 590, '2025-05-03 01:01:18', NULL, NULL, 'BUS-38', 'AVAILABLE');
INSERT INTO `seat_reservations` (`created_date`, `fare_class_id`, `flight_id`, `id`, `modified_date`, `created_by`, `modified_by`, `seat_number`, `seat_status`) VALUES ('2025-05-03 01:01:17', 2, 7, 591, '2025-05-03 01:01:18', NULL, NULL, 'BUS-39', 'AVAILABLE');
INSERT INTO `seat_reservations` (`created_date`, `fare_class_id`, `flight_id`, `id`, `modified_date`, `created_by`, `modified_by`, `seat_number`, `seat_status`) VALUES ('2025-05-03 01:01:17', 2, 7, 592, '2025-05-03 01:01:18', NULL, NULL, 'BUS-40', 'AVAILABLE');
INSERT INTO `seat_reservations` (`created_date`, `fare_class_id`, `flight_id`, `id`, `modified_date`, `created_by`, `modified_by`, `seat_number`, `seat_status`) VALUES ('2025-05-03 01:01:17', 2, 7, 593, '2025-05-03 01:01:18', NULL, NULL, 'BUS-41', 'AVAILABLE');
INSERT INTO `seat_reservations` (`created_date`, `fare_class_id`, `flight_id`, `id`, `modified_date`, `created_by`, `modified_by`, `seat_number`, `seat_status`) VALUES ('2025-05-03 01:01:17', 2, 7, 594, '2025-05-03 01:01:18', NULL, NULL, 'BUS-42', 'AVAILABLE');
INSERT INTO `seat_reservations` (`created_date`, `fare_class_id`, `flight_id`, `id`, `modified_date`, `created_by`, `modified_by`, `seat_number`, `seat_status`) VALUES ('2025-05-03 01:01:17', 2, 7, 595, '2025-05-03 01:01:18', NULL, NULL, 'BUS-43', 'AVAILABLE');
INSERT INTO `seat_reservations` (`created_date`, `fare_class_id`, `flight_id`, `id`, `modified_date`, `created_by`, `modified_by`, `seat_number`, `seat_status`) VALUES ('2025-05-03 01:01:17', 2, 7, 596, '2025-05-03 01:01:18', NULL, NULL, 'BUS-44', 'AVAILABLE');
INSERT INTO `seat_reservations` (`created_date`, `fare_class_id`, `flight_id`, `id`, `modified_date`, `created_by`, `modified_by`, `seat_number`, `seat_status`) VALUES ('2025-05-03 01:01:17', 2, 7, 597, '2025-05-03 01:01:18', NULL, NULL, 'BUS-45', 'AVAILABLE');
INSERT INTO `seat_reservations` (`created_date`, `fare_class_id`, `flight_id`, `id`, `modified_date`, `created_by`, `modified_by`, `seat_number`, `seat_status`) VALUES ('2025-05-03 01:01:17', 2, 7, 598, '2025-05-03 01:01:18', NULL, NULL, 'BUS-46', 'AVAILABLE');
INSERT INTO `seat_reservations` (`created_date`, `fare_class_id`, `flight_id`, `id`, `modified_date`, `created_by`, `modified_by`, `seat_number`, `seat_status`) VALUES ('2025-05-03 01:01:17', 2, 7, 599, '2025-05-03 01:01:18', NULL, NULL, 'BUS-47', 'AVAILABLE');
INSERT INTO `seat_reservations` (`created_date`, `fare_class_id`, `flight_id`, `id`, `modified_date`, `created_by`, `modified_by`, `seat_number`, `seat_status`) VALUES ('2025-05-03 01:01:17', 2, 7, 600, '2025-05-03 01:01:18', NULL, NULL, 'BUS-48', 'AVAILABLE');
INSERT INTO `seat_reservations` (`created_date`, `fare_class_id`, `flight_id`, `id`, `modified_date`, `created_by`, `modified_by`, `seat_number`, `seat_status`) VALUES ('2025-05-03 01:01:17', 3, 7, 601, '2025-05-03 01:01:18', NULL, NULL, 'STD-1', 'AVAILABLE');
INSERT INTO `seat_reservations` (`created_date`, `fare_class_id`, `flight_id`, `id`, `modified_date`, `created_by`, `modified_by`, `seat_number`, `seat_status`) VALUES ('2025-05-03 01:01:17', 3, 7, 602, '2025-05-03 01:01:18', NULL, NULL, 'STD-2', 'AVAILABLE');
INSERT INTO `seat_reservations` (`created_date`, `fare_class_id`, `flight_id`, `id`, `modified_date`, `created_by`, `modified_by`, `seat_number`, `seat_status`) VALUES ('2025-05-03 01:01:17', 3, 7, 603, '2025-05-03 01:01:18', NULL, NULL, 'STD-3', 'AVAILABLE');
INSERT INTO `seat_reservations` (`created_date`, `fare_class_id`, `flight_id`, `id`, `modified_date`, `created_by`, `modified_by`, `seat_number`, `seat_status`) VALUES ('2025-05-03 01:01:17', 3, 7, 604, '2025-05-03 01:01:18', NULL, NULL, 'STD-4', 'AVAILABLE');
INSERT INTO `seat_reservations` (`created_date`, `fare_class_id`, `flight_id`, `id`, `modified_date`, `created_by`, `modified_by`, `seat_number`, `seat_status`) VALUES ('2025-05-03 01:01:17', 3, 7, 605, '2025-05-03 01:01:18', NULL, NULL, 'STD-5', 'AVAILABLE');
INSERT INTO `seat_reservations` (`created_date`, `fare_class_id`, `flight_id`, `id`, `modified_date`, `created_by`, `modified_by`, `seat_number`, `seat_status`) VALUES ('2025-05-03 01:01:17', 3, 7, 606, '2025-05-03 01:01:18', NULL, NULL, 'STD-6', 'AVAILABLE');
INSERT INTO `seat_reservations` (`created_date`, `fare_class_id`, `flight_id`, `id`, `modified_date`, `created_by`, `modified_by`, `seat_number`, `seat_status`) VALUES ('2025-05-03 01:01:17', 3, 7, 607, '2025-05-03 01:01:18', NULL, NULL, 'STD-7', 'AVAILABLE');
INSERT INTO `seat_reservations` (`created_date`, `fare_class_id`, `flight_id`, `id`, `modified_date`, `created_by`, `modified_by`, `seat_number`, `seat_status`) VALUES ('2025-05-03 01:01:17', 3, 7, 608, '2025-05-03 01:01:18', NULL, NULL, 'STD-8', 'AVAILABLE');
INSERT INTO `seat_reservations` (`created_date`, `fare_class_id`, `flight_id`, `id`, `modified_date`, `created_by`, `modified_by`, `seat_number`, `seat_status`) VALUES ('2025-05-03 01:01:17', 3, 7, 609, '2025-05-03 01:01:18', NULL, NULL, 'STD-9', 'AVAILABLE');
INSERT INTO `seat_reservations` (`created_date`, `fare_class_id`, `flight_id`, `id`, `modified_date`, `created_by`, `modified_by`, `seat_number`, `seat_status`) VALUES ('2025-05-03 01:01:17', 3, 7, 610, '2025-05-03 01:01:18', NULL, NULL, 'STD-10', 'AVAILABLE');
INSERT INTO `seat_reservations` (`created_date`, `fare_class_id`, `flight_id`, `id`, `modified_date`, `created_by`, `modified_by`, `seat_number`, `seat_status`) VALUES ('2025-05-03 01:01:17', 3, 7, 611, '2025-05-03 01:01:18', NULL, NULL, 'STD-11', 'AVAILABLE');
INSERT INTO `seat_reservations` (`created_date`, `fare_class_id`, `flight_id`, `id`, `modified_date`, `created_by`, `modified_by`, `seat_number`, `seat_status`) VALUES ('2025-05-03 01:01:17', 3, 7, 612, '2025-05-03 01:01:18', NULL, NULL, 'STD-12', 'AVAILABLE');
INSERT INTO `seat_reservations` (`created_date`, `fare_class_id`, `flight_id`, `id`, `modified_date`, `created_by`, `modified_by`, `seat_number`, `seat_status`) VALUES ('2025-05-03 01:01:17', 3, 7, 613, '2025-05-03 01:01:18', NULL, NULL, 'STD-13', 'AVAILABLE');
INSERT INTO `seat_reservations` (`created_date`, `fare_class_id`, `flight_id`, `id`, `modified_date`, `created_by`, `modified_by`, `seat_number`, `seat_status`) VALUES ('2025-05-03 01:01:17', 3, 7, 614, '2025-05-03 01:01:18', NULL, NULL, 'STD-14', 'AVAILABLE');
INSERT INTO `seat_reservations` (`created_date`, `fare_class_id`, `flight_id`, `id`, `modified_date`, `created_by`, `modified_by`, `seat_number`, `seat_status`) VALUES ('2025-05-03 01:01:17', 3, 7, 615, '2025-05-03 01:01:18', NULL, NULL, 'STD-15', 'AVAILABLE');
INSERT INTO `seat_reservations` (`created_date`, `fare_class_id`, `flight_id`, `id`, `modified_date`, `created_by`, `modified_by`, `seat_number`, `seat_status`) VALUES ('2025-05-03 01:01:18', 3, 7, 616, '2025-05-03 01:01:18', NULL, NULL, 'STD-16', 'AVAILABLE');
INSERT INTO `seat_reservations` (`created_date`, `fare_class_id`, `flight_id`, `id`, `modified_date`, `created_by`, `modified_by`, `seat_number`, `seat_status`) VALUES ('2025-05-03 01:01:18', 3, 7, 617, '2025-05-03 01:01:18', NULL, NULL, 'STD-17', 'AVAILABLE');
INSERT INTO `seat_reservations` (`created_date`, `fare_class_id`, `flight_id`, `id`, `modified_date`, `created_by`, `modified_by`, `seat_number`, `seat_status`) VALUES ('2025-05-03 01:01:18', 3, 7, 618, '2025-05-03 01:01:18', NULL, NULL, 'STD-18', 'AVAILABLE');
INSERT INTO `seat_reservations` (`created_date`, `fare_class_id`, `flight_id`, `id`, `modified_date`, `created_by`, `modified_by`, `seat_number`, `seat_status`) VALUES ('2025-05-03 01:01:18', 3, 7, 619, '2025-05-03 01:01:18', NULL, NULL, 'STD-19', 'AVAILABLE');
INSERT INTO `seat_reservations` (`created_date`, `fare_class_id`, `flight_id`, `id`, `modified_date`, `created_by`, `modified_by`, `seat_number`, `seat_status`) VALUES ('2025-05-03 01:01:18', 3, 7, 620, '2025-05-03 01:01:18', NULL, NULL, 'STD-20', 'AVAILABLE');
INSERT INTO `seat_reservations` (`created_date`, `fare_class_id`, `flight_id`, `id`, `modified_date`, `created_by`, `modified_by`, `seat_number`, `seat_status`) VALUES ('2025-05-03 01:01:18', 3, 7, 621, '2025-05-03 01:01:18', NULL, NULL, 'STD-21', 'AVAILABLE');
INSERT INTO `seat_reservations` (`created_date`, `fare_class_id`, `flight_id`, `id`, `modified_date`, `created_by`, `modified_by`, `seat_number`, `seat_status`) VALUES ('2025-05-03 01:01:18', 3, 7, 622, '2025-05-03 01:01:18', NULL, NULL, 'STD-22', 'AVAILABLE');
INSERT INTO `seat_reservations` (`created_date`, `fare_class_id`, `flight_id`, `id`, `modified_date`, `created_by`, `modified_by`, `seat_number`, `seat_status`) VALUES ('2025-05-03 01:01:18', 3, 7, 623, '2025-05-03 01:01:18', NULL, NULL, 'STD-23', 'AVAILABLE');
INSERT INTO `seat_reservations` (`created_date`, `fare_class_id`, `flight_id`, `id`, `modified_date`, `created_by`, `modified_by`, `seat_number`, `seat_status`) VALUES ('2025-05-03 01:01:18', 3, 7, 624, '2025-05-03 01:01:18', NULL, NULL, 'STD-24', 'AVAILABLE');
INSERT INTO `seat_reservations` (`created_date`, `fare_class_id`, `flight_id`, `id`, `modified_date`, `created_by`, `modified_by`, `seat_number`, `seat_status`) VALUES ('2025-05-03 01:01:18', 3, 7, 625, '2025-05-03 01:01:18', NULL, NULL, 'STD-25', 'AVAILABLE');
INSERT INTO `seat_reservations` (`created_date`, `fare_class_id`, `flight_id`, `id`, `modified_date`, `created_by`, `modified_by`, `seat_number`, `seat_status`) VALUES ('2025-05-03 01:01:18', 3, 7, 626, '2025-05-03 01:01:18', NULL, NULL, 'STD-26', 'AVAILABLE');
INSERT INTO `seat_reservations` (`created_date`, `fare_class_id`, `flight_id`, `id`, `modified_date`, `created_by`, `modified_by`, `seat_number`, `seat_status`) VALUES ('2025-05-03 01:01:18', 3, 7, 627, '2025-05-03 01:01:18', NULL, NULL, 'STD-27', 'AVAILABLE');
INSERT INTO `seat_reservations` (`created_date`, `fare_class_id`, `flight_id`, `id`, `modified_date`, `created_by`, `modified_by`, `seat_number`, `seat_status`) VALUES ('2025-05-03 01:01:18', 3, 7, 628, '2025-05-03 01:01:18', NULL, NULL, 'STD-28', 'AVAILABLE');
INSERT INTO `seat_reservations` (`created_date`, `fare_class_id`, `flight_id`, `id`, `modified_date`, `created_by`, `modified_by`, `seat_number`, `seat_status`) VALUES ('2025-05-03 01:01:18', 3, 7, 629, '2025-05-03 01:01:18', NULL, NULL, 'STD-29', 'AVAILABLE');
INSERT INTO `seat_reservations` (`created_date`, `fare_class_id`, `flight_id`, `id`, `modified_date`, `created_by`, `modified_by`, `seat_number`, `seat_status`) VALUES ('2025-05-03 01:01:18', 3, 7, 630, '2025-05-03 01:01:18', NULL, NULL, 'STD-30', 'AVAILABLE');
INSERT INTO `seat_reservations` (`created_date`, `fare_class_id`, `flight_id`, `id`, `modified_date`, `created_by`, `modified_by`, `seat_number`, `seat_status`) VALUES ('2025-05-03 01:01:18', 3, 7, 631, '2025-05-03 01:01:18', NULL, NULL, 'STD-31', 'AVAILABLE');
INSERT INTO `seat_reservations` (`created_date`, `fare_class_id`, `flight_id`, `id`, `modified_date`, `created_by`, `modified_by`, `seat_number`, `seat_status`) VALUES ('2025-05-03 01:01:18', 3, 7, 632, '2025-05-03 01:01:18', NULL, NULL, 'STD-32', 'AVAILABLE');
INSERT INTO `seat_reservations` (`created_date`, `fare_class_id`, `flight_id`, `id`, `modified_date`, `created_by`, `modified_by`, `seat_number`, `seat_status`) VALUES ('2025-05-03 01:01:18', 3, 7, 633, '2025-05-03 01:01:18', NULL, NULL, 'STD-33', 'AVAILABLE');
INSERT INTO `seat_reservations` (`created_date`, `fare_class_id`, `flight_id`, `id`, `modified_date`, `created_by`, `modified_by`, `seat_number`, `seat_status`) VALUES ('2025-05-03 01:01:18', 3, 7, 634, '2025-05-03 01:01:18', NULL, NULL, 'STD-34', 'AVAILABLE');
INSERT INTO `seat_reservations` (`created_date`, `fare_class_id`, `flight_id`, `id`, `modified_date`, `created_by`, `modified_by`, `seat_number`, `seat_status`) VALUES ('2025-05-03 01:01:18', 3, 7, 635, '2025-05-03 01:01:18', NULL, NULL, 'STD-35', 'AVAILABLE');
INSERT INTO `seat_reservations` (`created_date`, `fare_class_id`, `flight_id`, `id`, `modified_date`, `created_by`, `modified_by`, `seat_number`, `seat_status`) VALUES ('2025-05-03 01:01:18', 3, 7, 636, '2025-05-03 01:01:18', NULL, NULL, 'STD-36', 'AVAILABLE');
INSERT INTO `seat_reservations` (`created_date`, `fare_class_id`, `flight_id`, `id`, `modified_date`, `created_by`, `modified_by`, `seat_number`, `seat_status`) VALUES ('2025-05-03 01:01:18', 3, 7, 637, '2025-05-03 01:01:18', NULL, NULL, 'STD-37', 'AVAILABLE');
INSERT INTO `seat_reservations` (`created_date`, `fare_class_id`, `flight_id`, `id`, `modified_date`, `created_by`, `modified_by`, `seat_number`, `seat_status`) VALUES ('2025-05-03 01:01:18', 3, 7, 638, '2025-05-03 01:01:18', NULL, NULL, 'STD-38', 'AVAILABLE');
INSERT INTO `seat_reservations` (`created_date`, `fare_class_id`, `flight_id`, `id`, `modified_date`, `created_by`, `modified_by`, `seat_number`, `seat_status`) VALUES ('2025-05-03 01:01:18', 3, 7, 639, '2025-05-03 01:01:18', NULL, NULL, 'STD-39', 'AVAILABLE');
INSERT INTO `seat_reservations` (`created_date`, `fare_class_id`, `flight_id`, `id`, `modified_date`, `created_by`, `modified_by`, `seat_number`, `seat_status`) VALUES ('2025-05-03 01:01:18', 3, 7, 640, '2025-05-03 01:01:18', NULL, NULL, 'STD-40', 'AVAILABLE');
INSERT INTO `seat_reservations` (`created_date`, `fare_class_id`, `flight_id`, `id`, `modified_date`, `created_by`, `modified_by`, `seat_number`, `seat_status`) VALUES ('2025-05-03 01:01:18', 3, 7, 641, '2025-05-03 01:01:18', NULL, NULL, 'STD-41', 'AVAILABLE');
INSERT INTO `seat_reservations` (`created_date`, `fare_class_id`, `flight_id`, `id`, `modified_date`, `created_by`, `modified_by`, `seat_number`, `seat_status`) VALUES ('2025-05-03 01:01:18', 3, 7, 642, '2025-05-03 01:01:18', NULL, NULL, 'STD-42', 'AVAILABLE');
INSERT INTO `seat_reservations` (`created_date`, `fare_class_id`, `flight_id`, `id`, `modified_date`, `created_by`, `modified_by`, `seat_number`, `seat_status`) VALUES ('2025-05-03 01:01:18', 3, 7, 643, '2025-05-03 01:01:18', NULL, NULL, 'STD-43', 'AVAILABLE');
INSERT INTO `seat_reservations` (`created_date`, `fare_class_id`, `flight_id`, `id`, `modified_date`, `created_by`, `modified_by`, `seat_number`, `seat_status`) VALUES ('2025-05-03 01:01:18', 3, 7, 644, '2025-05-03 01:01:18', NULL, NULL, 'STD-44', 'AVAILABLE');
INSERT INTO `seat_reservations` (`created_date`, `fare_class_id`, `flight_id`, `id`, `modified_date`, `created_by`, `modified_by`, `seat_number`, `seat_status`) VALUES ('2025-05-03 01:01:18', 3, 7, 645, '2025-05-03 01:01:18', NULL, NULL, 'STD-45', 'AVAILABLE');
INSERT INTO `seat_reservations` (`created_date`, `fare_class_id`, `flight_id`, `id`, `modified_date`, `created_by`, `modified_by`, `seat_number`, `seat_status`) VALUES ('2025-05-03 01:01:18', 3, 7, 646, '2025-05-03 01:01:18', NULL, NULL, 'STD-46', 'AVAILABLE');
INSERT INTO `seat_reservations` (`created_date`, `fare_class_id`, `flight_id`, `id`, `modified_date`, `created_by`, `modified_by`, `seat_number`, `seat_status`) VALUES ('2025-05-03 01:01:18', 3, 7, 647, '2025-05-03 01:01:18', NULL, NULL, 'STD-47', 'AVAILABLE');
INSERT INTO `seat_reservations` (`created_date`, `fare_class_id`, `flight_id`, `id`, `modified_date`, `created_by`, `modified_by`, `seat_number`, `seat_status`) VALUES ('2025-05-03 01:01:18', 3, 7, 648, '2025-05-03 01:01:18', NULL, NULL, 'STD-48', 'AVAILABLE');
INSERT INTO `seat_reservations` (`created_date`, `fare_class_id`, `flight_id`, `id`, `modified_date`, `created_by`, `modified_by`, `seat_number`, `seat_status`) VALUES ('2025-05-03 01:01:18', 3, 7, 649, '2025-05-03 01:01:18', NULL, NULL, 'STD-49', 'AVAILABLE');
INSERT INTO `seat_reservations` (`created_date`, `fare_class_id`, `flight_id`, `id`, `modified_date`, `created_by`, `modified_by`, `seat_number`, `seat_status`) VALUES ('2025-05-03 01:01:18', 3, 7, 650, '2025-05-03 01:01:18', NULL, NULL, 'STD-50', 'AVAILABLE');
INSERT INTO `seat_reservations` (`created_date`, `fare_class_id`, `flight_id`, `id`, `modified_date`, `created_by`, `modified_by`, `seat_number`, `seat_status`) VALUES ('2025-05-03 01:01:18', 1, 7, 651, '2025-05-14 19:52:12', NULL, NULL, 'PRM-1', 'RESERVED');
INSERT INTO `seat_reservations` (`created_date`, `fare_class_id`, `flight_id`, `id`, `modified_date`, `created_by`, `modified_by`, `seat_number`, `seat_status`) VALUES ('2025-05-03 01:01:18', 1, 7, 652, '2025-05-12 11:52:02', NULL, NULL, 'PRM-2', 'RESERVED');
INSERT INTO `seat_reservations` (`created_date`, `fare_class_id`, `flight_id`, `id`, `modified_date`, `created_by`, `modified_by`, `seat_number`, `seat_status`) VALUES ('2025-05-03 01:01:18', 1, 7, 653, '2025-05-03 01:01:18', NULL, NULL, 'PRM-3', 'AVAILABLE');
INSERT INTO `seat_reservations` (`created_date`, `fare_class_id`, `flight_id`, `id`, `modified_date`, `created_by`, `modified_by`, `seat_number`, `seat_status`) VALUES ('2025-05-03 01:01:18', 1, 7, 654, '2025-05-03 01:01:18', NULL, NULL, 'PRM-4', 'AVAILABLE');
INSERT INTO `seat_reservations` (`created_date`, `fare_class_id`, `flight_id`, `id`, `modified_date`, `created_by`, `modified_by`, `seat_number`, `seat_status`) VALUES ('2025-05-03 01:01:18', 1, 7, 655, '2025-05-03 01:01:18', NULL, NULL, 'PRM-5', 'AVAILABLE');
INSERT INTO `seat_reservations` (`created_date`, `fare_class_id`, `flight_id`, `id`, `modified_date`, `created_by`, `modified_by`, `seat_number`, `seat_status`) VALUES ('2025-05-03 01:01:18', 1, 7, 656, '2025-05-03 01:01:18', NULL, NULL, 'PRM-6', 'AVAILABLE');
INSERT INTO `seat_reservations` (`created_date`, `fare_class_id`, `flight_id`, `id`, `modified_date`, `created_by`, `modified_by`, `seat_number`, `seat_status`) VALUES ('2025-05-03 01:01:18', 1, 7, 657, '2025-05-03 01:01:18', NULL, NULL, 'PRM-7', 'AVAILABLE');
INSERT INTO `seat_reservations` (`created_date`, `fare_class_id`, `flight_id`, `id`, `modified_date`, `created_by`, `modified_by`, `seat_number`, `seat_status`) VALUES ('2025-05-03 01:01:18', 1, 7, 658, '2025-05-03 01:01:18', NULL, NULL, 'PRM-8', 'AVAILABLE');
INSERT INTO `seat_reservations` (`created_date`, `fare_class_id`, `flight_id`, `id`, `modified_date`, `created_by`, `modified_by`, `seat_number`, `seat_status`) VALUES ('2025-05-03 01:01:18', 1, 7, 659, '2025-05-03 01:01:18', NULL, NULL, 'PRM-9', 'AVAILABLE');
INSERT INTO `seat_reservations` (`created_date`, `fare_class_id`, `flight_id`, `id`, `modified_date`, `created_by`, `modified_by`, `seat_number`, `seat_status`) VALUES ('2025-05-03 01:01:18', 1, 7, 660, '2025-05-14 19:52:13', NULL, NULL, 'PRM-10', 'RESERVED');
INSERT INTO `seat_reservations` (`created_date`, `fare_class_id`, `flight_id`, `id`, `modified_date`, `created_by`, `modified_by`, `seat_number`, `seat_status`) VALUES ('2025-05-03 01:01:18', 1, 7, 661, '2025-05-12 11:52:03', NULL, NULL, 'PRM-11', 'RESERVED');
INSERT INTO `seat_reservations` (`created_date`, `fare_class_id`, `flight_id`, `id`, `modified_date`, `created_by`, `modified_by`, `seat_number`, `seat_status`) VALUES ('2025-05-03 01:01:18', 1, 7, 662, '2025-05-03 01:01:18', NULL, NULL, 'PRM-12', 'AVAILABLE');
INSERT INTO `seat_reservations` (`created_date`, `fare_class_id`, `flight_id`, `id`, `modified_date`, `created_by`, `modified_by`, `seat_number`, `seat_status`) VALUES ('2025-05-03 01:01:18', 1, 7, 663, '2025-05-03 01:01:18', NULL, NULL, 'PRM-13', 'AVAILABLE');
INSERT INTO `seat_reservations` (`created_date`, `fare_class_id`, `flight_id`, `id`, `modified_date`, `created_by`, `modified_by`, `seat_number`, `seat_status`) VALUES ('2025-05-03 01:01:18', 1, 7, 664, '2025-05-03 01:01:18', NULL, NULL, 'PRM-14', 'AVAILABLE');
INSERT INTO `seat_reservations` (`created_date`, `fare_class_id`, `flight_id`, `id`, `modified_date`, `created_by`, `modified_by`, `seat_number`, `seat_status`) VALUES ('2025-05-03 01:01:18', 1, 7, 665, '2025-05-03 01:01:18', NULL, NULL, 'PRM-15', 'AVAILABLE');
INSERT INTO `seat_reservations` (`created_date`, `fare_class_id`, `flight_id`, `id`, `modified_date`, `created_by`, `modified_by`, `seat_number`, `seat_status`) VALUES ('2025-05-03 01:01:18', 1, 7, 666, '2025-05-03 01:01:18', NULL, NULL, 'PRM-16', 'AVAILABLE');
INSERT INTO `seat_reservations` (`created_date`, `fare_class_id`, `flight_id`, `id`, `modified_date`, `created_by`, `modified_by`, `seat_number`, `seat_status`) VALUES ('2025-05-03 01:01:18', 1, 7, 667, '2025-05-03 01:01:18', NULL, NULL, 'PRM-17', 'AVAILABLE');
INSERT INTO `seat_reservations` (`created_date`, `fare_class_id`, `flight_id`, `id`, `modified_date`, `created_by`, `modified_by`, `seat_number`, `seat_status`) VALUES ('2025-05-03 01:01:18', 1, 7, 668, '2025-05-03 01:01:18', NULL, NULL, 'PRM-18', 'AVAILABLE');
INSERT INTO `seat_reservations` (`created_date`, `fare_class_id`, `flight_id`, `id`, `modified_date`, `created_by`, `modified_by`, `seat_number`, `seat_status`) VALUES ('2025-05-03 01:01:18', 1, 7, 669, '2025-05-03 01:01:18', NULL, NULL, 'PRM-19', 'AVAILABLE');
INSERT INTO `seat_reservations` (`created_date`, `fare_class_id`, `flight_id`, `id`, `modified_date`, `created_by`, `modified_by`, `seat_number`, `seat_status`) VALUES ('2025-05-03 01:01:18', 1, 7, 670, '2025-05-03 01:01:18', NULL, NULL, 'PRM-20', 'AVAILABLE');
INSERT INTO `seat_reservations` (`created_date`, `fare_class_id`, `flight_id`, `id`, `modified_date`, `created_by`, `modified_by`, `seat_number`, `seat_status`) VALUES ('2025-05-03 01:01:18', 1, 7, 671, '2025-05-03 01:01:18', NULL, NULL, 'PRM-21', 'AVAILABLE');

INSERT INTO `users` (`date_of_birth`, `email_verified`, `is_active`, `created_date`, `id`, `modified_date`, `role_id`, `phone`, `first_name`, `last_name`, `email`, `address`, `created_by`, `modified_by`, `password_hash`, `username`, `avatar_url`) VALUES ('1990-01-01', 0, 1, '2025-05-12 02:43:29', 1, '2025-05-12 02:43:29', 2, '0912345678', 'John', 'Doe', 'john.doe@example.com', NULL, NULL, NULL, '$2a$10$sucW/mBORNFjLkK/lj9OeuRXD8S/n72IQKqJYNTNF6OScfLnNshd.', 'johndoe123', NULL);
INSERT INTO `users` (`date_of_birth`, `email_verified`, `is_active`, `created_date`, `id`, `modified_date`, `role_id`, `phone`, `first_name`, `last_name`, `email`, `address`, `created_by`, `modified_by`, `password_hash`, `username`, `avatar_url`) VALUES ('1985-05-15', 0, 1, '2025-05-14 00:42:00', 2, '2025-05-14 00:42:00', 1, '0987654321', 'Jane', 'Smith', 'admin@example.com', NULL, NULL, NULL, '$2a$10$EsMFJlV5FBD/yNNh2epXled.ulZH/ZWjlXFsPr3MmGj0JgpdrMQ0u', 'admin01', NULL);

SET FOREIGN_KEY_CHECKS = 1;
